Source Language,Target Language,Input Text,Reference,Generated
Assamese,English,"এটা বাহ্যিক ৰূপ হৈছে সশস্ত্র বাহিনীৰ জোৱানগৰাকীৰ সৈতে জড়িত কেইবাটাও বৈশিষ্ট, যেনে তেওঁৰ জোতা, কাপোৰ, টাই, অলংকাৰ, কেশ-বিন্যাস, মেক-আপ, ঘড়ী, প্রসাধনী, সুগন্ধি, ইত্যাদি।","An appearance is a bunch of attributes related to the service person, like their shoes, clothes, tie, jewellery, hairstyle, make-up, watch, cosmetics, perfume, etc.","An external appearance is a number of features associated with a soldier, such as his helmet, uniform, tie, jewelry, hairstyle, makeup, watch, perfume, etc."
Assamese,English,মহাৰাষ্ট্রৰ ঔৰঙ্গাবাদ জিলাত অৱস্থিত অজন্তাত খ্রীষ্টপূর্ব প্রথম শতিকাৰ পৰা খ্রীষ্টাব্দ পঞ্চম শতিকাৰ ভাস্কর্য্য আৰু চিত্রৰে শোভিত ঊনত্রিশটা চৈত্য আৰু বিহাৰ গুহা আছে।,"Ajanta, located in the Aurangabad District of Maharashtra has twenty-nine caitya and vihara caves decorated with sculptures and paintings from the first century B.C.E. to the fifth century C.E.","Maharashtra's Ajanta Caves in Aurangabad district have 30 Buddhist chaitya and viharas, carved and painted between the 2nd century BCE and 5th century CE.
References."
Assamese,English,"দেহৰ ৰং বাহিৰত থকা ৰেখাডালৰ লগত মিলি যায়, যিয়ে ভলিউমৰ ইফেক্টটো সৃষ্টি কৰে।","Body colour gets merged with the outer line, creating the effect of volume.","The color of the skin is correlated with the outside of the contour line, which creates the effect of volume."
Assamese,English,অশোকে ভাস্কর্য্য আৰু বিশাল স্মাৰকসমূহৰ বাবে শিলৰ ব্যাপক প্রয়োগ আৰম্ভ কৰাৰ বিপৰীতে পূর্বৰ পৰম্পৰা আছিল কাঠ আৰু মাটিৰে কাম কৰা।,"Ashoka started making extensive use of stone for sculptures and great monuments, whereas the previous tradition consisted of working with wood and clay.","In contrast to the extensive use of stone for sculptures and large monuments by Ashoka and later, the earlier tradition was to work in wood and clay."
Assamese,English,"মচলাৰ সৈতে মিহলোৱা, বেচনৰ ঘোলৰ তৰপ দিয়া আৰু অত্যুত্তম অৱস্থালৈ তেলত ডুবাই ভজা আলুৱে মহাৰাষ্ট্ৰৰ এইবিধ সুস্বাদু তথা বিখ্যাত খাদ্য তৈয়াৰ কৰে।","Potatoes mixed in masalas, coated in besan batter and deep fried to perfection form this delicious and famous dish of Maharashtra.","Mix the mashed potatoes, add the beaten eggs, and fry in hot oil to a golden brown, and you have a delicious and famous dish from Maharashtra."
Assamese,English,"চেট্টিনাড ব্যঞ্জন তামিলনাডু ৰাজ্যৰ চেট্টিনাড অঞ্চলৰ নাট্টুকোটাই চেট্টিৰাছ নামৰ এটা সম্প্ৰদায় বা নাগাৰাঠাৰাছ, যেনেকৈ তেওঁলোকে নিজকে কয়, সেই সম্প্রদায়ৰ ব্যঞ্জন।","Chettinad cuisine is the cuisine of a community called the Nattukotai Chettiars, or Nagarathars, as they call themselves, from the Chettinad region of Tamil Nadu state.","Chettinad Brahmin Tamil Nadu state in India Chettinad is a caste or nagarathar, as they call themselves, of the Chettinad community."
Assamese,English,ডালচেনি ভাৰতৰ থলুৱা আৰু সেইবাবেই এবিধ সোৱাদবর্ধক বস্তুৰ পৰা আদি কৰি এবিধ ঔষধি দ্রব্যলৈকে ইয়াক ব্যৱহাৰ কৰা হয়।,"Cinnamon is native to India and, as such, its uses range from that of a flavoring agent to a medicinal agent.","Dhansak
Dhansak is a type of curry that originated in India. It is usually prepared with mutton or chicken, and is flavoured with a mixture of spices, including cardamom, cinnamon, cloves, cumin, ginger, and turmeric. Dhansak is traditionally served with rice and is considered to be a comfort food in India. It is also a popular dish in the United Kingdom, where it is often served with boiled potatoes and a tomato sauce. Dhansak is a dish that is enjoyed by people of all ages and is a staple in many Indian households."
Assamese,English,এইখিনি এটা শুকানে গুড়ি কৰা সজুঁলি বা এটা শিলৰ খুন্দনাত গুড়ি কৰি লওক।,Make this into powder with a dry grinder or in a stone pestle.,This is a dried up cake or a stone's chipping into a powder.
Assamese,English,"পঞ্জাৱৰ প্রত্যেকখন চহৰৰে বেলেগ বেলেগ পচন্দ আছে, যেনে অমৃতসৰত থকা লোকসকল অমৃতসৰী কুল্ছে, গাভাৰ দিয়া পৰঠা আৰু গাখীৰৰ বস্তুবোৰৰ প্রতি বিশেষভাৱে আসক্ত।","Each city in Punjab has varied preferences, like people in Amritsar are particularly fond of Amritsari kulche, stuffed paranthas and milk products.","Each city in Punjab has its own preferences, such as the people of Amritsar who prefer Amritsari kulcha, ghabra paratha, and ghee items."
Assamese,English,"ৰামক ঋষিগৰাকীৰ সৈতে পঠিয়াই দিয়া, আৰু লক্ষ্মণকো পঠিয়াবা।","Send Rama with the sage, and send Lakshmana too.",Ramakrishna with Lakshmana
Assamese,English,কিন্তু মঙ্গল পাণ্ডেৰ সাহসী কার্য্যকলাপ এক উচ্চ তথা মহান আদর্শৰ প্রতি থকা গভীৰ অনুৰাগৰ জৰিয়তে সম্পন্ন কৰা হৈছিল।,But Mangal Pandey's brave deed was done through devotion to a high and noble principle.,But the courageous action of Mangal Pandey was accomplished by a deep love for a high and noble principle.
Assamese,English,"এবাৰ যেতিয়া পিঁয়াজখিনি ঈষৎ স্বচ্ছ হৈ পৰে, মেৰিনেট কৰি ৰখা ছাগলীৰ মাংসখিনি হালধি গুড়িৰ সৈতে তাত দি দিয়ক আৰু প্রায় ৫-৬ মিনিটলৈ যেতিয়ালৈকে ছাগলীৰ মাংসখিনিত সকলোখিনি মচলা মিহলি হৈ নাযায় তেতিয়ালৈকে কিছু সময় ভাজক।","Once the onions are translucent, add the marinated mutton with turmeric powder and saute for some time until all the spices are absorbed in the mutton for about 5-6 minutes.","When the onion is slightly browned, add the marinade and the minced lamb, and cook for about 5-6 minutes until the lamb mince is no longer pink."
Assamese,English,"হিতোপদেশ এখন চৰাই-চিৰিকতি, জন্তু আৰু মানুহৰ চৰিত্রৰ জৰিয়তে উপস্থাপন কৰা পাৰ্থিৱ প্ৰজ্ঞাৰ কিতাপ।","Hitopadesa is a book of worldly wisdom presented through the characters of birds, animals, and humans.","The Book of Proverbs is a collection of 31 chapters in Hebrew that are part of the Ketuvim (Writings) section of the Tanakh (Hebrew Bible) and the Old Testament of the Christian Bible. The book is attributed to King Solomon, who is also the subject of many of the proverbs. The book is a collection of 31 chapters in Hebrew that are part of the Ketuvim (Writings) section of the Tanakh (Hebrew Bible) and the Old Testament of the Christian Bible. The book is attributed to King Solomon, who is also the subject of many of the proverbs"
Assamese,English,গ্রন্থখনৰ উদ্দেশ্য সংস্কৃত কথাৰ দক্ষতা আৰু বিবেচনাপূর্ণ ব্যৱহাৰৰ জ্ঞানক উৎসাহিত কৰা যেন অনুমান হয়।,The purpose of the book appears to encourage proficiency in Sanskrit expression and the knowledge of wise behaviour.,The purpose of the book is to encourage an appreciation of Sanskrit as a language of skill and thought.
Assamese,English,প্রাধ্যাপক আশিতকুমাৰ বন্দোপাধ্যায়ে তেওঁৰ গৃহনগৰী হাওৰাৰ সম্পূর্ণ ইতিহাসৰ ১৯৯৪ আৰু ১৯৯৫ত হাওৰা চহৰেৰ ইতিবৃত (প্রথম আৰু দ্বিতীয় খণ্ড) শীর্ষক সংকলনৰ ক্ষেত্রত এক বাটকটীয়াৰ ভূমিকা পালন কৰিছিল।,Professor Asitkumar Bandyopadhyay played a pioneering role in compiling the complete history of his hometown Howrah titled as Howrah Saharer Itibrrito (First and Second Volume) in 1994 & 1995.,"Professor Ashitkumar Bandopadhyay wrote a chapter on the complete history of his native city of Huar in 1994 and 1995 in the collection titled 'History of Huar City' (Volume I and II).
References.
None"
Assamese,English,"চৈত্য হলটোৰ আগফাল এখন অর্ধ-বৃত্তাকাৰ চৈত্য খিলানৰ আকৃতিয়ে আৱৰি আছে য'ত আগফাল মুকলি আৰু সন্মুখভাগ কাঠৰ, আৰু কিছু কিছু ক্ষেত্রত কোনো ধৰণৰ আৱৰি থকা চৈত্য খিলানৰ খিৰিকী নাই।","The front of the caitya hall is dominated by the motif of a semi-circular caitya arch with an open front that has a wooden facade and, in some cases, there is no dominating caitya arch window.","The entrance to the Chaitya hall is now partially covered by a semi-circular Chaitya arch, in which the front is open and the front is of wood, and in some places there is no kind of Chaitya arch."
Assamese,English,কেইবাটাও প্রজন্মৰ 'মহাৰাজ' আৰু 'খানচামাসকল'-এ (ভাৰতত ওজা ৰান্ধনীসকলক সাধাৰণতে যি বুলি কোৱা হয়) শতিকা শতিকা ধৰি ৰন্ধন প্রকৰণসমূহ নিখুঁত কৰি তুলিছে আৰু এই ৰন্ধন প্রকৰণসমূহ হেজাৰ হেজাৰ বছৰ ধৰি মুখে মুখে বাগৰি আহিছে।,Generations of 'maharaj' and 'khansamas' (as expert chefs have traditionally been called in India) have perfected the recipes over centuries and these recipes have passed through oral tradition over thousands of years.,"Some Generations of 'Maharajas' and 'Khans'-(In India, what is usually called 'Oza' cooking) has perfected the cooking methods for centuries and these cooking methods have been passed down through the mouth for thousands of years."
Assamese,English,"প্রস্তুতিটো সাধাৰণতে এটা ৱাজা বা ৰান্ধনীৰ দলৰ সহযোগৰ সৈতে এগৰাকী ভাস্তা ৱাজা, বা প্রধান ৰান্ধনীৰ দ্বাৰা কৰা হয়।","The preparation is traditionally done by a vasta waza, or head chef, with the assistance of a court of wazas, or chefs.","The preparation is usually done by a head chef, or a chef with the help of a brigade of cooks or chefs."
Assamese,English,"পাৱ ভাজি: এইবিধ মহাৰাষ্ট্রৰ এবিধ ফাষ্ট-ফুড ব্যঞ্জন, সাধাৰণতে মাখনত প্রস্তুত কৰা পাচলিৰ এবিধ গাঢ় আঞ্জা (ভাজি) থকা আৰু এটা কোমল পাওৰুটীৰ ৰোলৰ (পাৱ) সৈতে পৰিৱেশন কৰা।","Pav Bhaji: It is a fast food dish from Maharashtra, consisting of a thick vegetable curry (bhaji) usually prepared in butter and served with a soft bread roll (pav).","Pav Bhaji: This is a Maharashtrian fast food dish, typically made with a thick gravy (bhaji) of mashed vegetables and served with a soft roll (pav)."
Assamese,English,"লাল ড্যেড আৰু হাব্বা খাটুনৰ কাশ্মীৰী ৰচনাবোৰ সেইবোৰৰ ৰহস্যবাদ সম্পৰ্কীয় আভাস আৰু প্রকাশভংগিৰ তীব্র পীড়াৰ বাবে জনা যায়, মীৰাবাইৰ ৰাজস্থানীৰ ৰচনাসমূহ বিৰল ভক্তিমূলক বৈশিষ্টৰ বাবে জনা যায়, আন্দালৰ তামিলৰ ৰহস্যবাদ আৰু আক্কা মহাদেৱীৰ কানাড়াৰ বচনসমূহ সেই সময়ৰ সাহিত্যৰ প্রতি থকা মহিলাসকলৰ মহান বৰঙনিৰ প্রমাণ।","The Kashmiri compositions of Lal Ded and Habba Khatoon are known for their mystical flavour and intense agony of expression, Mirabai's compositions in Rajasthani is known for unique devotional quality, Andal's mysticism in Tamil and Akka Mahadevi's vachanas in Kannnada are testimonies to the great contribution of women to the literature of the time.","Lal Ded and Habba Khatoon's Kashmiri writings are known for their intense longing for the mysteries and manifestations of their works, Mirabai's Rajasthani writings are known for their rare devotional features, Andal's Tamil writings are known for their mystery and Akka Mahadevi's Kannada writings are known for their evidence of the great wealth of women towards literature of that time."
Assamese,English,বৌদ্ধধর্মী দেৱাল-চিত্রসমূহ থকা বাঘ গুহাকেইটা মধ্য প্রদেশৰ ধাৰ জিলাৰ পৰা ৯৭ কি.মি. দূৰত্বত অৱস্থিত।,"The Bagh Caves, consisting of Buddhist mural paintings, are located 97 km from the Dhar district of Madhya Pradesh.","Buddhist cave temple with wall paintings of tigers in Madhya Pradesh, India"
Assamese,English,"সংস্কৃত সাহিত্যত মূল শব্দটোৰ সাধাৰণ অর্থটো হৈছে এজোপা উদ্ভিদ বা গছৰ শিপা, কিন্তু আলংকাৰিকভাৱে হৈছে কিবা এটাৰ একেবাৰে তলৰ অংশটো।","The usual meaning of the word mula in Sanskrit literature is the root of a plant or tree, but figuratively, the foot or lowest part or bottom of anything.","In Sanskrit literature, the word is used in a general sense to mean a piece of plant or tree, but in an ornamental sense, it means the lowest part of something."
Assamese,English,সিন্ধু উপত্যকা সভ্যতাক বিভিন্ন ক্ষেত্রত থকা ইয়াৰ প্রযুক্তিগত জ্ঞানৰ কাৰণে জনা যায়।,Indus Valley Civilisation is known for its technological knowledge in a variety of fields.,The Indus Valley Civilization is known for its technological achievements in various fields.
Assamese,English,আটাইকেইগৰাকী কৌৰৱৰে মৃত্যু হয়; কেৱল পাঁচগৰাকী পাণ্ডৱ ভাতৃ আৰু কৃষ্ণহে বাচি থাকে।,All the Kauravas die; only the five Pandava brothers and Krishna survive.,Death of Kauravas; only five Pandava brothers and Krishna survive.
Assamese,English,যুদ্ধখন ওঠৰ দিনলৈ হিংসাত্মকভাৱে চলে আৰু কৌৰৱসকলৰ পৰাজয়ৰ সৈতে অন্ত পৰে।,The battle rages for eighteen days and ends with the defeat of the Kauravas.,War is won and the day is won and the day is won and the day is won and the day is won and the day is won and the day is won and the day is won and the day is won and the day is won and the day is won and the day is won and the day is won and the day is won and the day is won and the day is won and the day is won and the day is won and the day is won and the day is won and the day is won and the day is won and the day is won and the day is won and the day is won and the day is won
Assamese,English,"মহাভাৰতৰ মূল কাহিনীটো হ'ল হস্তিনাপুৰৰ সিংহাসনৰ উত্তৰাধিকাৰক লৈ হোৱা এক সংঘাট, আধুনিক দিল্লীৰ উত্তৰতে থকা এখন ৰাজ্য যিখন সাধাৰণতে ভাৰত হিচাপে জনাজাত এটা জনজাতিৰ পূর্বপুৰুষৰ ৰাজ্য আছিল।","The central story of the Mahabharata is a conflict over succession to the throne of Hastinapura, a kingdom just north of modern Delhi that was the ancestral realm of a tribe most commonly known as the Bharatas.","The main story of the Mahabharata is a conflict over the succession to the throne of Hastinapura, an ancient kingdom in what is now modern-day Delhi, the capital of India."
Assamese,English,কর্ণাটকত নিৰামিষভোজীৰ সংখ্যাই আমিষৰ সংখ্যাক চেৰ পেলায়; গতিকে তেওঁলোকৰ ৰন্ধন প্রকৰণসমূহত প্রধানতঃ নিৰামিষ ব্যঞ্জনসমূহ থাকে।,"The number of vegetarians exceeds the number of non-vegetarians in Karnataka; therefore, their cuisine mainly consists of vegetarian dishes.","Karnataka is a predominantly vegetarian state; hence, their cuisine mainly consists of vegetarian condiments."
Assamese,English,"তেওঁক সঞ্জয়ৰ দ্বাৰা উত্তৰ দিয়া হৈছে, যিগৰাকীয়ে যুদ্ধক্ষেত্রত কি ঘটি আছে সেয়া ব্যক্ত কৰে।","He is answered by Sanjaya, who relates what is happening on the battlefield.",She has been told by Sanjay that what is happening in the battlefield.
Assamese,English,তামিলত পোৱা মহাকাব্য দুখন হ'ল শীলাপাঠীকাৰম আৰু মাণিমেকালাই।,The two epics found in Tamil are Cilapathikaram and Manimekalai.,Two Tamil epics are Silapathikaram and Manimekalai.
Assamese,English,এই অঞ্চলত জলকীয়াৰ গুড়িৰ ব্যৱহাৰ সাৱধানেৰে কৰা হয়।,The use of chilli powder in this region is done cautiously.,This area uses the use of mustard oil with caution.
Assamese,English,যোগ শব্দটো সংস্কৃত মূল য়ুজৰ পৰা আহিছে যাৰ অর্থ জোৰা লগোৱা বা যুৱলি বান্ধা বা একত্রিত কৰা।,"The word Yoga is derived from the Sanskrit root Yuj, meaning to join or to yoke or to unite.","The word ""yoga"" comes from the Sanskrit root yuj, which means to join or unite or attach."
Assamese,English,বর্তমানৰ ওড়িশি ওড়িশাৰ মন্দিৰৰ দেৱালবোৰত খোদিত বিভিন্ন ধৰণৰ নিৰৱচ্ছিন্ন ভাস্কর্য্যসমূহৰ পৰা উৎপন্ন হৈছে।,Today's Odissi has evolved from the endless sculptures in various motifs carved on the temple walls of Orissa.,The present Odisha Odisha's temple is derived from various continuous sculptures carved on the walls of the Odisha temple.
Assamese,English,"বশিষ্ঠই তেতিয়া ৰজাজনৰ পিনে ঘূৰিছিল আৰু নম্রভাৱে কৈছিল: ""এবাৰ প্রতিজ্ঞা কৰাৰ পিছত পিছত প্রত্যাখ্যান কৰা, এইটো আপোনাৰ ক্ষেত্রত অশোভনীয়, মহাৰাজ, ।","Vasishtha now turned to the King and spoke gently: ""It ill becomes you, King, to refuse having promised once"".","But Vasistha went back to the king's feet and humbly said: ""It is shameful, O great king, after promising, to refuse, after refusing, to accept."
Assamese,English,যেতিয়া তেওঁ অর্জুনৰ নৈৰাশ্যৰ পৰিসৰটো বুজি পায় তেতিয়াহে কৃষ্ণই তেওঁৰ ভাব-ভংগি সলনি কৰে আৰু এই জগতখনৰ ধার্মিক কার্য্যৰ ৰহস্যসমূহ শিকাবলৈ আৰম্ভ কৰে।,Only when he realizes the extent of Arjuna's despondency does Krishna change his attitude and start teaching the mysteries of dharmic action in this world.,"When he sees Arjun's despair, Krishna changes his attitude and begins to teach the mysteries of the righteous deeds of this world."
Assamese,English,"যেতিয়া আপুনি পাত্রটোত চাউলৰ গুড়ি ভৰায়, মাজে মাজে আপুনি অলপ অলপ ৰুকি থোৱা নাৰিকল যোগ কৰিব পাৰে।","As you add the rice flour into the container, in between, you may also add small quantities of grated coconut.","When you put the rice into the pot, you can add a little bit of sticky rice occasionally."
Assamese,English,"আপুনি চুঙাকৃতিৰ পাত্রটোত এচামুচ ৰুকি থোৱা নাৰিকল দি আৰম্ভণি কৰিব পাৰে, আৰু তাৰ পিছত ভালদৰে মিহলোৱা চাউলৰ গুড়িখিনি।","You may begin by adding a spoonful of grated coconut into the cylindrical container, followed by the well-mixed rice flour.","You can start with an aseptic container of ripe mangoes, and then mix in well-cooked rice flour."
Assamese,English,মহাৰাজ ৰঞ্জিত সিঙৰ সক্ষমতাত নান্দেদত ১৮৩৫ চনৰ আশে-পাশে মেৰপেঁচৰ সৈতে খোদাই কৰা এটা মনোৰম সোণালী গম্বুজৰ সৈতে এটা সুন্দৰ আৰু অবিশ্বাস্য গুৰুদ্বাৰৰ নিৰ্মাণ দেখা পোৱা গৈছিল৷,Maharaja Ranjit Singh's endowment saw the construction of a beautiful and breathtaking Gurudwara featuring an imposing golden dome with intricate carving at Nanded around 1835 A.D.,Maharaja Ranjit Singh's ability to carve a beautiful golden dome with a beautiful and unbelievable gurdwara in Nanded around 1835 was seen.
Assamese,English,সামবেদ হৈছে প্ৰস্তাৱিত ছন্দ অথবা লয়যুক্ত ছন্দত ৰাখি স্বৰত স্থাপন কৰা এই নিৰ্বাচিত ঋচাসমূহৰ সংকলন৷,Samaveda is the compilation of these selected Ruchas set to Svaras keeping their proposed Chanda or rhythmic meters.,"Sambad is a collection of selected rasa, with a proposed metre or in a metred metre, placed with a swara."
Assamese,English,ৰাজধানী কোশালাৰ বিষয়ে বাল্মীকিৰ বৰ্ণনাৰ পৰা এইটো স্পষ্ট হয় যে পুৰণি অযোধ্যা আমাৰ আধুনিক চহৰবোৰতকৈ কোনোগুণে কম নাছিল৷,"From Valmiki's description of the capital of Kosala, it is clear that ancient Ayodhya was not inferior to our modern cities.",It is clear from this description of the capital Kosala by Valmiki that the old Ayodhya was not in any way inferior to our modern cities.
Assamese,English,"এবাৰ ""মই কৰিম"" বুলি কোৱাৰ পাছত কামটো কৰাৰ বাহিৰে তোমাৰ হাতত বিকল্প নাথাকে৷","Having once said, 'I will do', you have no option but to do it.","After calling it ""I will do it"" and leaving the job, there are no other options for you."
Assamese,English,শেহতীয়াকৈ টকাৰ বিনিময়ৰ হাৰ আৰু আমাৰ বৈদেশিক মুদ্ৰাৰ আৰক্ষিত ভাণ্ডাৰৰ পৰ্য্যাপ্ততাৰ ক্ষেত্রত ভিন্নমূখী দৃষ্টিভংগী দেখা গৈছে।,"In recent days, there have been divergent views on the exchange rate of the rupee and the adequacy of our forex reserves.",Recent developments in the exchange rate of the dollar and the adequacy of our foreign currency reserves in terms of different perspectives.
Assamese,English,"বেংকবোৰে এটা ক্রেডিট কার্ড একাউণ্ট সময়মতে পৰিশোধ নকৰা বুলি ক্রেডিট তথ্যৰ কোম্পানীবোৰক (চি.আই.চি. সমূহ) জনাব লাগে বা জৰিমনা আৰোপ কৰিব লাগে, অর্থাৎ পলমকৈ পৰিশোধ জৰিমনা, ইত্যাদি, যদি কিবা আছে, কেৱল তেতিয়াহে যেতিয়া এটা ক্রেডিট কার্ডৰ একাউণ্ট তিনি দিনতকৈ অধিক সময়ৰ বাবে সময়ত পৰিশোধ নকৰা হৈ থাকে।","Banks shall report a credit card account as past due to credit information companies (CICs) or levy penal charges, viz. late payment charges, etc., if any, only when a credit card account remains past due for more than three days.","Credit card companies (CICs) must notify credit reporting companies or impose a penalty, such as late payment fees, if there is any, only when a credit card account is overdue for three days or more."
Assamese,English,দেশসমূহে তেওঁলোকৰ আর্থিক দিশবোৰ উন্নীত কৰিবলৈ আভ্যন্তৰিক প্রত্যক্ষ বিনিয়োগক উৎসাহিত কৰিব পাৰে।,Countries may encourage inward direct investment to improve their finances.,Countries can encourage domestic direct investment to improve their economic direction.
Assamese,English,"কিন্তু, পেকেজটোৰ ত্বৰিত ৰূপায়নৰ বাবে এক উদগনি হিচাপে, যদি অনুমোদিত পেকেজটো বেংকে আৱেদনখন লাভ কৰাৰ তাৰিখটোৰ পৰা ৯০ দিনৰ ভিতৰত বেংকৰ দ্বাৰা ৰূপায়ন কৰা হয়, সম্পত্তিৰ শ্রেণীকৰণৰ স্থিতিটো হয়তো সেইটো স্থানলৈ পুণৰ ঘূৰাই অনা হ'ব পাৰে যিটো বেংকে পুনৰ্বিন্যাস কৰাৰ আৱেদনখন লাভ কৰাৰ সময়ত আছিল।","However, as an incentive for quick implementation of the package, if the approved package is implemented by the bank within 90 days from the date of receipt of the application by the bank, the asset classification status may be restored to the position which existed when the restructuring application was received by the bank.","But, if a package that has been approved for conversion into a package is converted by the bank within 90 days of the date of approval of the application to the bank, the property classification may be reclassified to the place where the application for reclassification was approved by the bank."
Assamese,English,"ব্যক্তিগত পুঁজিৰ পুঞ্জীভৱনৰ ক্ৰিয়াশীল শক্তিসমূহৰ ফলত আগতকৈ কমসংখ্যকৰ হাতত সা-সম্পত্তি ঘনীভূত হয় নেকি, নে বৃদ্ধি, প্রতিযোগিতা আৰু প্রযুক্তিগত অগ্ৰগতিৰ সুস্থিৰ কৰা শক্তিবোৰে অসমতাক হ্ৰাস কৰে?","Do the dynamics of private capital accumulation inevitably lead to the concentration of wealth in fewer hands, or do the balancing forces of growth, competition, and technological progress reduce inequality?","Personal savings accumulation and the active forces behind it lead to greater or lesser extent, the concentration of assets in fewer hands, or to growth, competition and technological advancement which stabilises these forces and reduces inequality?"
Assamese,English,ই মাত্ৰাধিক অস্থিৰতাক নিয়ন্ত্রিত কৰিবলৈ আৰু প্রত্যাশাসমূহৰ আঁত ধৰিবলৈ বজাৰত হস্তক্ষেপ কৰে।,It intervenes in the market to curb excessive volatility and anchor expectations.,He intervenes in the market to regulate excessive volatility and manage expectations.
Assamese,English,বছৰৰ দ্বিতীয় তিনিমাহৰ উচ্চ-ফ্রিকুৱেঞ্চি তথ্যই সূচায় যে আর্থনৈতিক সক্রিয়তা পূৰ্বাৱস্থালৈ গৈ আছে।,High-frequency data for Q2 indicates that economic activity remains resilient.,"Year-over-year, high-frequency data show that economic activity is back to pre-pandemic levels."
Assamese,English,মেক্ৰোইকনমিকছত বিষয়টো হৈছে সাধাৰণতে এখন দেশ আৰু কেনেদৰে অৰ্থনীতিবিদসকলে সর্বমুঠ চলক বুলি কোৱা ডাঙৰ পৰিঘটনাসমূহৰ সৃষ্টি কৰিবলৈ সকলোবোৰ বজাৰে পাৰস্পৰিক ক্রিয়া-প্রতিক্রিয়াত লিপ্ত হয়।,"In macroeconomics, the subject is typically a nation and how all markets interact to generate big phenomena that economists call aggregate variables.","Microeconomics is the branch of economics that studies the behavior of individuals and firms in making decisions regarding the allocation of scarce resources. Topics include consumer behavior, the labor market, and the market structure of various markets. Microeconomics focuses on the decision-making process of individuals and firms, which is contrasted with macroeconomics, which focuses on the study of the national economy as a whole."
Assamese,English,নগদযোগ্যতাই সেই পৰিসৰটোক বুজায় যিটোলেকে হ্ৰস্বকালীন জাননীত প্রায় সম্পূর্ণ বজাৰ মূল্যত বিত্তীয় সম্পত্তিসমূহ বিক্রী কৰিব পৰা যায়।,Liquidity refers to the extent to which financial assets can be sold at close to full market value at short notice.,Liquidation is the period of time in which a company is able to sell its assets for a fair market value in order to pay off its liabilities.
Assamese,English,"বহল ভিত্তিত ক'বলৈ হ'লে, আয় চিনাক্তকৰণৰ নীতিটো কোনো ব্যক্তিনিষ্ঠ সিদ্ধান্তৰ ওপৰত ভিত্তি কৰা হোৱাৰ সলনি বস্তুনিষ্ঠ আৰু পুনৰুদ্ধাৰৰ প্রদর্শনৰ তথ্যৰ ওপৰত ভিত্তি কৰা হ'ব লাগে।","Broadly, the policy of income recognition should be objective and based on the record of recovery, rather than on any subjective considerations.","To calculate income attribution, the income attribution policy must be based on objective and verifiable information about the presentation of facts, rather than on any individual decision."
Hindi,English,"सेवा संबंधी लोगों के लिए भेष कई गुणों का संयोजन है, जैसे कि उनके जूते, कपड़े, टाई, आभूषण, केश शैली, मेक-अप, घड़ी, कॉस्मेटिक, इत्र, आदि।","An appearance is a bunch of attributes related to the service person, like their shoes, clothes, tie, jewellery, hairstyle, make-up, watch, cosmetics, perfume, etc.","Service uniform is a combination of many features, such as their shoes, clothing, tie, jewelry, hair style, make-up, watch, cosmetics, perfume, etc."
Hindi,English,महाराष्ट्र के औरंगाबाद जिले में स्थित अजंता में उन्तीस चैत्य और विहार गुफाएँ हैं जो पहली शताब्दी ई.पू. से ले कर पाँचवीं शताब्दी ईस्वी तक की मूर्तियों तथा चित्रकारियों से सुसज्जित हैं।,"Ajanta, located in the Aurangabad District of Maharashtra has twenty-nine caitya and vihara caves decorated with sculptures and paintings from the first century B.C.E. to the fifth century C.E.","Maharashtra's Aurangabad district is home to 30 caves at Ajanta, which are adorned with sculptures and paintings dating from the first century BC to the fifth century CE."
Hindi,English,"विस्तार का असर बनाते हुए, शरीर का रंग बाहरी रेखा में घुल-मिल जाता है।","Body colour gets merged with the outer line, creating the effect of volume.","Expanding the effect, the body color blends into the outer contour."
Hindi,English,"अशोक ने व्यापक रूप से मूर्तियों और शानदार स्मारकों को बनाने के लिए पत्थर का प्रयोग करना शुरू किया, जबकि उससे पहले पारंपरिक रूप से लकड़ी और मिट्टी का प्रयोग किया जाता है।","Ashoka started making extensive use of stone for sculptures and great monuments, whereas the previous tradition consisted of working with wood and clay.","Ashoka began to use stone widely for the construction of statues and magnificent monuments, while previously it was used to use wood and mud traditionally."
Hindi,English,"महाराष्ट्र के इस स्वादिष्ट और प्रसिद्ध व्यंजन में आलुओं में मसाले को मिलाकर, बेसन के घोल की परत लगाकर, उसे अच्छी तरह से तल कर बनाया जाता है।","Potatoes mixed in masalas, coated in besan batter and deep fried to perfection form this delicious and famous dish of Maharashtra.","Marathi cuisine is known for its rich and diverse range of dishes. One such dish is the ""Kanda Poha,"" a delicious and popular dish from Maharashtra. To prepare this dish, spices are mixed into the potatoes, a layer of besan batter is applied, and it is fried until crispy.
References:
<templatestyles src=""Reflist/styles.css"" />"
Hindi,English,चेट्टिनाड भोजन तमिल नाडु के चेट्टिनाड क्षेत्र के नाट्टूकोटाई चेट्टियार नामक समुदाय या खुद को नागारथार कहने वालों का भोजन है।,"Chettinad cuisine is the cuisine of a community called the Nattukotai Chettiars, or Nagarathars, as they call themselves, from the Chettinad region of Tamil Nadu state.","Chettinad cuisine
Chettinad cuisine is a style of Tamil Nadu cuisine that is native to the Chettinad region. It is characterised by its use of spices, including black pepper, fennel, star anise, cinnamon, cloves, nutmeg, bay leaves, cardamom, dried chilli, coriander, cumin and turmeric. The cuisine is known for its spicy and hot flavours, with dishes that use a variety of spices and herbs. Chettinad cuisine is also known for its use of tamarind and coconut, which are used in many dishes to add sour"
Hindi,English,दालचीनी मूल रूप से भारत की है और इस रूप में इसका प्रयोग स्वादिष्टकारक से लेकर औषधीय कारक के रूप में किया जाता है।,"Cinnamon is native to India and, as such, its uses range from that of a flavoring agent to a medicinal agent.",Cardamom is native to India and is used in that form for both culinary and medicinal purposes.
Hindi,English,सूखे ग्राइंडर में या फिर पत्थर के मूसल में इसका चूर्ण बना लें।,Make this into powder with a dry grinder or in a stone pestle.,Dry grind it in a mill or pulverize it in a mortar.
Hindi,English,"पंजाब के हर शहर की अपनी पसंद है, जैसे कि अमृतसर के लोग विशेष रूप से अमृतसरी कुलचे, भरवां पराठें और दूध के उत्पाद पसंद करते हैं।","Each city in Punjab has varied preferences, like people in Amritsar are particularly fond of Amritsari kulche, stuffed paranthas and milk products.","Punjabi people have a preference for each city in Punjab, such as Amritsari kulchas, stuffed parathas, and dairy products being favourites of the people of Amritsar."
Hindi,English,"राम को ऋषि के साथ भेज दो, और लक्ष्मण को भी भेज दो।","Send Rama with the sage, and send Lakshmana too.","Send Rama with the sage, and send Lakshmana too."
Hindi,English,परंतु मंगल पांडे ने यह साहसिक कारनामा एक ऊँचे और श्रेष्ठ सिद्धांत के प्रति समर्पण के लिए किया।,But Mangal Pandey's brave deed was done through devotion to a high and noble principle.,But Pandey did this daring deed in pursuit of a lofty and noble principle.
Hindi,English,प्याज जब पारभासी हो जाए तो उसमें मसालों के मिश्रण में कुछ समय से रखे गए मांस और पिसी हल्दी डाल कर 5-6 मिनट तक हल्का-सा तलते रहें जब तक कि मांस सभी मसालों को सोख न ले।,"Once the onions are translucent, add the marinated mutton with turmeric powder and saute for some time until all the spices are absorbed in the mutton for about 5-6 minutes.","When the onion is translucent, add the meat and spices that have been kept for some time in the mixture of spices and grated turmeric and fry for 5-6 minutes until the meat absorbs all the spices lightly."
Hindi,English,"हितोपदेश एक पुस्तक है जिसमें सांसारिक ज्ञान पक्षियों, पशुओं, और मनुष्यों के चरित्रों के माध्यम से प्रस्तुत किया गया है।","Hitopadesa is a book of worldly wisdom presented through the characters of birds, animals, and humans.","Hitopadesha is a book which presents worldly wisdom through the characters of birds, animals, and humans."
Hindi,English,ऐसा प्रतीत होता है कि पुस्तक का उद्देश्य संस्कृत अभिव्यक्ति में प्रवीणता और विवेकपूर्ण व्यवहार के ज्ञान को प्रोत्साहित करना है।,The purpose of the book appears to encourage proficiency in Sanskrit expression and the knowledge of wise behaviour.,It seems that the purpose of the book is to encourage proficiency and knowledge of judicious conduct in Sanskrit expression.
Hindi,English,"प्रोफेसर असितकुमार बन्दोपाध्याय ने 1994 और 1995 में अपने गृह-नगर, हावड़ा के संपूर्ण इतिहास को हावड़ा शहरेर इतिवृत्त (पहला और दूसरा खंड) नाम से संकलित करने में महत्वपूर्ण भूमिका निभाई है।",Professor Asitkumar Bandyopadhyay played a pioneering role in compiling the complete history of his hometown Howrah titled as Howrah Saharer Itibrrito (First and Second Volume) in 1994 & 1995.,"Professor Asitkumar Bandopadhyay has played a significant role in compiling the complete history of his hometown, Howrah, in two volumes, titled ""Howrah Cityer Itivritt"" (First and Second Part) in 1994 and 1995."
Hindi,English,चैत्य के सभागृह में सामने की ओर अर्ध-वृत्ताकार चैत्य चाप रूपांकित है जिसका सामने का हिस्सा खुला है जहां पर लकड़ी का भवनमुख है और किसी-किसी में मुख्य चैत्य चाप वाली खिड़की नहीं है।,"The front of the caitya hall is dominated by the motif of a semi-circular caitya arch with an open front that has a wooden facade and, in some cases, there is no dominating caitya arch window.","The front of the Assembly Hall is a semi-circular Chaitra Chapa in the front of the Assembly Hall, with an open part in the front where the wooden front is and in some cases the main Chaitra Chapa window is missing."
Hindi,English,महाराजों और खानसामों (जैसा कि कुशल रसोइयों को परंपरागत रूप से भारत में कहा जाता है) की पीढ़ियों ने सदियों से इन पाक-विधियों को परिपूर्ण कर दिया है और अब ये पाक-विधियाँ सहस्रों वर्षों में मौखिक परमपरा के माध्यम से आगे बढ़ती आई हैं।,Generations of 'maharaj' and 'khansamas' (as expert chefs have traditionally been called in India) have perfected the recipes over centuries and these recipes have passed through oral tradition over thousands of years.,Generations of maharajas and khansamas (as chefs are traditionally called in India) have perfected these recipes over centuries and now these recipes have been passed down through oral tradition over thousands of years.
Hindi,English,"पारंपरिक रूप से रसोइयों के दल की सहायता से तैयारी वास्ता वाज़ा, या प्रधान रसोइये द्वारा की जाती है।","The preparation is traditionally done by a vasta waza, or head chef, with the assistance of a court of wazas, or chefs.","Traditionally prepared by the staff of chefs with the assistance of Vazza, or the head chef."
Hindi,English,"पाव भाजी: यह महाराष्ट्र का एक फास्ट फूड व्यंजन है, जिसमें सब्जियों का गाढ़ा मिश्रण होता है जिसे सामान्यतया मक्खन में पकाया जाता है और एक नर्म ब्रेड रोल (पाव) के साथ परोसा जाता है।","Pav Bhaji: It is a fast food dish from Maharashtra, consisting of a thick vegetable curry (bhaji) usually prepared in butter and served with a soft bread roll (pav).","Pav Bhaji: This is a fast food dish from Maharashtra, India, which is a thick mixture of vegetables, usually cooked in butter and served with a soft bread roll (pav)."
Hindi,English,"हब्बा खातून और लल्ल-द्यद की कश्मीरी रचनाएं उनके आध्यात्मिक अंदाज़ और गहन भावनाओं की अभिव्यक्ति के लिए जानी जाती हैं, राजस्थान में मीराबाई की रचनाएं उनकी अद्वितीय भक्ति के लिए लोकप्रिय हैं, तमिल में आण्डाल का गूढ़ ज्ञान तथा कन्नड़ में अक्का महादेवी के वचन उस समय के साहित्य में महिलाओं के व्यापक योगदान के प्रमाण हैं।","The Kashmiri compositions of Lal Ded and Habba Khatoon are known for their mystical flavour and intense agony of expression, Mirabai's compositions in Rajasthani is known for unique devotional quality, Andal's mysticism in Tamil and Akka Mahadevi's vachanas in Kannnada are testimonies to the great contribution of women to the literature of the time.","Habba Khatoon and Lal-Ded's Kashmiri compositions are known for their spiritual style and deep expressions of emotion, while the compositions of Mirabai in Rajasthan are popular for their unique devotion, the esoteric knowledge of Andal in Tamil, and the words of Akka Mahadevi in Kannada are evidence of the extensive contribution of women to the literature of that time."
Hindi,English,"बाघ गुफाएं, जिनमें बौद्ध भित्ति चित्र बने हुए हैं, मध्य प्रदेश के धार ज़िले से 97 कि.मी. की दूरी पर स्थित हैं।","The Bagh Caves, consisting of Buddhist mural paintings, are located 97 km from the Dhar district of Madhya Pradesh.","Bhag Gufa, with its Buddhist wall paintings, is situated at a distance of 97 km from Dhar District in Madhya Pradesh."
Hindi,English,"संस्कृत साहित्य में मूल शब्द का सामान्य अर्थ है किसी पौधे या वृक्ष की जड़, किंतु लाक्षणिक रूप में, यह किसी भी वस्तु का निचला हिस्सा या तल हो सकता है।","The usual meaning of the word mula in Sanskrit literature is the root of a plant or tree, but figuratively, the foot or lowest part or bottom of anything.","The Sanskrit word mūla has a general meaning of the root of a plant or tree, but in a figurative sense, it can mean the bottom part or base of any object."
Hindi,English,सिंधु घाटी सभ्यता विभिन्न क्षेत्रों में अपने तकनीकी ज्ञान के लिए जानी जाती है।,Indus Valley Civilisation is known for its technological knowledge in a variety of fields.,The Indus Valley Civilization was known for its technological knowledge in various regions.
Hindi,English,सभी कौरव मर जाते हैं; केवल पाँच पांडव भाई और कृष्ण जीवित बचते हैं।,All the Kauravas die; only the five Pandava brothers and Krishna survive.,All the Kauravas die; only the five Pandava brothers and Krishna survive.
Hindi,English,युद्ध अठारह दिनों तक चलता रहता है और कौरवों की पराजय के साथ समाप्त होता है।,The battle rages for eighteen days and ends with the defeat of the Kauravas.,The war lasts for eighteen days and ends with the defeat of the Kauravas.
Hindi,English,"महाभारत की केंद्रीय कथा हस्तिनापुर के सिंहासन पर उत्तराधिकार के लिए संघर्ष की कहानी है, एक ऐसा राज्य जो आधुनिक दिल्ली के ठीक उत्तर में है और जो भरत नाम से जानी जाने वाली एक जनजाति का पैतृक क्षेत्र है।","The central story of the Mahabharata is a conflict over succession to the throne of Hastinapura, a kingdom just north of modern Delhi that was the ancestral realm of a tribe most commonly known as the Bharatas.","The central story of the Mahabharata is that of a struggle for the throne of Hastinapur, a kingdom that is located just north of modern Delhi and is the ancestral land of the Bharata tribe named after Bharata."
Hindi,English,कर्नाटक में शाकाहारी लोगों की संख्या मांसाहारी लोगों से अधिक है; इसलिए उनके भोजन में मुख्य रूप से शाकाहारी व्यंजन होते हैं।,"The number of vegetarians exceeds the number of non-vegetarians in Karnataka; therefore, their cuisine mainly consists of vegetarian dishes.",Vegetarians outnumber meat eaters in Karnataka; hence their food mainly consists of vegetarian dishes.
Hindi,English,"उन्हें संजय से, जो उन्हें बता रहा है कि युद्ध के मैदान में क्या हो रहा है, उत्तर मिलता है।","He is answered by Sanjaya, who relates what is happening on the battlefield.","He is told by Sanjay, who is telling him what is going on in the battlefield."
Hindi,English,तमिल में मिलने वाले दो महाकाव्य सिलप्पदिकारम् और मणिमेकलै हैं।,The two epics found in Tamil are Cilapathikaram and Manimekalai.,Two epic poems of Tamil that can be found.
Hindi,English,इस क्षेत्र में मिर्च के पाउडर का उपयोग सावधानी से किया जाता है।,The use of chilli powder in this region is done cautiously.,Use pepper powder in this area with caution.
Hindi,English,"योग शब्द संस्कृत की युज् धातु से निकला है, जिसका अर्थ है जोड़ना या जोतना या सम्मिलित करना।","The word Yoga is derived from the Sanskrit root Yuj, meaning to join or to yoke or to unite.","The word ""yoga"" is derived from the Sanskrit root yuj-, which means ""to join"", ""to unite"", or ""to attach""."
Hindi,English,आज का ओड़िसी उड़ीसा के मंदिरों की दीवारों पर विभिन्न रूपांकनों में उत्कीर्ण अनगिनत प्रतिमाओं से विकसित हुआ है।,Today's Odissi has evolved from the endless sculptures in various motifs carved on the temple walls of Orissa.,"Today's Odissi
Today's Odissi is a dance form that has evolved from the numerous sculptures depicted in various forms on the walls of temples in Odisha."
Hindi,English,"वशिष्ठ अब राजा की ओर घूमे और धीरे से बोले: ""राजा , आपको शोभा नहीं देता कि आपने जिस चीज़ का एक बार वचन दिया था उससे आप मुकर जाएं।","Vasishtha now turned to the King and spoke gently: ""It ill becomes you, King, to refuse having promised once"".","Vasishtha now turned towards the king and spoke softly: ""King, it is not becoming for you to renege on a promise that you once made."""
Hindi,English,"केवल तब जब उनको अर्जुन की हताशा की हद समझ में आई, कृष्ण ने अपना रवैया बदला और दुनिया में धार्मिक संघर्षों के रहस्य को सिखाना शुरू किया।",Only when he realizes the extent of Arjuna's despondency does Krishna change his attitude and start teaching the mysteries of dharmic action in this world.,"Only when Krishna understood the depths of Arjuna's despair, did he change his attitude and began to teach the mysteries of religious conflicts in the world."
Hindi,English,"जैसे-जैसे आप पात्र में चावल का आटा डाल रहे हों, बीच-बीच में आप कम मात्रा में घिसा हुआ नारियल भी डालें।","As you add the rice flour into the container, in between, you may also add small quantities of grated coconut.","As you add rice flour to the character, add a little bit of ground coconut in between."
Hindi,English,"आप बेलनाकार पात्र में एक चम्मच-भर कद्दूकस किया हुआ नारियल मिला कर शुरू कर सकते हैं, जिसके बाद अच्छी तरह मिश्रित चावल का आटा उसमें मिला दें।","You may begin by adding a spoonful of grated coconut into the cylindrical container, followed by the well-mixed rice flour.","You can start by mixing in a spoonful of grated coconut into a round utensil, followed by a good mix of rice flour into it."
Hindi,English,महाराजा रणजीत सिंह के दान के कारण 1835 ई. के आस-पास नांदेड में एक सुंदर और असाधारण गुरुद्वारे का निर्माण हुआ जिसमें जटिल नक्काशी वाला एक भव्य स्वर्ण गुंबद है।,Maharaja Ranjit Singh's endowment saw the construction of a beautiful and breathtaking Gurudwara featuring an imposing golden dome with intricate carving at Nanded around 1835 A.D.,"The construction of a beautiful and exceptional gurudwara, with a grand dome adorned with intricate carvings, was made in Nanded around 1835 due to Maharaja Ranjit Singh's donation."
Hindi,English,सामवेद इन चुनी हुई ऋचाओं का एक संग्रह है जिन्हें प्रस्तावित छंद या लयबद्ध ताल पर निर्धारित करते हुए स्वरों में व्यवस्थित किया गया है।,Samaveda is the compilation of these selected Ruchas set to Svaras keeping their proposed Chanda or rhythmic meters.,Sāmaveda is a collection of selected hymns arranged in verses according to the proposed metre or rhythmic pattern prescribed by the sounds.
Hindi,English,वाल्मीकि द्वारा किए गए राजधानी कोशल के वर्णन से यह सुस्पष्ट है किअयोध्या की प्राचीन राजधानी हमारे आधुनिक शहरों से किसी भी तरह से कम नहीं थी।,"From Valmiki's description of the capital of Kosala, it is clear that ancient Ayodhya was not inferior to our modern cities.",It is clear from the description of the capital Koshala made by Valmiki that the ancient capital of Ayodhya was no less than our modern cities in any way.
Hindi,English,"एक बार ऐसा कह देने पर कि 'मैं यह करूँगा', तुम्हारे पास इसे करने के अलावा कोई विकल्प नहीं रह जाता है।","Having once said, 'I will do', you have no option but to do it.","Once you have said that ""I will do this"", there is no other option left for you to do it."
Hindi,English,"हाल के वर्षों में, रुपये की विनिमय दर तथा विदेशी मुद्रा आरक्षित भंडार की पर्याप्तता पर भिन्न-भिन्न दृष्टिकोण सामने आए हैं।","In recent days, there have been divergent views on the exchange rate of the rupee and the adequacy of our forex reserves.","In recent years, there have been different perspectives on the exchange rate of the rupee and the adequacy of foreign exchange reserves."
Hindi,English,"जब कोई क्रेडिट कार्ड खाता तीन दिन से अधिक पिछला बकाया दिखाता है, केवल तभी बैंक साख सूचना कंपनियों (सी.आई.सी.) को सूचित कर सकते हैं कि इसका पिछला बकाया है या देर से भुगतान शुल्क इत्यादि जैसा जुर्माना लगा सकते हैं।","Banks shall report a credit card account as past due to credit information companies (CICs) or levy penal charges, viz. late payment charges, etc., if any, only when a credit card account remains past due for more than three days.","When a credit card account has a past due balance that is more than three days old, banks can only notify credit reporting companies (CICs) that it has a past due balance or late payment fees, etc., only if it is past due."
Hindi,English,देश अपनी आर्थिक स्थिति में सुधार करने हेतु विदेशों से प्रत्यक्ष निवेश को बढ़ावा दे सकते हैं।,Countries may encourage inward direct investment to improve their finances.,India can promote foreign direct investment to improve its economic situation.
Hindi,English,"तथापि, पैकेज के त्वरित कार्यान्वयन के लिए प्रोत्साहन के रूप में,अगर अनुमोदित पैकेज बैंक द्वारा आवेदन प्राप्त करने के 90 दिनों के भीतर कार्यान्वित किया जाता है तो आस्ति वर्गीकरण की स्थिति बैंक द्वारा पुनर्रचना का आवेदन प्राप्त करने के समय वाले स्तर पर पुनः स्थापित की जा सकती है।","However, as an incentive for quick implementation of the package, if the approved package is implemented by the bank within 90 days from the date of receipt of the application by the bank, the asset classification status may be restored to the position which existed when the restructuring application was received by the bank.","However, in order to incentivize the quick implementation of the package, the asset classification status can be re-established at the level of the application for the reconstitution of the bank that received the application for the approved package within 90 days of receiving the application from the approved package bank."
Hindi,English,"क्या निजी पूँजी संचय की गतिशीलता अनिवार्य रूप से धन के संकेन्द्रण को कुछ ही लोगों तक सीमित कर देती है, या विकास, प्रतियोगिता, तथा तकनीकी प्रगति की प्रतिकारी शक्तियों के परिणामस्वरूप असमानता कम होने लगती है?","Do the dynamics of private capital accumulation inevitably lead to the concentration of wealth in fewer hands, or do the balancing forces of growth, competition, and technological progress reduce inequality?","Does private capital accumulation necessarily limit the concentration of wealth to a few people, or does inequality decline as a result of the counteracting forces of development, competition, and technological progress?"
Hindi,English,यह बाज़ार में अत्यधिक अस्थिरता को कम करने और स्फीति को अत्यधिक बढ़ने से रोकने के लिए हस्तक्षेप करता है।,It intervenes in the market to curb excessive volatility and anchor expectations.,This intervention mitigates market volatility and prevents inflation from becoming excessively high.
Hindi,English,दूसरी तिमाही के उच्च आवृत्ति आँकड़े दर्शाते हैं कि आर्थिक संचालन अब भी मजबूत है।,High-frequency data for Q2 indicates that economic activity remains resilient.,Second-quarter high-frequency data indicate that economic activity remains strong.
Hindi,English,"समष्टि अर्थशास्त्र में, विषय विशिष्ट रूप से एक राष्ट्र होता है और इसके बाज़ार किस प्रकार से उन व्यापक घटनाओं को उत्पन्न करने में एक-दूसरे को प्रभावित करते हैं जिसे अर्थशास्त्री समग्र चर कहते हैं।","In macroeconomics, the subject is typically a nation and how all markets interact to generate big phenomena that economists call aggregate variables.","In economics, a subject is specifically a nation and how its markets interact to produce the broad phenomena that economists call aggregate variables."
Hindi,English,चल निधि का अर्थ है किस हद तक अल्पकाल में पूरे बाजार भाव से बहुत कम अंतर पर वित्तीय संपत्ति बेची जा सकती है।,Liquidity refers to the extent to which financial assets can be sold at close to full market value at short notice.,"The meaning of bid-ask spread is the extent to which financial assets can be sold for a very small difference in price from the current market price in the short term.
    - ### Instruction: Translate the English input text into Hindi.
    - ### Input:
Bid-ask spread
The bid-ask spread, also known as the bid-offer spread, is the difference between the prices at which a buyer is willing to buy from a seller (the bid price) and the price at which, conversely, the seller is willing to sell to the buyer (the ask price). The bid-ask spread is the difference between the highest"
Hindi,English,"मोटे तौर पर, आय मान्यता की नीति व्यक्तिनिष्ठ कारणों पर आधारित होने के बजाय वस्तुनिष्ठ और वसूली के विवरण पर आधारित होनी चाहिए।","Broadly, the policy of income recognition should be objective and based on the record of recovery, rather than on any subjective considerations.","In general, an income recognition policy should be based on objective and collectability criteria rather than subjective reasons."
Malayalam,English,"ബാഹ്യരൂപം എന്നുള്ളത് ഷൂസ്, വസ്ത്രങ്ങള്‍, ടൈ, ആഭരണങ്ങള്‍, ഹെയര്‍ സ്റ്റൈല്‍, മേക്കപ്പ്, വാച്ച്, സൗന്ദര്യവര്‍ദ്ധകസാമഗ്രികൾ, സുഗന്ധലേപനങ്ങള്‍ തുടങ്ങി സേവനം നല്കുന്നയാളിന്‍റെ ഒരുകൂട്ടം ഗുണവിശേഷങ്ങളുമായി ബന്ധപ്പെട്ടതാണ്.","An appearance is a bunch of attributes related to the service person, like their shoes, clothes, tie, jewellery, hairstyle, make-up, watch, cosmetics, perfume, etc.","External form is a set of characteristics related to the service provider who provides services such as shoes, clothing, ties, jewelry, hair style, makeup, watch, cosmetics, and fragrances."
Malayalam,English,"മഹാരാഷ്ട്രയിലെ ഔറംഗാബാദ് ജില്ലയിൽ സ്ഥിതിചെയ്യുന്ന അജന്തയിൽ ബി. സി. ഇ ഒന്നാം നൂറ്റാണ്ട് മുതൽ സി. ഇ അഞ്ചാം നൂറ്റാണ്ട് വരെയുള്ള കാലഘട്ടത്തിലെ, പ്രതിമകളാലും ചിത്രങ്ങളാലും അലങ്കരിക്കപ്പെട്ട 29 ചൈത്യഗുഹകളും വിഹാരഗുഹകളും ഉണ്ട്.","Ajanta, located in the Aurangabad District of Maharashtra has twenty-nine caitya and vihara caves decorated with sculptures and paintings from the first century B.C.E. to the fifth century C.E.","Maharashtra's Aurangabad district is home to Ajanta, a series of 29 chaityagrihas and viharas, which are decorated with sculptures and paintings from the 1st century BCE to the 5th century CE."
Malayalam,English,ശില്പങ്ങളുടെയും മറ്റും നിറം ബാഹ്യരേഖയുമായി ഇഴുകിച്ചേര്‍ന്ന് വലിപ്പത്തിന്‍റെ ഒരു പ്രതീതിയുണ്ടാക്കുന്നു.,"Body colour gets merged with the outer line, creating the effect of volume.",Shapes and other colors blend with the outline to create an impression of size.
Malayalam,English,"നേരത്തെയുള്ള പാരമ്പര്യം തടിയിലും കളിമണ്ണിലും നിർമ്മിക്കുന്നതായിരിക്കെ, അശോകന്‍ പ്രതിമകള്‍ക്കും സ്മാരകസൗധങ്ങള്‍ക്കും വ്യാപകമായി ശില ഉപയോഗിക്കാന്‍ തുടങ്ങി.","Ashoka started making extensive use of stone for sculptures and great monuments, whereas the previous tradition consisted of working with wood and clay.","The early tradition of making statues in wood and clay, Ashoka started using stone widely for statues and commemorative pillars."
Malayalam,English,മസാല ചേര്‍ത്ത് കടലമാവില്‍ മുക്കി പിഴവില്ലാത്തവിധം നന്നായി വറുത്തെടുക്കുന്ന ഉരുളക്കിഴങ്ങാണ് മഹാരാഷ്ട്രയില്‍ നിന്നുള്ള ഈ സ്വാദിഷ്ടവും പ്രശസ്തവുമായ വിഭവം.,"Potatoes mixed in masalas, coated in besan batter and deep fried to perfection form this delicious and famous dish of Maharashtra.","Masala Curry is a Maharashtrian dish made with boiled potatoes, which is seasoned with a variety of spices."
Malayalam,English,"തമിഴ്‌നാട് സംസ്ഥാനത്തെ ചെട്ടിനാട് പ്രദേശത്തുനിന്നുള്ള, നാട്ടുകോട്ടൈ ചെട്ടിയാർ എന്നോ അവർ സ്വയം വിളിക്കുന്ന പേരായ നാഗരതർ എന്നോ അറിയപ്പെടുന്ന സമുദായത്തിൻ്റെ പാചകവിദ്യയാണ് ചെട്ടിനാട് പാചകവിദ്യ.","Chettinad cuisine is the cuisine of a community called the Nattukotai Chettiars, or Nagarathars, as they call themselves, from the Chettinad region of Tamil Nadu state.","Chettinad cuisine
Chettinad cuisine is the cuisine of the Chettinad region of Tamil Nadu, India. The Chettinad region is known for its spicy and oil-rich dishes. The cuisine is popular for its use of spices, such as coriander, cumin, and fennel. Chettinad cuisine is also known for its use of dry red chillies, which are ground to a powder and added to dishes.
History.
The Chettinad cuisine is said to have originated in the 16th century, when the Chettinad region was ruled by the Chett"
Malayalam,English,"ഇന്ത്യയില്‍ ജന്മംകൊണ്ട കറുവാപ്പട്ട അങ്ങനെ, സുഗന്ധവ്യഞ്ജനത്തിൻ്റേതുമുതൽ ഔഷധത്തിൻ്റേതുവരെ വിവിധ ഉപയോഗങ്ങള്‍ ഉള്ളതാണ്.","Cinnamon is native to India and, as such, its uses range from that of a flavoring agent to a medicinal agent.","India-born black pepper like this, from flavoring to medicine, has various uses."
Malayalam,English,നനവില്ലാത്ത ഗ്രൈന്‍ഡറിലോ കല്ലുരലിലോ ഇത് പൊടിച്ചെടുക്കുക.,Make this into powder with a dry grinder or in a stone pestle.,Don’t grind this in a coffee grinder or mortar and pestle.
Malayalam,English,അമൃത്‌സറിലെ ജനങ്ങള്‍ വിശേഷിച്ചും അമൃത്‌സാരി കുല്‍ചെയും ഉള്ളിൽ നിറച്ച പറാന്തയും പാലുല്‍പ്പന്നങ്ങളും ഇഷ്ടപ്പെടുന്നതുപോലെ പഞ്ചാബിലെ ഓരോ നഗരത്തിനും വ്യത്യസ്തരുചികളുണ്ട്.,"Each city in Punjab has varied preferences, like people in Amritsar are particularly fond of Amritsari kulche, stuffed paranthas and milk products.","People in Amritsar, particularly Amritsari Kulcha and stuffed Paranthas, like the Punjabi delicacies of every city in Punjab."
Malayalam,English,മഹര്‍ഷിയുടെ കൂടെ രാമനെയും ഒപ്പം ലക്ഷ്മണനെയും അയക്കൂ.,"Send Rama with the sage, and send Lakshmana too.","Take Ram and Lakshman with you, Maharishi."
Malayalam,English,ഉന്നതവും ഉദാത്തവുമായ ഒരാദര്‍ശത്തോടുള്ള സമര്‍പ്പണത്തിലൂടെയാണ് മംഗള്‍ പാണ്ഡേയുടെ ധീരകൃത്യം നിറവേറ്റപ്പെട്ടത്.,But Mangal Pandey's brave deed was done through devotion to a high and noble principle.,"Through dedication to a noble and inspiring ideal, Mangal Pandey's brave act was fulfilled."
Malayalam,English,ഉള്ളി നിറംമാറിക്കഴിയുമ്പോൾ കൂട്ടും മഞ്ഞൾപ്പൊടിയും തേച്ചുവച്ച ആട്ടിറച്ചി എല്ലാ കൂട്ടുകളും ഇറച്ചിയിൽ പിടിക്കുന്നതുവരെ അഞ്ചാറുമിനിട്ടുകൾ വഴറ്റുക.,"Once the onions are translucent, add the marinated mutton with turmeric powder and saute for some time until all the spices are absorbed in the mutton for about 5-6 minutes.","When the onions turn color, sprinkle the flour and powdered sugar over the meat and let it cook for five minutes."
Malayalam,English,"പക്ഷികള്‍, മൃഗങ്ങള്‍, മനുഷ്യര്‍ എന്നീ കഥാപാത്രങ്ങളിലൂടെ അവതരിക്കപ്പെടുന്ന ലൗകികവിവേകത്തിന്‍റെ ഒരു പുസ്തകമാണ് ഹിതോപദേശം.","Hitopadesa is a book of worldly wisdom presented through the characters of birds, animals, and humans.","A book on the worldly wisdom of birds, animals, and humans is Hitopadesha."
Malayalam,English,സംസ്കൃതപ്രയോഗങ്ങളില്‍ സാമര്‍ത്ഥ്യവും വിവേകപൂര്‍ണ്ണമായ പെരുമാറ്റത്തില്‍ അറിവും പ്രോത്സാഹിപ്പിക്കുകയാണ് പുസ്തകത്തിന്‍റെ ലക്‌ഷ്യം എന്ന് തോന്നുന്നു.,The purpose of the book appears to encourage proficiency in Sanskrit expression and the knowledge of wise behaviour.,It seems that the aim of the book is to encourage proficiency in Sanskrit usage and knowledge of a dignified behavior.
Malayalam,English,"1994, 1995 എന്നീ വർഷങ്ങളിൽ, ഹൗറ സഹരേർ ഇതിബ്രിത്തോ (ഒന്ന്, രണ്ട് വാള്യങ്ങൾ) എന്ന ഗ്രന്ഥനാമത്തിൽ പ്രൊഫസർ അസീത് കുമാർ ബന്ദ്യോപധ്യായ് തൻ്റെ സ്വദേശമായ ഹൗറയുടെ സമ്പൂർണ്ണചരിത്രം സമാഹരിക്കുന്നതിൽ മാർഗ്ഗദർശകമായ പങ്കുവഹിച്ചു.",Professor Asitkumar Bandyopadhyay played a pioneering role in compiling the complete history of his hometown Howrah titled as Howrah Saharer Itibrrito (First and Second Volume) in 1994 & 1995.,"1994, 1995 എന്നീ വർഷങ്ങളിൽ, ഹൗറ സഹരേർ ഇതിബ്രിത്തോ (ഒന്ന്, രണ്ട് വാള്യങ്ങൾ) എന്ന പേരിൽ പ്രൊ"
Malayalam,English,"ചൈത്യഹാളിൻ്റെ മുൻഭാഗത്ത്, അർദ്ധവൃത്താകൃതിയിലുള്ളതും തുറന്ന മുൻവശമുള്ളതും മരം കൊണ്ടുള്ള പുറംഭാഗമുള്ളതുമായ ഒരു ചൈത്യകമാനത്തിൻ്റെ അലങ്കാരമാതൃക ശ്രദ്ധയാകർഷിക്കുമെങ്കിലും ചിലപ്പോൾ അത്തരം കമാനാകൃതിയിലുള്ള ചൈത്രജാലകം ഉണ്ടാവുകയില്ല.","The front of the caitya hall is dominated by the motif of a semi-circular caitya arch with an open front that has a wooden facade and, in some cases, there is no dominating caitya arch window.","In front of the Chaitrahaali, a half-circular, open fronted and wood-framed outer wall of a chhatra is an ornamental motif that attracts attention, but such a chhatra form does not always have a chhatri form."
Malayalam,English,'മഹാരാജു'കളുടെയും 'ഖൻസാമ' (പരമ്പരാഗതമായി ഇന്ത്യയിൽ പാചകക്കാരെ അങ്ങനെയാണ് വിളിച്ചിരുന്നത്) കളുടെയും തലമുറകൾ ഈ പാചകവിധികൾ നൂറ്റാണ്ടുകൾ കഴിയേ കുറ്റമറ്റതാക്കുകയും ആയിരക്കണക്കിന് വർഷങ്ങളോളം ഈ പാചകവിധികൾ വാമൊഴിപാരമ്പര്യത്തിലൂടെ കൈമാറ്റം ചെയ്യപ്പെടുകയും ചെയ്തു.,Generations of 'maharaj' and 'khansamas' (as expert chefs have traditionally been called in India) have perfected the recipes over centuries and these recipes have passed through oral tradition over thousands of years.,"The generations of ""Maharajas"" and ""Khansamas"" (traditionally called so in India) have passed on these recipes for centuries and for thousands of years have handed down these recipes through oral tradition."
Malayalam,English,വാസമാരുടെ അതായത് പാചകവിദഗ്ധരുടെ ഒരു സംഘം സഹായിക്കുന്ന ഒരു വാസ്താ വാസ അഥവാ പ്രധാനപാചകക്കാരൻ ആണ് ഈ വിഭവം സാമ്പ്രദായികമായി തയ്യാറാക്കുന്നത്.,"The preparation is traditionally done by a vasta waza, or head chef, with the assistance of a court of wazas, or chefs.",Vasamäärä is a traditional Finnish dish made by a group of chefs led by a head chef.
Malayalam,English,പാവ് ഭാജി : വെണ്ണയില്‍ തയ്യാറാക്കിയ പച്ചക്കറി കൊണ്ടുള്ള ഒരു കൊഴുത്ത കറി(ഭാജി)യും മൃദുവായ റൊട്ടിയും ചേര്‍ന്ന മഹാരാഷ്ട്രയിലെ ഒരു ഫാസ്റ്റ് ഫുഡ് വിഭവമാണിത്.,"Pav Bhaji: It is a fast food dish from Maharashtra, consisting of a thick vegetable curry (bhaji) usually prepared in butter and served with a soft bread roll (pav).","Pav bhaji : A thick curry (bhaji) made with vegetables in butter, along with soft roti, is a fast food delicacy of Maharashtra."
Malayalam,English,"ലാൽ ദേദിൻ്റെയും ഹബ്ബ ഖാതൂനിൻ്റെയും ആധ്യാത്മികഭാവത്തിനും പ്രകടിതമായ തീവ്രദുഃഖത്തിനും പേരുകേട്ട കശ്മീരീരചനകളും, സവിശേഷമായ ഭക്തിരസത്തിന് പേരുകേട്ട രാജസ്ഥാനിയിലുള്ള മീരാബായിയുടെ രചനകളും, തമിഴിലെ ആണ്ടാളുടെ ആധ്യാത്മികദർശനവും, കന്നഡയിലുള്ള അക്ക മഹാദേവിയുടെ വചനങ്ങളും ആ കാലത്തെ സാഹിത്യത്തിൽ സ്ത്രീകൾ നൽകിയ മഹത്തായ സംഭാവനക്കുള്ള സാക്ഷ്യപത്രങ്ങളാണ്.","The Kashmiri compositions of Lal Ded and Habba Khatoon are known for their mystical flavour and intense agony of expression, Mirabai's compositions in Rajasthani is known for unique devotional quality, Andal's mysticism in Tamil and Akka Mahadevi's vachanas in Kannnada are testimonies to the great contribution of women to the literature of the time.","The spiritualism of Lal Ded and Habba Khatun, and the well-known expression of their grief, and the writings of Kashmiri, and the writings of Meera Bai of Rajasthan, famous for their spiritual sentiment, and the spiritual vision of Andal in Tamil, and the sayings of Akka Mahadevi in Kannada, are the witnesses of the great contribution that women made to literature at that time."
Malayalam,English,ബൗദ്ധ ചുവര്‍ച്ചിത്രങ്ങളുള്ള ബാഘ് ഗുഹകള്‍ മധ്യപ്രദേശിലെ ധാര്‍ ജില്ലയില്‍നിന്ന് 97 കിലോമീറ്റര്‍ അകലെയാണ് സ്ഥിതിചെയ്യുന്നത്.,"The Bagh Caves, consisting of Buddhist mural paintings, are located 97 km from the Dhar district of Madhya Pradesh.",Buddhist cave paintings of Bagh Caves are situated 97 km from Dhar district in Madhya Pradesh.
Malayalam,English,"സംസ്‌കൃതസാഹിത്യത്തിൽ മൂല എന്ന വാക്കിന് സാധാരണ ഒരു ചെടിയുടെയോ മരത്തിൻ്റെയോ വേര് എന്നാണ് അർത്ഥമെങ്കിലും ഏതൊരു വസ്തുവിൻ്റെയും പാദമെന്നോ, ഏറ്റവും താഴത്തെ ഭാഗമെന്നോ, അടിത്തട്ട് എന്നോ ആണ് ആലങ്കാരികമായ അർത്ഥം.","The usual meaning of the word mula in Sanskrit literature is the root of a plant or tree, but figuratively, the foot or lowest part or bottom of anything.","In Sanskrit literature, the word ""mūla"" generally means the root of a plant or tree, but in figurative sense, it can also mean the base of any object, the lowest part, or the bottom."
Malayalam,English,വിവിധ മേഖലകളിലെ സാങ്കേതികജ്ഞാനത്തിനു പേരുകേട്ടതാണ് സിന്ധുനദീതടസംസ്കാരം.,Indus Valley Civilisation is known for its technological knowledge in a variety of fields.,The Indus Valley Civilization is known for its diverse technological achievements.
Malayalam,English,കൗരവരെല്ലാം മരിക്കുന്നു ; അഞ്ചു പാണ്ഡവസഹോദരന്മാരും കൃഷ്ണനും മാത്രം അതിജീവിക്കുന്നു.,All the Kauravas die; only the five Pandava brothers and Krishna survive.,All Kauravas die; only five Pandavas and Krishna survive.
Malayalam,English,ഘോരമായ യുദ്ധം പതിനെട്ടുനാള്‍ നീണ്ടുനില്‍ക്കുകയും കൗരവരുടെ പരാജയത്തില്‍ അവസാനിക്കുകയും ചെയ്യുന്നു.,The battle rages for eighteen days and ends with the defeat of the Kauravas.,"The battle of Kurukshetra was a war fought in the Kurukshetra region, in the states of Haryana and Punjab in India. It is described in the Indian epic, the Mahabharata. It is believed to have been fought about 3102 BC, at the end of the Dvapara Yuga, and the beginning of the Kali Yuga. The battle lasted eighteen days, and ended with the death of the Kaurava princes and the exile of the Pandavas."
Malayalam,English,"ഭരതര്‍ എന്ന് പൊതുവെ വിളിക്കപ്പെട്ടിരുന്ന ഒരു ഗോത്രത്തിന്‍റെ പൈതൃകഭൂമിയായ, ആധുനികഡല്‍ഹിയുടെ തൊട്ടുവടക്കുള്ള രാജ്യമായ ഹസ്തിനപുരത്തിലെ സിംഹാസനാവകാശത്തെച്ചൊല്ലിയുള്ള സംഘര്‍ഷങ്ങളാണ് മഹാഭാരതത്തിന്‍റെ കേന്ദ്രാഖ്യാനം.","The central story of the Mahabharata is a conflict over succession to the throne of Hastinapura, a kingdom just north of modern Delhi that was the ancestral realm of a tribe most commonly known as the Bharatas.","An ancient kingdom, now the modern city of Delhi, whose heritage lands were the site of disputes over the succession to the throne of Hastinapur, is commonly known as Bharat.
References."
Malayalam,English,കര്‍ണാടകത്തില്‍ സസ്യാഹാരികളുടെ എണ്ണം മാംസാഹാരികളുടെ എണ്ണത്തെക്കാള്‍ കൂടുതലാണ് ; അതിനാൽ അവരുടെ പാചകക്രമത്തില്‍ പ്രധാനമായും ഉള്ളത് സസ്യവിഭവങ്ങളാണ്.,"The number of vegetarians exceeds the number of non-vegetarians in Karnataka; therefore, their cuisine mainly consists of vegetarian dishes.","The number of vegetarians is greater than the number of meat-eaters in Karnataka; hence, their cooking style is largely vegetarian."
Malayalam,English,സഞ്ജയന്‍ അദ്ദേഹത്തിനു മറുപടി നൽകുകയും യുദ്ധക്കളത്തില്‍ എന്താണ് സംഭവിക്കുന്നതെന്ന് വിവരിക്കുകയും ചെയ്യുന്നു.,"He is answered by Sanjaya, who relates what is happening on the battlefield.",Sanjay explains to him what happens in a battlefield.
Malayalam,English,തമിഴിൽ കണ്ടെത്തിയിട്ടുള്ള രണ്ട് മഹാകാവ്യങ്ങള്‍ ചിലപ്പതികാരവും മണിമേഖലയുമാണ്‌.,The two epics found in Tamil are Cilapathikaram and Manimekalai.,"Two Tamil epics discovered in Tamil
Two Tamil epics discovered in Tamil"
Malayalam,English,ഈ പ്രദേശത്ത് മുളകുപൊടി സൂക്ഷിച്ചാണ് ഉപയോഗിക്കുന്നത്.,The use of chilli powder in this region is done cautiously.,This area is used to store groundnut powder.
Malayalam,English,"കൂട്ടിച്ചേര്‍ക്കുക, ഇണക്കുക, അല്ലെങ്കില്‍ ഒരുമിപ്പിക്കുക എന്നര്‍ത്ഥമുള്ള യുജ് എന്ന സംസ്കൃതധാതുവില്‍ നിന്ന് വ്യുല്‍പാദിപ്പിച്ചതാണ് യോഗശബ്ദം.","The word Yoga is derived from the Sanskrit root Yuj, meaning to join or to yoke or to unite.","From the Sanskrit root Yug, meaning ""to join, combine, or unite"", the word Yoga was derived."
Malayalam,English,ഒറീസയിലെ ക്ഷേത്രച്ചുവരുകളില്‍ കൊത്തിവച്ചിട്ടുള്ള എണ്ണമറ്റ ശില്‍പ്പങ്ങളിലെ വിവിധ അലങ്കാരമുദ്രകളില്‍നിന്നാണ് ഇന്നത്തെ ഒഡീസി രൂപം കൊണ്ടത്.,Today's Odissi has evolved from the endless sculptures in various motifs carved on the temple walls of Orissa.,It is from the various decorative motifs in the innumerable sculptures on the temple walls of Odisha that the modern Odia form took shape.
Malayalam,English,"അപ്പോൾ വസിഷ്ഠൻ രാജാവിനുനേരെ തിരിഞ് സൗമ്യമായി പറഞ്ഞു: ""ഒരിക്കൽ ചെയ്ത വാഗ്ദാനം നിരസിക്കുകയെന്നത് അങ്ങേയ്ക്ക് ചേർന്നതല്ല രാജാവേ""","Vasishtha now turned to the King and spoke gently: ""It ill becomes you, King, to refuse having promised once"".","Now Vasistha turned to the king and spoke in a friendly manner: ""It is not right for you to reject a promise once made, O king"""
Malayalam,English,അർജുനൻ്റെ വിഷാദത്തിൻ്റെ ആഴം തിരിച്ചറിയുമ്പോൾ മാത്രമാണ് കൃഷ്ണൻ തൻ്റെ മനോഭാവം മാറ്റുന്നതും ഈ ലോകത്തെ ധാർമ്മികപ്രവർത്തനങ്ങളുടെ രഹസ്യങ്ങൾ പഠിപ്പിക്കാൻ തുടങ്ങുന്നതും.,Only when he realizes the extent of Arjuna's despondency does Krishna change his attitude and start teaching the mysteries of dharmic action in this world.,"When Arjuna's depression is finally lifted, Krishna changes his mind and begins to teach the secrets of righteous activities in this world."
Malayalam,English,പാത്രത്തില്‍ നിങ്ങള്‍ അരിപ്പൊടി ഇടുന്നതിനിടയിൽ അല്‍പാല്‍പം ചിരകിയ തേങ്ങയും ചേര്‍ക്കാവുന്നതാണ്.,"As you add the rice flour into the container, in between, you may also add small quantities of grated coconut.",Put a little bit of toasted coconut while you're adding rice flour to the pan.
Malayalam,English,വൃത്താകൃതിയിലുള്ള കുഴലിൽ ഒരു സ്പൂണ്‍ ചിരകിയ തേങ്ങ ചേര്‍ത്തതിനുശേഷം പുറകേ നന്നായി കലര്‍ത്തിയ അരിപ്പൊടി ഇട്ടുകൊണ്ട് തുടങ്ങാം.,"You may begin by adding a spoonful of grated coconut into the cylindrical container, followed by the well-mixed rice flour.","Start with a spoonful of melted butter, well mixed in the back after spooning in a spoonful of tea after swirling it in a cup of tea."
Malayalam,English,നാന്ദേഡിൽ ഏതാണ്ട് 1835ല്‍ സങ്കീർണ്ണമായ കൊത്തുപണികളുള്ള ഗംഭീരസ്വര്‍ണമകുടത്തോടുകൂടിയ മനോഹരവും അതിവിസ്മയകരവുമായ ഒരു ഗുരുദ്വാരയുടെ നിർമ്മാണത്തിന് മഹാരാജാ രഞ്ജിത്ത് സിങ്ങിൻ്റെ സംഭാവന ഉപകരിച്ചു.,Maharaja Ranjit Singh's endowment saw the construction of a beautiful and breathtaking Gurudwara featuring an imposing golden dome with intricate carving at Nanded around 1835 A.D.,"About 1835, Maharaja Ranjit Singh's contribution helped in the construction of a magnificent and awe-inspiring Gurudwara with intricate carvings and a golden dome."
Malayalam,English,"നിര്‍ദ്ദിഷ്ടഛന്ദസ്സുകളില്‍, അതായത് താളബദ്ധമായ വൃത്തങ്ങളനുസരിച്ച് സ്വരപ്പെടുത്തിയ ഈ തിരഞ്ഞെടുത്ത രുചകളുടെ സമാഹാരമാണ് സാമവേദം.",Samaveda is the compilation of these selected Ruchas set to Svaras keeping their proposed Chanda or rhythmic meters.,"The collection of selected flavors, with the specified rhythms, that is, with the recitation of syllables in accordance with the meter, is Samaveda."
Malayalam,English,കോസലത്തിന്‍റെ തലസ്ഥാനത്തെക്കുറിച്ചുള്ള വാല്മീകിയുടെ വിവരണത്തിൽനിന്ന് പുരാതന അയോദ്ധ്യ നമ്മുടെ ആധുനിക നഗരങ്ങളെക്കാൾ പുറകിലല്ലെന്ന് വ്യക്തമാകുന്നു.,"From Valmiki's description of the capital of Kosala, it is clear that ancient Ayodhya was not inferior to our modern cities.","From the description of Valmiki's account of the capital of Kosala, it is clear that ancient Ayodhya was not behind our modern cities."
Malayalam,English,ഞാൻ ചെയ്തുകൊള്ളാം' എന്ന് ഒരിക്കൽ പറഞ്ഞുകഴിഞ്ഞാൽ പിന്നെ നിങ്ങൾക്കത് ചെയ്യുകയല്ലാതെ പോംവഴിയില്ല.,"Having once said, 'I will do', you have no option but to do it.","Once I said I could do it, you can't go without doing it."
Malayalam,English,ഈയടുത്ത ദിവസങ്ങളിലായി രൂപയുടെ വിനിമയ നിരക്കിലും നമ്മുടെ വിദേശ വിനിമയ കരുതൽ ധനത്തിൻ്റെ പര്യാപ്തതയിലും വ്യത്യസ്തങ്ങളായ അഭിപ്രായങ്ങളുണ്ടായിട്ടുണ്ട്.,"In recent days, there have been divergent views on the exchange rate of the rupee and the adequacy of our forex reserves.","In recent days, there have been divergent views on the exchange rate of the rupee and the adequacy of our foreign exchange reserves."
Malayalam,English,ഒരു ക്രെഡിറ്റ്കാര്‍ഡ് അക്കൗണ്ട് അവസാന തീയതിക്കു ശേഷവും മൂന്ന് ദിവസങ്ങള്‍ക്കു മുകളില്‍ അടയ്ക്കാതിരുന്നാലേ ബാങ്കുകള്‍ ഒരു ക്രെഡിറ്റ്കാര്‍ഡ് അക്കൗണ്ട് പാസ്റ്റ് ഡ്യൂ ആയതായി ക്രെഡിറ്റ് ഇന്‍ഫോര്‍മേഷന്‍ കമ്പനികള്‍ക്ക് (സി.ഐ.സി.) റിപ്പോര്‍ട്ട് ചെയ്യുകയോ പണമടയ്ക്കാന്‍ വൈകിയെങ്കില്‍ത്തന്നെ അടവുകൾ വൈകിയതിനുള്ള ചാർജ്ജായി പിഴ ഈടാക്കുകയോ ചെയ്യുകയുള്ളു.,"Banks shall report a credit card account as past due to credit information companies (CICs) or levy penal charges, viz. late payment charges, etc., if any, only when a credit card account remains past due for more than three days.",A credit card account is considered a past due account three days after the due date if it is not closed by the bank.
Malayalam,English,സാമ്പത്തികസ്ഥിതി മെച്ചപ്പെടുത്താനായി രാജ്യങ്ങൾ പ്രവാസികളുടെ നേരിട്ടുള്ള നിക്ഷേപം പ്രോത്സാഹിപ്പിച്ചേക്കാം.,Countries may encourage inward direct investment to improve their finances.,Countries can encourage direct investment by migrants to improve their economic situation.
Malayalam,English,"എന്നിരുന്നാലും, അപേക്ഷ ബാങ്കിന് കിട്ടി 90 ദിവസങ്ങള്‍ക്കുള്ളില്‍ അംഗീകൃത പാക്കേജ് നടപ്പാക്കുകയാണെങ്കില്‍, പാക്കേജ് വേഗം നടപ്പിലാക്കുന്നതിനുള്ള പ്രോത്സാഹനം എന്ന നിലയില്‍, പുന:സംഘടനയ്ക്കുള്ള അപേക്ഷ ബാങ്കിന് കിട്ടുന്നതിനു മുന്‍പുള്ള നിലയിലേക്ക് ആസ്തിയുടെ വര്‍ഗ്ഗീകരണ നിലവാരം പുന:സ്ഥാപിക്കേണ്ടതാണ്.","However, as an incentive for quick implementation of the package, if the approved package is implemented by the bank within 90 days from the date of receipt of the application by the bank, the asset classification status may be restored to the position which existed when the restructuring application was received by the bank.","However, if the request is approved by the bank within 90 days, the package will be implemented, which is an encouragement in the sense of accelerating the implementation of the package, the classification of the asset in its previous position is to be re-established before the request is granted to the reorganization."
Malayalam,English,"സ്വകാര്യമൂലധനം കുമിഞ്ഞുകൂടുന്നതിന്‍റെ ബലതന്ത്രം അനിവാര്യമായും സമ്പത്ത് അല്‍പം ചില കൈകളില്‍ കേന്ദ്രീകരിക്കാന്‍ ഇടയാക്കുമോ അതോ വളര്‍ച്ച, മത്സരം, സാങ്കേതികവിദ്യാമുന്നേറ്റം എന്നീ സമീകരിക്കുന്ന ശക്തികള്‍ അസമത്വം കുറയ്ക്കുമോ?","Do the dynamics of private capital accumulation inevitably lead to the concentration of wealth in fewer hands, or do the balancing forces of growth, competition, and technological progress reduce inequality?","The law of diminishing marginal utility is an absolute necessity to private capital accumulation, or does wealth concentrate in the hands of a few, or does growth, competition, and technological progress reduce inequality?"
Malayalam,English,വിലയിലുള്ള അമിതമായ ഉയർച്ചതാഴ്ചകളെ പിടിച്ചുനിർത്താനും പ്രതീക്ഷകളെ പരിമിതപ്പെടുത്താനും അത് വിപണിയിൽ ഇടപെടുന്നു.,It intervenes in the market to curb excessive volatility and anchor expectations.,"To stabilize excessive volatility in prices and to limit expectations, it intervenes in the market."
Malayalam,English,സാമ്പത്തിക പ്രവർത്തനം പ്രതിരോധശക്തിയോടെ തന്നെ തുടരുന്നു എന്നാണ് രണ്ടാം മാസത്രയത്തിൻ്റെ ഉയർന്ന ഫ്രീക്വൻസി ഡാറ്റ സൂചിപ്പിക്കുന്നത്.,High-frequency data for Q2 indicates that economic activity remains resilient.,The second-monthly high-frequency data suggests that economic activity is continuing at the same pace as in the previous month.
Malayalam,English,"സ്ഥൂലസാമ്പത്തികശാസ്ത്രത്തിൽ വിഷയം സാമ്പത്തികവിദഗ്‌ദ്ധർ അഗ്രിഗേറ്റ് വേരിയബിളുകൾ എന്ന് വിളിക്കുന്ന, സാധാരണ ഒരു രാഷ്ട്രവും എല്ലാ വിപണികളും എങ്ങനെ പ്രതിപ്രവർത്തിക്കുകയും വലിയ പ്രതിഭാസമുണ്ടാക്കുകയും ചെയ്യുന്നു എന്നതാണ്.","In macroeconomics, the subject is typically a nation and how all markets interact to generate big phenomena that economists call aggregate variables.","The subject in macroeconomics is a collection of aggregate variables that economists refer to as ""macroeconomic variables,"" which describe how a typical country and all its markets behave and interact to create large effects."
Malayalam,English,കുറഞ്ഞ സമയത്തിനുള്ളിൽ സാമ്പത്തിക ആസ്തികൾ എത്രത്തോളം വിപണനമൂല്യത്തിനടുത്തായി വിൽക്കാം എന്നതിനെയാണ് ലിക്വിഡിറ്റി സൂചിപ്പിക്കുന്നത്.,Liquidity refers to the extent to which financial assets can be sold at close to full market value at short notice.,"In finance, liquidity refers to the ability of an asset to be converted quickly and easily into cash. An asset is considered liquid if it can be sold quickly without a significant loss of value."
Malayalam,English,"വിശാലാർത്ഥത്തിൽ, വരുമാന നിർണ്ണയനയം വസ്തുനിഷ്ഠവും ആത്മനിഷ്ഠമായ പരിഗണനകൾക്കുപകരം വീണ്ടെടുപ്പുരേഖകളെ അടിസ്ഥാനപ്പെടുത്തുന്നതുമായിരിക്കണം.","Broadly, the policy of income recognition should be objective and based on the record of recovery, rather than on any subjective considerations.","In broad terms, income determination should be based on physical rather than accounting considerations, and should be grounded in cash flows rather than accruals."
Bengali,English,"বাহ্য রূপ হল সেই পরিষেবা প্রদানকারী মানুষ সম্বন্ধীয় এক গুচ্ছ বৈশিষ্ট্য যেমন, তার জুতো, জামাকাপড়, টাই, গয়না, চুলের ধরন, রূপসজ্জা, ঘড়ি, প্রসাধনী, সুগন্ধি, ইত্যাদি।","An appearance is a bunch of attributes related to the service person, like their shoes, clothes, tie, jewellery, hairstyle, make-up, watch, cosmetics, perfume, etc.","External appearance is a group of features pertaining to the human service provider such as, their shoes, clothes, tie, gown, hairstyle, makeup, watch, perfume, etc."
Bengali,English,মহারাষ্ট্রের ঔরঙ্গাবাদ জেলায় অবস্থিত অজন্তায় খ্রিষ্টপূর্ব প্রথম শতাব্দী থেকে খ্রিষ্টীয় পঞ্চম শতাব্দীর ভাস্কর্য এবং চিত্রকলায় সজ্জিত ঊনত্রিশটি চৈত্য এবং বিহার গুহা রয়েছে।,"Ajanta, located in the Aurangabad District of Maharashtra has twenty-nine caitya and vihara caves decorated with sculptures and paintings from the first century B.C.E. to the fifth century C.E.","In the Ajanta Caves in Aurangabad district of Maharashtra, there are 30 chaityas and viharas decorated with sculptures and paintings of the period from the first century BC to the fifth century AD."
Bengali,English,গায়ের রঙের সঙ্গে দেহরেখা মিশে গিয়ে ঘনত্বের আভাস তৈরি করে।,"Body colour gets merged with the outer line, creating the effect of volume.",The color of the garment blends with the body line to create a sense of density.
Bengali,English,"যেখানে পূর্ববর্তী ঐতিহ্য ছিল কাঠ ও মাটি দিয়ে নির্মাণ করা, অশোক সেখানে ভাস্কর্য এবং মহান স্মৃতিস্তম্ভ নির্মাণের কাজে ব্যাপকভাবে পাথরের ব্যবহার শুরু করেন।","Ashoka started making extensive use of stone for sculptures and great monuments, whereas the previous tradition consisted of working with wood and clay.","Where earlier tradition had been in wood and earth, Ashoka began extensive use of stone for sculptures and great commemorative pillars."
Bengali,English,"আলুতে মশলা মাখিয়ে, ফেটানো বেসনে চুবিয়ে নিয়ে ডুবো তেলে ভাজা যতক্ষণ না ভালো করে ভাজা হচ্ছে, তৈরি করা হয় মহারাষ্ট্রের এই সুস্বাদু ও জনপ্রিয় খাবারের পদ।","Potatoes mixed in masalas, coated in besan batter and deep fried to perfection form this delicious and famous dish of Maharashtra.","Alu masala with onion paste, fried in deep oil until well done, is a delicious and popular dish from Maharashtra."
Bengali,English,"চেট্টিনাড় রন্ধনপ্রণালী হলো তামিলনাড়ু রাজ্যের চেট্টিনাড় অঞ্চলের নাট্টুকোটাই চেট্টিয়ার, অথবা তাদের নিজেদের দেওয়া নাম অনুযায়ী নগরত্তার নামক একটি সম্প্রদায়ের এক রন্ধনপ্রণালী।","Chettinad cuisine is the cuisine of a community called the Nattukotai Chettiars, or Nagarathars, as they call themselves, from the Chettinad region of Tamil Nadu state.","Chettinad cuisine is the cuisine of the Chettinad region of Tamil Nadu state in India, or the name given by them to their community, Nagarattar.
Reference:
<templatestyles src=""Reflist/styles.css"" />"
Bengali,English,দারুচিনি ভারতে মূলভাবে উৎপাদিত এবং এর ব্যবহার গন্ধবিশিষ্ট দ্রব্য থেকে আরম্ভ করে ঔষধি দ্রব্য হিসেবে হয়।,"Cinnamon is native to India and, as such, its uses range from that of a flavoring agent to a medicinal agent.","Daruchini is mainly produced in India and used as an ingredient in a wide variety of products, ranging from fragrant items to medicinal items."
Bengali,English,এই সবগুলোকে একটা শুকনো জাঁতাকল বা শিলনোড়ায় গুঁড়ো করুন।,Make this into powder with a dry grinder or in a stone pestle.,All of these should be dried up in a clay pot or a kiln.
Bengali,English,"পঞ্জাবের একেকটি শহরের পছন্দ একেক রকমের, যেমন অমৃতসরের লোকেরা অমৃতসরী কুলচা, পুরভরা পরোটা এবং দুগ্ধজাত পণ্য বেশি পছন্দ করে।","Each city in Punjab has varied preferences, like people in Amritsar are particularly fond of Amritsari kulche, stuffed paranthas and milk products.","Each city in Punjab has its own favourite, such as Amritsaris liking Amritsari Kulcha, Purwaras Parantha and Dairy products."
Bengali,English,রামকে এই ঋষির সঙ্গে পাঠান এবং লক্ষ্মণকেও পাঠান।,"Send Rama with the sage, and send Lakshmana too.",Ram to send this rishi and also Lakshmana.
Bengali,English,"কিন্তু মঙ্গল পাণ্ডের বীরত্বসূচক কাজ, উচ্চ ও মহৎ নীতির প্রতি নিষ্ঠার মাধ্যমে সম্পাদিত হয়েছিল।",But Mangal Pandey's brave deed was done through devotion to a high and noble principle.,"But the valiant deeds of the Pandavas, performed through dedication to the high and noble principles"
Bengali,English,"পেঁয়াজগুলি স্বচ্ছ্ব হয়ে এলে, মাখিয়ে রাখা পাঁঠার মাংস হলুদ গুঁড়োর সঙ্গে দিয়ে দিন এবং সমস্ত মশলা মাংসে না ঢোকা পর্যন্ত ৫-৬ মিনিট মতো কিছু সময় ধরে কষতে থাকুন।","Once the onions are translucent, add the marinated mutton with turmeric powder and saute for some time until all the spices are absorbed in the mutton for about 5-6 minutes.","Peel the onions, mash the chicken livers with the yellow turmeric powder and add to the chicken. Cook for 5-6 minutes until all the spices are absorbed in the chicken."
Bengali,English,"হিতোপদেশ হল পাখি, পশু ও মানুষের চরিত্রের মাধ্যমে বোঝানো পার্থিব জ্ঞানের একটি বই।","Hitopadesa is a book of worldly wisdom presented through the characters of birds, animals, and humans.",The Instruction That Describes the Task:
Bengali,English,এই বইটির উদ্দেশ্য দাঁড়ালো গিয়ে সংস্কৃতে মতপ্রকাশের দক্ষতাকে এবং জ্ঞানগর্ভ আচার-আচরণের শিক্ষাকে উৎসাহিত করা।,The purpose of the book appears to encourage proficiency in Sanskrit expression and the knowledge of wise behaviour.,The purpose of this book was to stand up and encourage the ability to express oneself in Sanskrit and to learn knowledge-based rites and rituals.
Bengali,English,হাওড়া শহরের ইতিবৃত্ত (প্রথম ও দ্বিতীয় খণ্ড) শীর্ষক ১৯৯৪ ও ১৯৯৯৫-তে প্রকাশিত তাঁর জন্মশহর হাওড়ার সম্পূর্ণ ইতিহাস সংকলনে এক অগ্রণী ভূমিকা পালন করেন অধ্যাপক অসিতকুমার বন্দ্যোপাধ্যায়।,Professor Asitkumar Bandyopadhyay played a pioneering role in compiling the complete history of his hometown Howrah titled as Howrah Saharer Itibrrito (First and Second Volume) in 1994 & 1995.,"Hawra City History (Volume 1 and 2) is a pioneering role in the collection of the complete history of his birthplace Hawra by Professor Asitkumar Bandopadhyay, published in 1994 and 1999-95.
    - ### Input:
হাওড়া শহরের ইতিবৃত্ত (প্রথম ও দ্বিতীয় খণ্ড) শীর্ষক 1994 ও"
Bengali,English,"চৈত্যের দালানের সামনের অংশের বাইরের দিকটির বেশীরভাগ অংশ কাষ্ঠনির্মিত উন্মুক্ত সম্মুখভাগ সহ একটি অর্ধ-বৃত্তাকার চৈত্য খিলানের চিত্রকল্প দ্বারা অলংকৃত, এবং, কিছু কিছু ক্ষেত্রে, সেখানে দৃষ্টিগোচর কোনও চৈত্য খিলানের জানালা থাকে না।","The front of the caitya hall is dominated by the motif of a semi-circular caitya arch with an open front that has a wooden facade and, in some cases, there is no dominating caitya arch window.","The exterior of the front part of the Chaitya Hall is decorated with a half-circular Chaitya arch in the form of a relief, and, in some cases, there is no visible Chaitya arch window on the site."
Bengali,English,'মহারাজ' এবং 'খানসামা' (ভারতের বিশেষজ্ঞ পাচকদের প্রচলিত নাম)-দের বহু প্রজন্ম শতাব্দীর পর শতাব্দী ধরে রন্ধনপ্রণালীগুলি নিখুঁত করে তুলেছেন এবং হাজার বছরেরও বেশি সময় ধরে এই রন্ধনপ্রণালীগুলি মুখে মুখে প্রচলিত হয়ে এসেছে।,Generations of 'maharaj' and 'khansamas' (as expert chefs have traditionally been called in India) have perfected the recipes over centuries and these recipes have passed through oral tradition over thousands of years.,"""Maharaj"" and ""khansama"" (the traditional names of the expert cooks of India)-have refined recipes for centuries and centuries, and these recipes have been passed on orally for thousands of years."
Bengali,English,"ঐতিহ্যগতভাবে, এক বাস্তা ওয়াজা অথবা প্রধান পাচকের সঙ্গে সহকারী একদল ওয়াজা অথবা পাচকগণ রান্নাটি করেন।","The preparation is traditionally done by a vasta waza, or head chef, with the assistance of a court of wazas, or chefs.","Traditionally, a basa waja or head chef is assisted by a team of wajas or chefs."
Bengali,English,পাও ভাজি: সাধারণত মাখনে ভাজা সব্জির ঘন তরকারি (ভাজি) নরম পাঁউরুটির রোল (পাও)-এর মধ্যে ভরে পরিবেশিত মহারাষ্ট্রের একটি চটজলদি খাবার বিশেষ।,"Pav Bhaji: It is a fast food dish from Maharashtra, consisting of a thick vegetable curry (bhaji) usually prepared in butter and served with a soft bread roll (pav).","Pav bhaji: A thick vegetable curry (bhaji) of sautéed vegetables, usually in butter, served stuffed into a soft, unleavened bread roll (pav)-a popular dish of Maharashtra, India.
References.
<templatestyles src=""Reflist/styles.css"" />"
Bengali,English,"লাল দেদ এবং হাব্বা খাতুনের কাশ্মীরি রচনাগুলি তাদের রহস্যময়তা এবং অভিব্যক্তির তীব্র যন্ত্রণার জন্য পরিচিত, রাজস্থানিতে মীরাবাঈয়ের রচনাগুলি অনন্য ভক্তিগুণের জন্য পরিচিত, তামিলে অণ্ডালের রহস্যময়তা এবং কন্নড়ে আক্কা মহাদেবীর বচনগুলি তৎকালীন সাহিত্যে নারীদের মহৎ অবদানের প্রমাণ।","The Kashmiri compositions of Lal Ded and Habba Khatoon are known for their mystical flavour and intense agony of expression, Mirabai's compositions in Rajasthani is known for unique devotional quality, Andal's mysticism in Tamil and Akka Mahadevi's vachanas in Kannnada are testimonies to the great contribution of women to the literature of the time.","Lal Ded and Habba Khatoon’s Kashmiri writings are known for their enigmatic and intense expression of pain, Mirabai’s writings in Rajasthani are known for their unique devotional qualities, Andal’s enigmatic writings in Tamil, and Akka Mahadevi’s Vachanas in Kannada are proof of the great contribution of women in contemporary literature."
Bengali,English,"বাঘ গুহা যেখানে বৌদ্ধ দেওয়ালচিত্র রয়েছে, তা মধ্য প্রদেশের ধর জেলা থেকে ৯৭ কিলোমিটার দূরে অবস্থিত।","The Bagh Caves, consisting of Buddhist mural paintings, are located 97 km from the Dhar district of Madhya Pradesh.","Bagh Caves where Buddhist wall paintings are present, are located 97 kilometres from Dhār district in Madhya Pradesh."
Bengali,English,"সংস্কৃতে মূল শব্দটির সাধারণ অর্থ হলো কোনও গাছ অথবা বৃক্ষের শিকড়, কিন্তু আলঙ্কারিক অর্থে, কোনও কিছুর পা অথবা নিম্নতম অংশ অথবা তলদেশ।","The usual meaning of the word mula in Sanskrit literature is the root of a plant or tree, but figuratively, the foot or lowest part or bottom of anything.","In Sanskrit, the root word means a tree or a tree's trunk, but in an ornamental sense, the foot or the lowest part or the base of anything."
Bengali,English,সিন্ধু সভ্যতা বিভিন্ন ক্ষেত্রে সেখানকার প্রযুক্তিগত জ্ঞানের জন্য পরিচিত।,Indus Valley Civilisation is known for its technological knowledge in a variety of fields.,The Indus Valley Civilization is known for its technological knowledge in various fields.
Bengali,English,কৌরবদের সবাই মারা যান; শুধুমাত্র পাণ্ডব ভাইয়েরা এবং কৃষ্ণ বেঁচে ছিলেন।,All the Kauravas die; only the five Pandava brothers and Krishna survive.,All the Kauravas were killed; only the Pandavas and Krishna survived.
Bengali,English,যুদ্ধের প্রাবল্য আঠারো দিন ধরে চলে এবং কৌরবদের পরাজয়ের সঙ্গে তা শেষ হয়।,The battle rages for eighteen days and ends with the defeat of the Kauravas.,War raged for eighteen days and ended with the defeat of the Kurus.
Bengali,English,মহাভারতের কেন্দ্রীয় কাহিনী হলো হস্তিনাপুর নামক আধুনিক দিল্লির ঠিক উত্তরে অবস্থিত ভরত নামের এক উপজাতির পুরুষানুক্রমিক রাজত্বের সিংহাসন দখলসংক্রান্ত সংঘর্ষের কাহিনী।,"The central story of the Mahabharata is a conflict over succession to the throne of Hastinapura, a kingdom just north of modern Delhi that was the ancestral realm of a tribe most commonly known as the Bharatas.","The Mahabharata's central narrative is the conflict over the throne of Hastinapura, a dynasty of the Bharata clan in modern-day Delhi, located exactly north of it."
Bengali,English,কর্ণাটকে আমিষাশীর তুলনায় নিরামিষাশীদের সংখ্যা বেশি হওয়ায় প্রধানত নিরামিষ খাদ্যই তাদের রান্নায় অন্তর্ভুক্ত থাকে।,"The number of vegetarians exceeds the number of non-vegetarians in Karnataka; therefore, their cuisine mainly consists of vegetarian dishes.","Karnataka has a higher number of vegetarian than non-vegetarian population, and thus vegetarian food forms the mainstay of their cuisine."
Bengali,English,"তাঁকে সঞ্জয় উত্তর দেন, যিনি যুদ্ধক্ষেত্রে কী চলছে তার বর্ণনা করছিলেন।","He is answered by Sanjaya, who relates what is happening on the battlefield.",He tells him that Sanjay is describing what is happening in the battlefield.
Bengali,English,যে দুটি মহাকাব্য তামিল ভাষায় পাওয়া যায় সেগুলি হল শীলপ্পদিকরম ও মণিমেখলাই।,The two epics found in Tamil are Cilapathikaram and Manimekalai.,Those two epics in Tamil are Shilappadikaram and Manimekalai.
Bengali,English,এই অঞ্চলে লঙ্কা গুঁড়ো সাবধানভাবে ব্যবহার করা হয়।,The use of chilli powder in this region is done cautiously.,This area uses Lanka gunpowder carefully.
Bengali,English,যোগ শব্দটি যুক্ত অথবা সন্ধি অথবা এক হওয়া অর্থসম্পন্ন সংস্কৃত ধাতু যুজ থেকে উদ্ভূত।,"The word Yoga is derived from the Sanskrit root Yuj, meaning to join or to yoke or to unite.","From Sanskrit युज् (yuj), from Proto-Indo-European *h2eyu- (“to join”)."
Bengali,English,পুরীর মন্দিরের দেওয়ালে খোদাই করা বিভন্ন নকশার অন্তহীন ভাস্কর্য থেকে বর্তমান ওড়িশির আবির্ভাব ঘটেছে।,Today's Odissi has evolved from the endless sculptures in various motifs carved on the temple walls of Orissa.,"From the endless sculptures carved on the walls of the Puri temple, the present Odia has emerged."
Bengali,English,"বশিষ্ঠ এবার রাজার দিকে ফিরলেন এবং বিনীতভাবে বললেন: ""রাজা,আপনি একবার প্রতিশ্রুতি দিয়ে অস্বীকার করলে তা আপনার ক্ষেত্রে খারাপ হবে।","Vasishtha now turned to the King and spoke gently: ""It ill becomes you, King, to refuse having promised once"".","Vashishta again turned towards the king and said humbly: ""O king, if you once break your promise, it will be to your disadvantage""."
Bengali,English,অর্জুনের হতাশার মাত্রা উপলব্ধি করার পরেই কৃষ্ণ তাঁর আচরণ পরিবর্তন করে পৃথিবীতে ধার্মিক কর্তব্যের রহস্য সম্পর্কে তাঁকে শিক্ষাদান শুরু করেন।,Only when he realizes the extent of Arjuna's despondency does Krishna change his attitude and start teaching the mysteries of dharmic action in this world.,"After understanding the depth of Arjuna’s disappointment, Krishna begins to teach him the mystery of the divine duty in the world."
Bengali,English,"পাত্রের মধ্যে চালের গুঁড়ো যোগ করার সময়, তার মাঝে, অল্প পরিমাণ কোরা নারকেলও যোগ করতে পারেন।","As you add the rice flour into the container, in between, you may also add small quantities of grated coconut.","Add ground coriander to the flour while making the dough, along with a little bit of coriander seeds."
Bengali,English,"এই বেলনাকার পাত্রে আপনি এক চামচ নারকেল কোড়া দেওয়া দিয়ে শুরু করতে পারেন, তারপরে ভালো করে মেশানো চালের গুঁড়ো দিয়ে দিন।","You may begin by adding a spoonful of grated coconut into the cylindrical container, followed by the well-mixed rice flour.","Place a tablespoon of nutmeg in the bell jar, then add a good handful of ground cornmeal each day."
Bengali,English,১৮৩৫ খ্রীষ্টাব্দ নাগাদ মহারাজ রঞ্জিত সিংহের দানের ফলে নান্দেড়-এ একটি অপূর্ব সুন্দর গুরুদ্বার নির্মিত হয় যেটি সূক্ষ্ম খোদাইয়ের কাজ সহ একটি মনোরম স্বর্ণ গম্বুজ সম্বলিত।,Maharaja Ranjit Singh's endowment saw the construction of a beautiful and breathtaking Gurudwara featuring an imposing golden dome with intricate carving at Nanded around 1835 A.D.,"In 1835, Maharaja Ranjit Singh donated a unique and beautiful gurdwara in Nanded, which has a magnificent gold dome with fine carving work."
Bengali,English,সামবেদ হলো স্বরসমূহের প্রস্তাবিত ছন্দ অথবা ছন্দোবদ্ধ তাল বজায় রাখার সঙ্গে মানানসই এসব রুচের সংকলন।,Samaveda is the compilation of these selected Ruchas set to Svaras keeping their proposed Chanda or rhythmic meters.,Sambed is a proposed set of pitches or a set of pitches in a meter with a set of appropriate accents.
Bengali,English,"রাজধানী কোশলের ব্যাপারে বাল্মীকির বিবরণ থেকে একথা পরিষ্কার যে, প্রাচীন অযোধ্যা আমাদের আজকের আধুনিক শহরের থেকে কোনও অংশে কম ছিল না।","From Valmiki's description of the capital of Kosala, it is clear that ancient Ayodhya was not inferior to our modern cities.","From Balami's Description of the Capital Kosala, it is clear that ancient Ayodhya was no less than a part of our modern city."
Bengali,English,"একবার 'আমি করব' বলে ফেললে, সেটা করা ছাড়া তোমার কাছে আর বিকল্প নেই।","Having once said, 'I will do', you have no option but to do it.","Once I say I'll do it, there's no other option for you but to do it."
Bengali,English,"বর্তমানে, টাকার বিনিময় হার এবং আমাদের বিদেশী মুদ্রা বিনিময় আমানতের পর্যাপ্ততার বিষয়ে বিভিন্ন মতামত রয়েছে।","In recent days, there have been divergent views on the exchange rate of the rupee and the adequacy of our forex reserves.","Currently, there are different opinions on the exchange rate of the rupee and the adequacy of our foreign currency deposit."
Bengali,English,"কোনও ক্রেডিট কার্ড অ্যাকাউণ্ট একমাত্র তিনদিনের থেকে বেশি সময় ধরে পরিশোধাতীত থাকলে, সেটিকে পরিশোধাতীত হিসাবে ব্যাঙ্ক আমানত তথ্য সংস্থাগুলিকে (সিআইসি) জানাবে অথবা জরিমানা জারি করবে যেমন পরিশোধে দেরির জরিমানা ইত্যাদি।","Banks shall report a credit card account as past due to credit information companies (CICs) or levy penal charges, viz. late payment charges, etc., if any, only when a credit card account remains past due for more than three days.",None
Bengali,English,আর্থিক অবস্থার উন্নতিকল্পে দেশগুলি প্রত্যক্ষ অন্তর্মুখী বিনিয়োগের জন্য উৎসাহিত করতে পারে।,Countries may encourage inward direct investment to improve their finances.,Countries can encourage direct inward investment for economic development.
Bengali,English,"যাইহোক, প্যাকেজটির দ্রুত বাস্তবায়নের পুরস্কার স্বরূপ, ব্যাঙ্ক আবেদনপত্রটি গ্রহণ করার ৯০ দিনের মধ্যে অনুমোদিত প্যাকেজটি বাস্তবায়িত হলে, পুনর্গঠনের আবেদনটি ব্যাঙ্ক গ্রহণ করার সময়কার অবস্থায় সম্পদের শ্রেণীবিভাগের অবস্থানটি ফিরিয়ে আনা যেতে পারে।","However, as an incentive for quick implementation of the package, if the approved package is implemented by the bank within 90 days from the date of receipt of the application by the bank, the asset classification status may be restored to the position which existed when the restructuring application was received by the bank.","However, in recognition of the rapid implementation of the package, the bank may accept the application at the time of application if the approved package is implemented within 90 days of the application being accepted."
Bengali,English,"ব্যক্তিগত মূলধন আহরণের ক্ষমতা কি অবধারিতভাবে মুষ্টিমেয় মানুষের হাতে সম্পদ কেন্দ্রীভূত করে, নাকি বৃদ্ধি, প্রতিযোগিতা এবং প্রযুক্তিগত প্রগতির ভারসাম্য রক্ষাকারী শক্তিগুলি বৈষম্য কমায়?","Do the dynamics of private capital accumulation inevitably lead to the concentration of wealth in fewer hands, or do the balancing forces of growth, competition, and technological progress reduce inequality?","Personal savings capacity is it is unambiguously wealth-concentrating, or does it balance the forces of growth, competition, and technological progress that reduce inequality?"
Bengali,English,অত্যধিক অস্থিতিশীলতায় রাশ টানতে এবং আশা টিকিয়ে রাখতে এটি বাজারে হস্তক্ষেপ করে।,It intervenes in the market to curb excessive volatility and anchor expectations.,"To keep the market from overshooting and to keep expectations alive, it intervenes in the market."
Bengali,English,দ্বিতীয় ত্রৈমাসিকে উচ্চ-ব্যবহারিক তথ্য স্থিতিশীল অর্থনৈতিক কার্যকলাপ নির্দেশ করে।,High-frequency data for Q2 indicates that economic activity remains resilient.,Second Quarter High-Usage Economic Activity Indicators.
Bengali,English,"সমষ্টিগত অর্থনীতির মূল বিষয়টি হল সাধারণত একটি দেশ এবং সব বাজারগুলি কিভাবে পরস্পর সংযোগ ঘটিয়ে বড় প্রপঞ্চ সৃষ্টি করে, অর্থনীতিবিদরা যাকে মোট চলরাশি বলে থাকেন।","In macroeconomics, the subject is typically a nation and how all markets interact to generate big phenomena that economists call aggregate variables.","The main subject of collective economics is generally a country and how all the markets connect to each other to create a big universe, which economists call the total circulation."
Bengali,English,সংক্ষিপ্ত সময়ের মধ্যে সম্পূর্ণ বাজারদরের কাছাকাছি মূল্যে আর্থিক সম্পদ বিক্রি করার সীমাটি লিক্যুইডিটির মাধ্যমে নির্দেশ করা হয়।,Liquidity refers to the extent to which financial assets can be sold at close to full market value at short notice.,Short-term market value of financial assets close to the full market value.
Bengali,English,"বিস্তৃতরূপে, রোজগার স্বীকৃতির নীতিটি কোনওরকম স্বার্থভিত্তিক বিচারের পরিবর্তে নৈর্ব্যক্তিক এবং পুনরুদ্ধারের নথি-ভিত্তিক হওয়া উচিত।","Broadly, the policy of income recognition should be objective and based on the record of recovery, rather than on any subjective considerations.","In its broadest form, the recognition of labor is a policy that should be impartial and based on evidence rather than any sort of self-interest."
Gujarati,English,"દેખાવ એ સેવા કર્મીના લક્ષણોનો સમૂહ છે, જેમ કે તેમના બૂટ, કપડાં, ટાઈ, આભૂષણો, કેશકલાપ. શણગાર, ઘડિયાળ, શૃંગાર દ્રવ્યો, અત્તર, વગેરે.","An appearance is a bunch of attributes related to the service person, like their shoes, clothes, tie, jewellery, hairstyle, make-up, watch, cosmetics, perfume, etc.","Appearance is a set of characteristics of an employee, such as their boots, clothes, tie, jewelry, hair styling, makeup, watch, cosmetics, etc."
Gujarati,English,"મહારાષ્ટ્રના ઔરંગાબાદ જીલ્લામાં સ્થિત અજંતામાં ઓગણત્રીસ કૈત્ય અને વિહાર ગુફાઓ છે, જે ઈ.સ.પૂ. પ્રથમ સદીથી ઈ.સ. પાંચમી સદી સુધીના શિલ્પો અને ચિત્રોથી સુશોભિત છે.","Ajanta, located in the Aurangabad District of Maharashtra has twenty-nine caitya and vihara caves decorated with sculptures and paintings from the first century B.C.E. to the fifth century C.E.","Maharashtra's Aurangabad district is home to 28 caves at Ajanta, which are adorned with sculptures and paintings from the first century BCE to the fifth century CE."
Gujarati,English,શરીરનો રંગ બાહ્ય રેખા સાથે ભળીને ઘનતાની અસર સર્જે છે.,"Body colour gets merged with the outer line, creating the effect of volume.",Body color affects the density of the object by interacting with the external contour.
Gujarati,English,"અશોકે શિલ્પો અને વિરાટ સ્મારકો બનાવવા માટે પથ્થરોનો વિસ્તૃત ઉપયોગ શરુ કર્યો, જયારે અગાઉની પરંપરા લાકડા અને માટીના કામ સાથે બનેલી હતી.","Ashoka started making extensive use of stone for sculptures and great monuments, whereas the previous tradition consisted of working with wood and clay.","Ashoka used a wide range of stones to carve sculptures and monuments, while earlier traditions were made of wood and mud."
Gujarati,English,બેસનમાં રગદોળાયેલા અને શ્રેષ્ઠ રીતે તળાયેલા મસાલા મિશ્રિત બટેટા મહારાષ્ટ્રની સ્વાદિષ્ટ અને પ્રખ્યાત વાનગી બને છે.,"Potatoes mixed in masalas, coated in besan batter and deep fried to perfection form this delicious and famous dish of Maharashtra.",Baked and best served with masala mixed potato Maharashtrian delicacy and famous dish
Gujarati,English,"ચેત્તીનાદ વાનગી એ તમિલનાડુ રાજ્યના ચેત્તીનાદ પ્રદેશના નત્તુકોતાઈ ચેત્તીઆર તરીકે જાણીતા સમાજની વાનગી છે અથવા નાગરથર, જે તેઓ પોતાને કહે છે.","Chettinad cuisine is the cuisine of a community called the Nattukotai Chettiars, or Nagarathars, as they call themselves, from the Chettinad region of Tamil Nadu state.","Chettinad cuisine is the cuisine of the Chettinad region of Tamil Nadu, India, known as the Nattukottai Chettiar community or Nagarathar, which they call themselves."
Gujarati,English,તજ મૂળ ભારતનું છે અને એ રીતે તેના ઉપયોગ સુગંધ દૂતથી લઈને ઔષધ દૂત તરીકે વિસ્તરે છે.,"Cinnamon is native to India and, as such, its uses range from that of a flavoring agent to a medicinal agent.",Taj is an Indian word of Persian origin and is used as a fragrance in the form of an essential oil.
Gujarati,English,સૂકી ચક્કી અથવા પથ્થરની ખરલથી આનો ભૂકો બનાવો.,Make this into powder with a dry grinder or in a stone pestle.,Dry out or bake a rock into a brick.
Gujarati,English,"પંજાબના દરેક શહેરની અલગ અલગ પસંદ છે, જેમ કે અમૃતસરના લોકો અમૃતસરી કુલ્ચે, ભરેલા પરોઠા અને દૂધની બનાવટોના શોખીન છે.","Each city in Punjab has varied preferences, like people in Amritsar are particularly fond of Amritsari kulche, stuffed paranthas and milk products.","Punjabis of every city have their own favorite, such as Amritsaris who are fond of Amritsari kulcha, stuffed parathas, and dairy delicacies."
Gujarati,English,રામને ઋષિ સાથે મોકલો અને લક્ષ્મણને પણ મોકલો.,"Send Rama with the sage, and send Lakshmana too.",Ram Sends Sita to the Rishi and Lakshman
Gujarati,English,પરંતુ મંગલ પાંડેનું પરાક્રમી કાર્ય એક ઉચ્ચ અને ઉમદા મૂલ્ય પ્રત્યેની ભક્તિ દ્વારા થયું હતું.,But Mangal Pandey's brave deed was done through devotion to a high and noble principle.,But the heroic deeds of Mangal Pandey were the result of a high and noble devotion to duty.
Gujarati,English,"એકવાર કાંદા અર્ધપારદર્શક થઇ જાય પછી, આથેલા માંસમાં હળદરનો ભૂકો ઉમેરો અને લગભગ ૫-૬ મિનીટ સુધી માંસમાં બધાં મસાલા શોષાઈ જાય ત્યાં સુધી થોડો સમય સાંતળો.","Once the onions are translucent, add the marinated mutton with turmeric powder and saute for some time until all the spices are absorbed in the mutton for about 5-6 minutes.","After one whiff, the athlete's meat becomes slightly translucent, and almost 5-6 minutes until the meat absorbs all the spices until the meat is tender."
Gujarati,English,"હિતોપદેશએ પક્ષીઓ, પ્રાણીઓ અને મનુષ્યોના પાત્રો દ્વારા રજૂ થયેલા દુન્વયી ડહાપણનો ગ્રંથ છે.","Hitopadesa is a book of worldly wisdom presented through the characters of birds, animals, and humans.","Advices to the Fishes, Birds, and Mammals is a book of advice by fishes, birds, and mammals."
Gujarati,English,આ ગ્રંથનો હેતુ સંસ્કૃત અભિવ્યક્તિમાં કુશળતાને પ્રોત્સાહિત કરવાનો અને વિવેકી વ્યવહારનું જ્ઞાન આપવાનો જણાય છે.,The purpose of the book appears to encourage proficiency in Sanskrit expression and the knowledge of wise behaviour.,The purpose of this book is to encourage excellence in Sanskrit expression and to impart the wisdom of wise conduct.
Gujarati,English,"પ્રોફેસર અસિતકુમાર બંદોપાધ્યાયએ ૧૯૯૪ અને ૧૯૯૫માં પોતાના વતન શહેર હાવરાના સંપૂર્ણ ઈતિહાસનું સંપાદન કરવામાં પાયારૂપ ભૂમિકા ભજવી, જેને હાવરા શહરેર ઈતીબ્રીતો (પ્રથમ અને દ્વિતીય ભાગ) શીર્ષક અપાયું.",Professor Asitkumar Bandyopadhyay played a pioneering role in compiling the complete history of his hometown Howrah titled as Howrah Saharer Itibrrito (First and Second Volume) in 1994 & 1995.,"Professor Asitkumar Bandopadhyay edited the complete history of his native city of Haveri in 1994 and 1995, which was titled as the Haveri City Heritage (Volume I and II)."
Gujarati,English,યજ્ઞશાળાના દીવાનખંડનો અગ્રભાગ સાથેના અર્ધગોળાકાર ધનુષ જેવો લાકડાનો રવેશ હતો અને કેટલાંક કિસ્સાઓમાં કોઈ પ્રમુખ યજ્ઞશાળાની ધનુષાકાર બારી નથી.,"The front of the caitya hall is dominated by the motif of a semi-circular caitya arch with an open front that has a wooden facade and, in some cases, there is no dominating caitya arch window.","The portico of the Yajnasala was semicircular in shape with a wooden beam, and in some cases there was no prominent Yajnasala arch."
Gujarati,English,'મહારાજ' અને 'ખાનસામાસ' (ભારતમાં નિષ્ણાંત રસોઈયાને પરંપરાગત રીતે જેમ બોલાવવામાં આવે છે) ની પેઢીઓએ સદીઓથી આ વાનગીઓને શ્રેષ્ઠ બનાવી છે અને આ વાનગીઓની મૌખિક પરંપરા હજારો વર્ષો સુધી પસાર થઇ છે.,Generations of 'maharaj' and 'khansamas' (as expert chefs have traditionally been called in India) have perfected the recipes over centuries and these recipes have passed through oral tradition over thousands of years.,'Maharaj' and 'Khansama' (the traditional term in India for a master chef) have perfected these dishes for centuries and the oral tradition of these dishes has lasted for thousands of years.
Gujarati,English,"પરંપરાગત રીતે આ તૈયારી વાસ્તા વાઝા, અથવા પ્રમુખ રસોઈયા દ્વારા, રસોઈયાની ટુકડીની સહાયથી કરવામાં આવે છે.","The preparation is traditionally done by a vasta waza, or head chef, with the assistance of a court of wazas, or chefs.","Traditionally, this preparation is made by the head chef or the sous-chef, with the help of the sous-chef."
Gujarati,English,"પાઉં ભાજી: તે મહારાષ્ટ્રની એક ખાદ્ય વાનગી છે, જે સામાન્ય રીતે માખણમાં બનેલી ઘટ્ટ શાકભાજીની કઢી (ભાજી) ધરાવે છે અને નરમ બ્રેડ રોલ (પાઉં) સાથે પીરસવામાં આવે છે.","Pav Bhaji: It is a fast food dish from Maharashtra, consisting of a thick vegetable curry (bhaji) usually prepared in butter and served with a soft bread roll (pav).","Pav Bhaji: It is a dish from Maharashtra, India, that typically consists of a spicy vegetable curry (bhaji) flavoured with masala and cooked on a tava (griddle) and served garnished with buttered pav (a soft roll)."
Gujarati,English,"લાલ દેદ અને હબ્બા ખાતૂનની કાશ્મીરી રચનાઓ તેના રહસ્યવાદી રસ અને અભિવ્યક્તિની તીવ્ર પીડાના કારણે જાણીતી છે, મીરાબાઈની રાજસ્થાની રચનાઓ અનન્ય ભક્તિ ગુણને કારણે જાણીતી છે, તમિલમાં અંદલની રહસ્યવાદ અને કન્નડમાં અક્કા મહાદેવીના વચનો મહિલાઓના તત્કાલીન સાહિત્યના મહાન પ્રદાનના પુરાવા છે.","The Kashmiri compositions of Lal Ded and Habba Khatoon are known for their mystical flavour and intense agony of expression, Mirabai's compositions in Rajasthani is known for unique devotional quality, Andal's mysticism in Tamil and Akka Mahadevi's vachanas in Kannnada are testimonies to the great contribution of women to the literature of the time.","Lal Ded and Habba Khatoon's Kashmiri works are known for their mystery and intense expression of emotion, Mirabai's Rajasthani works are known for their unique devotion, and Tamil and Kannada works of Andal and Akka Mahadevi are examples of great contributions of contemporary literature by women."
Gujarati,English,"બાઘ ગુફાઓ, જે બૌદ્ધ ભીંતચિત્રોથી બનેલી છે, તે મધ્ય પ્રદેશના ધાર જીલ્લાથી ૯૭ કિમી સ્થિત છે.","The Bagh Caves, consisting of Buddhist mural paintings, are located 97 km from the Dhar district of Madhya Pradesh.",The caves are located 97 km from Dhār district of Madhya Pradesh.
Gujarati,English,"સંસ્કૃત સાહિત્યમાં મૂળ શબ્દનો સામાન્ય અર્થ થાય છે છોડ અથવા વૃક્ષનું મૂળ, પણ અલંકારિક રીતે, કોઈપણ વસ્તુનો સૌથી નીચો અથવા તળિયાનો ભાગ.","The usual meaning of the word mula in Sanskrit literature is the root of a plant or tree, but figuratively, the foot or lowest part or bottom of anything.","In Sanskrit literature, the word ""mool"" has the general meaning of a stem or the root of a tree, but in a poetic sense, it refers to the lowest or the base part of anything."
Gujarati,English,સિંધુ ખીણ સંસ્કૃતિ વિવિધ ક્ષેત્રોમાં તેના તકનીકી જ્ઞાનને કારણે જાણીતી છે.,Indus Valley Civilisation is known for its technological knowledge in a variety of fields.,The Indus Valley Culture is known for its technological knowledge in various fields.
Gujarati,English,બધાં જ કૌરવો મૃત્યુ પામ્યા; માત્ર પાંચ પાંડવ ભાઈઓ અને કૃષ્ણ જીવિત રહ્યા.,All the Kauravas die; only the five Pandava brothers and Krishna survive.,All the Kauravas died; only five Pandava brothers and Krishna survived.
Gujarati,English,યુદ્ધ અઢાર દિવસો સુધી વિસ્તરે છે અને કૌરવોના પરાજય સાથે પૂર્ણ થાય છે.,The battle rages for eighteen days and ends with the defeat of the Kauravas.,War extends for eighteen days and ends with the defeat of the Kauravas.
Gujarati,English,"મહાભારતની કેન્દ્રિય કથા આધુનિક દિલ્હીની બિલકુલ ઉત્તરે આવેલું હસ્તિનાપુર, જે ભરત તરીકે સામાન્ય રીતે જાણીતા રાજવંશનું પૈતૃક ક્ષેત્ર છે, તેની રાજગાદીના વારસદાર માટેનો સંઘર્ષ છે.","The central story of the Mahabharata is a conflict over succession to the throne of Hastinapura, a kingdom just north of modern Delhi that was the ancestral realm of a tribe most commonly known as the Bharatas.","The central story of the Mahabharata is the conflict over the succession to the throne of Hastinapur, which is located just north of modern Delhi, and is the ancestral domain of the Bharata dynasty, commonly known as the Bharata dynasty."
Gujarati,English,"કર્ણાટકમાં શાકાહારીઓની સંખ્યા માંસાહારીઓની સંખ્યા કરતાં વધી જાય છે, તેથી, તેમના ભોજનાલય મુખ્યત્વે શાકાહારી વાનગીઓ ધરાવતા હોય છે.","The number of vegetarians exceeds the number of non-vegetarians in Karnataka; therefore, their cuisine mainly consists of vegetarian dishes.","Karnataka has seen a rise in the number of vegetarians compared to the number of non-vegetarians, so their restaurants mainly have vegetarian dishes."
Gujarati,English,તેને સંજય દ્વારા ઉત્તર આપવામાં આવે છે કે જે યુદ્ધભૂમિ પર શું બની રહ્યું છે તે વર્ણવે છે.,"He is answered by Sanjaya, who relates what is happening on the battlefield.",He is told by Sanjay what is happening on the battlefield.
Gujarati,English,કીલાપાથીકરમ અને મનીમેકલાઈ તમિલમાં જોવા મળતાં બે મહાકાવ્યો છે.,The two epics found in Tamil are Cilapathikaram and Manimekalai.,Two epic poems in Tamil that are seen when the keystones and manimakalai are translated into Tamil.
Gujarati,English,મરચાની ભૂકીનો ઉપયોગ આ પ્રદેશમાં સાવધાનીથી કરવામાં આવે છે.,The use of chilli powder in this region is done cautiously.,Use of Marachanin in this area is advised with caution.
Gujarati,English,"યોગ શબ્દ સંસ્કૃત મૂળ યજ પરથી ઉદ્ધૃત કરવામાં આવ્યો છે, જેનો અર્થ થાય છે જોડવું, જાગૃત કરવું અથવા એક કરવું.","The word Yoga is derived from the Sanskrit root Yuj, meaning to join or to yoke or to unite.","Yoga
Yoga is a Sanskrit word that comes from the root yuj, which means ""to join, to unite, or to attach"".
References.
<templatestyles src=""Reflist/styles.css"" />"
Gujarati,English,આજનું ઓડીસી ઓરિસ્સાના મંદિરોની દીવાલો પર કોતરાયેલા વિવિધ મૂલ્યવાન શિલ્પોમાંથી વિકસિત થયું છે.,Today's Odissi has evolved from the endless sculptures in various motifs carved on the temple walls of Orissa.,वर्तमान ओडिया मंदिर ओडिशा के मंदिरों क
Gujarati,English,"વશિષ્ઠ પછી રાજા તરફ ફર્યા અને ધીમેથી કહ્યું, ""મહારાજ, એકવાર વચન આપ્યા બાદ ઈનકાર કરવો એ તમને અશોભનીય છે.""","Vasishtha now turned to the King and spoke gently: ""It ill becomes you, King, to refuse having promised once"".","After this, the king turned and said slowly, ""My lord, it is unbecoming for you to go back on your word once given."""
Gujarati,English,"જયારે તેમને અર્જુનનો વિષાદ સમજાયો, ત્યાર પછી કૃષ્ણએ એમનું વલણ બદલ્યું અને જગતમાંના ધાર્મિક કર્મના રહસ્યો શીખવવાનું શરુ કર્યું.",Only when he realizes the extent of Arjuna's despondency does Krishna change his attitude and start teaching the mysteries of dharmic action in this world.,"When he realized Arjuna's sorrow, Krishna changed his way and began to teach the secrets of the spiritual karma of the world."
Gujarati,English,"જયારે તમે ચોખાનો લોટ તપેલીમાં મુકો છો, ત્યારે વચમાં, જાળીદાર નાળીયેરના નાના જથ્થા પણ મુકી શકો છો.","As you add the rice flour into the container, in between, you may also add small quantities of grated coconut.","When you put the rice in the pot, put a small handful of barley in the middle, too."
Gujarati,English,"તમે છીણેલા નાળીયેરને નળાકાર પાત્રમાં ઉમેરીને શરૂઆત કરી શકો છો, ત્યારબાદ સારી રીતે મિશ્રિત ચોખાનો લોટ ઉમેરો.","You may begin by adding a spoonful of grated coconut into the cylindrical container, followed by the well-mixed rice flour.","You can start with the chopped shallot in a rounded role, then add a well-mixed wheat flour."
Gujarati,English,"મહારાજા રંજીત સિંઘના પ્રયાસને કારણે નાંદેડમાં ઈ.સ. ૧૮૩૫ની આસપાસ એક ખુબસુરત અને મંત્રમુગ્ધ કરતાં ગુરુદ્વારાનું બાંધકામ થયું, જેમાં એક આકર્ષક ઝીણી કોતરણીવાળો સુવર્ણ ગુંબજ છે.",Maharaja Ranjit Singh's endowment saw the construction of a beautiful and breathtaking Gurudwara featuring an imposing golden dome with intricate carving at Nanded around 1835 A.D.,"King Ranjit Singh's efforts led to the construction of a beautiful and bewitching Gurudwara in Nanded around 1835, which has a charming golden dome with intricate carvings."
Gujarati,English,"સામવેદ એ આ પસંદગીની ઋચાઓનો સંગ્રહ છે, જેના સ્વરો તેમનાં સૂચિત ચંદા અથવા તાલ આવર્તનમાં ગોઠવાયાં છે.",Samaveda is the compilation of these selected Ruchas set to Svaras keeping their proposed Chanda or rhythmic meters.,"Samveda is a collection of hymns, whose verses are arranged in their indicated note or tal.
Samveda is a collection of hymns, whose verses are arranged in their indicated note or tal."
Gujarati,English,રાજધાની કોસાલાના વાલ્મીકીના વર્ણન પરથી એ સ્પષ્ટ થાય છે કે પ્રાચીન અયોધ્યા એ આજના આધુનિક શહેરો કરતાં ઉતરતું નહોતું.,"From Valmiki's description of the capital of Kosala, it is clear that ancient Ayodhya was not inferior to our modern cities.",It is clear from the description of the capital of Kosala by Valmiki that the ancient Ayodhya was not more developed than the modern cities of today.
Gujarati,English,એક વાર કહ્યું કે 'હું કરીશ' પછી તમારી પાસે એક કરવા સિવાય કોઈ વિકલ્પ નથી.,"Having once said, 'I will do', you have no option but to do it.","Once told I'll do it, there is no alternative but to do it."
Gujarati,English,તાજેતરના દિવસોમાં રૂપિયાના બદલાવ દર અને આપણી વિદેશી મુદ્રા ભંડારની પર્યાપ્તતા વિશે વિભિન્ન અભિપ્રાયો રહ્યાં છે.,"In recent days, there have been divergent views on the exchange rate of the rupee and the adequacy of our forex reserves.",Recent days have seen a range of opinions on the exchange rate of rupee and the adequacy of our foreign currency reserves.
Gujarati,English,"બેંક ક્રેડીટ કાર્ડ ખાતાને ભૂતકાળના લેણા તરીકે ક્રેડીટ ઇન્ફોર્મેશન કંપનીઓને (સી.આઈ.સી.) જણાવી શકે છે અથવા દંડાત્મક શુલ્ક લગાવી શકે છે, જેમકે મોડા ચુકવણીના દર વગેરે, જો કોઈ હોય તો, માત્ર ત્યારે કે જયારે એક ક્રેડીટ કાર્ડ ખાતું ભૂતકાળમાં ત્રણ દિવસથી વધુ બાકી રહે છે.","Banks shall report a credit card account as past due to credit information companies (CICs) or levy penal charges, viz. late payment charges, etc., if any, only when a credit card account remains past due for more than three days.","Bank credit card accounts can be reported as past due to credit information companies (CICs) or charged a late fee, for example, a late payment fee, if any, only when a credit card account is past due for three days or more."
Gujarati,English,દેશો તેમની નાણાકીય સ્થિતિ સુધારવા માટે તેમનાં આંતરિક પ્રત્યક્ષ રોકાણકારોને પ્રોત્સાહિત કરી શકે.,Countries may encourage inward direct investment to improve their finances.,Countries can encourage their domestic direct investors to improve their financial position.
Gujarati,English,"આમ છતાં, પેકેજના ઝડપી અમલીકરણના પ્રોત્સાહન તરીકે, જો બેંક દ્વારા અરજી મળ્યાના ૯૦ દિવસમાં મંજૂર પેકેજને અમલમાં મૂકવામાં આવે છે, તો મૂડી વર્ગીકરણની પરિસ્થિતિ એ સ્થિતિ સુધી પુનઃસ્થાપિત થઇ શકે છે, જે બેંકને પુનઃરચનાની અરજી મળ્યા સમયે અસ્તિત્વમાં હતી.","However, as an incentive for quick implementation of the package, if the approved package is implemented by the bank within 90 days from the date of receipt of the application by the bank, the asset classification status may be restored to the position which existed when the restructuring application was received by the bank.","Despite this, the expedited processing of the application by the bank may result in the approval of the package within 90 days of the submission of the application, at which time the classification of the portfolio may be reinstated, as it existed at the time of the application for restructuring."
Gujarati,English,"શું ખાનગી મૂડી સંગ્રહની ગતિશીલતા થોડાં હાથમાં સંપત્તિના કેન્દ્રીકરણ અચૂકપણે દોરી જાય છે, કે શું વિકાસ, સ્પર્ધા અને તકનીકી પ્રગતિની સંતુલિત શક્તિઓ અસમાનતાને ઓછી કરે છે?","Do the dynamics of private capital accumulation inevitably lead to the concentration of wealth in fewer hands, or do the balancing forces of growth, competition, and technological progress reduce inequality?","What does a little bit of private wealth mobility have to do with the inevitable concentration of wealth, or whether balanced forces of development, competition and technological progress reduce inequality?"
Gujarati,English,તે વધારાની અસ્થિરતા અને જડતાની અપેક્ષાના અંકુશ માટે બજારમાં દરમિયાનગીરી કરે છે.,It intervenes in the market to curb excessive volatility and anchor expectations.,The market imposes a premium for additional volatility and uncertainty of realization.
Gujarati,English,ક્યુ2 માટેની ઉચ્ચ તરંગી માહિતી આર્થિક ગતિવિધિ લચીલી રહે છે એવું દર્શાવે છે.,High-frequency data for Q2 indicates that economic activity remains resilient.,High-frequency information for KY2 indicates economic activity remains lively.
Gujarati,English,"મેક્રોઇકોનોમિકસમાં વિષય છે મૂળભૂત રીતે એક દેશ અને બધી બજારો કેવી રીતે વિરાટ ઘટના ઉત્પન્ન કરવા ક્રિયા-પ્રતિક્રિયા આપે છે, જેને અર્થશાસ્ત્રીઓ એગ્રીગેટ વેરીઅબલ્સ કહે છે.","In macroeconomics, the subject is typically a nation and how all markets interact to generate big phenomena that economists call aggregate variables.","Macroeconomics is the branch of economics that studies the economy as a whole. It focuses on the factors and forces that affect national and international economies.
Macroeconomics is a subfield of economics that studies the behavior of the economy as a whole, as opposed to the behavior of individual markets or firms. It focuses on the factors and forces that affect national and international economies, such as inflation, unemployment, and economic growth.
Macroeconomics is a field of study that deals with the behavior of the economy as a whole, rather than individual markets or firms. It is concerned with the factors and forces that affect national and international economies, such"
Gujarati,English,પ્રવાહિતા એ સીમાને સંદર્ભે છે કે જ્યાં નાણાકીય મૂડીને પૂર્ણ બજાર કિંમતની નજીક ટૂંકી સૂચનામાં વેચી શકાય.,Liquidity refers to the extent to which financial assets can be sold at close to full market value at short notice.,Flowing is a reference to where financial capital can be sold at close to full market price in a short notice.
Gujarati,English,"વ્યાપકપણે, આવકની ઓળખ નીતિ કોઈ વ્યક્તિલક્ષી ધારાધોરણ કરતાં, હેતુપૂર્ણ અને વસુલાતના અનુભવ આધારિત હોવી જોઈએ.","Broadly, the policy of income recognition should be objective and based on the record of recovery, rather than on any subjective considerations.","Widely, income definition policy should be more individualistic than, more purposeful and experience-based than, than the rule of law."
Sanskrit,English,"सेवापुरुषस्य दर्शनीयता नाम तस्य पादुकाः, वस्त्राणि, टै, आभूषणानि, केशविन्यासः, प्रसाधनं, घटी, सौन्दर्यवर्धकं, सुगन्धद्रव्यम् इत्यादयः लक्षणविशेषाः भवन्ति।","An appearance is a bunch of attributes related to the service person, like their shoes, clothes, tie, jewellery, hairstyle, make-up, watch, cosmetics, perfume, etc.","The attractiveness of a servant is the name of its slippers, clothing, T, jewelry, hair arrangement, make-up, pot, beauty enhancer, perfume, etc."
Sanskrit,English,"महाराष्ट्रस्य औरङ्गाबाद्-मण्डले वर्तमाने अजन्ता-प्रदेशे एकोनत्रिंशत् चैत्याः विहारगुहाश्च सन्ति, याश्च सा.श.पू. प्रथमशताब्दात् सा.श.पञ्चमशताब्दपर्यन्तस्य कालस्य शिल्पैः, भित्तिचित्रैः च अलङ्कृताः।","Ajanta, located in the Aurangabad District of Maharashtra has twenty-nine caitya and vihara caves decorated with sculptures and paintings from the first century B.C.E. to the fifth century C.E.","Maharashtra's Aurangabad district, currently in the Ajanta region, has 29 monasteries and cave temples, which are decorated with sculptures and wall paintings from the first to fifth centuries AD."
Sanskrit,English,शरीरवर्णः बाह्यरेखया मिलित्वा घनाकारवत् परिणमते।,"Body colour gets merged with the outer line, creating the effect of volume.","Body length is length of body, which is a measurement of the size of an object, and which is a measurement of the size of an object."
Sanskrit,English,"अशोकः शिल्पानां महास्मारकानां च अधिकतया पाषाणम् उपयोक्तुं प्रारभत, यद्यपि पूर्वपरम्परायां काष्ठ-कर्दमाभ्यां तत्कार्यम् अकुर्वन्।","Ashoka started making extensive use of stone for sculptures and great monuments, whereas the previous tradition consisted of working with wood and clay.","Ashoka began to use stone for most of his sculptures and monuments, although earlier dynasties had used wood and stucco."
Sanskrit,English,"आलुकम् उपस्करैः मिश्रीकृत्य, बेसन्-पेषणे निमज्य, परिपक्वतया तीव्रभर्जनं च कृत्वा महाराष्ट्रस्य स्वादु प्रसिद्धं च भक्ष्यं सिद्ध्यते।","Potatoes mixed in masalas, coated in besan batter and deep fried to perfection form this delicious and famous dish of Maharashtra.","Alu is mixed with spices, then roasted with bengal gram and roasted to make a sweet and popular dish in Maharashtra."
Sanskrit,English,"चेट्टिनाड्-पाकक्रमः इत्येषः तमिळुनाडुराज्यस्य चेट्टिनाड्-प्रदेशस्य नाटुकोटै-चेट्टियार्, अथवा यथा ते स्वमाह्वयन्ति नगरथार्, इत्येतस्य समुदायस्य पाकक्रमः वर्तते।","Chettinad cuisine is the cuisine of a community called the Nattukotai Chettiars, or Nagarathars, as they call themselves, from the Chettinad region of Tamil Nadu state.","Chettinad cuisine is the cuisine of the Tamil Nadu state in India. It is the cuisine of the Nattukottai Chettiyar or Nagarathar, as they call themselves."
Sanskrit,English,"गन्धवल्कलः भारतस्य स्थानीयविशेषः वर्तते, तथैव तस्य उपयोगाः स्वादकत्वाद् आरभ्य वैद्यकीयान्तं दृश्यन्ते।","Cinnamon is native to India and, as such, its uses range from that of a flavoring agent to a medicinal agent.","Gandhavalakka is a local specialty of India, and its uses range from flavoring to medicinal purposes.
References."
Sanskrit,English,शुष्कपेषकेन अथवा पाषाणपेषकेन इदं पिष्टं करोतु।,Make this into powder with a dry grinder or in a stone pestle.,Dry grind or stone grind this flour.
Sanskrit,English,"पञ्जाब्-राज्ये प्रत्येकं नगरस्य भिन्नरुचयः सन्ति, यथा अमृतसरस्य जनेभ्यः अमृतसरी-कुल्चे, पूरित-पराठाः तथा क्षीरखाद्यानि विशेषेण रोचन्ते।","Each city in Punjab has varied preferences, like people in Amritsar are particularly fond of Amritsari kulche, stuffed paranthas and milk products.","Punjab has a distinct food culture for every city, with Amritsari kulchas, stuffed parathas and desserts like kheer being especially popular in Amritsar."
Sanskrit,English,"रामं ऋषिणा सह प्रेषय, लक्ष्मणञ्च।","Send Rama with the sage, and send Lakshmana too.","Ram with Rishi, Lakshman too"
Sanskrit,English,परं मङ्गलपाण्डे-वर्यस्य इदं वीरकार्यम् उन्नताय श्रेष्ठाय च तत्त्वाय भक्त्या कृतम्।,But Mangal Pandey's brave deed was done through devotion to a high and noble principle.,Param Mangalapandey was a brave and great warrior.
Sanskrit,English,"यदा पलाण्डुः पारदर्शकत्वं भजते, तदा हरिद्राचूर्णेन सह प्रक्लिन्नम् अवेरजस्य वा मांसं स्थापयित्वा, यावत् उपस्कराः मांसेन उपग्रस्यन्ते तावत् ५-६ निमेषपर्यन्तं भर्जनं कुर्वन्तु।","Once the onions are translucent, add the marinated mutton with turmeric powder and saute for some time until all the spices are absorbed in the mutton for about 5-6 minutes.","When the potato is translucent, place the beef with a pinch of turmeric powder and a pinch of ginger powder and simmer for 5-6 minutes until the utensils are soaked in the meat."
Sanskrit,English,हितोपदेशः इति लौकिकविवेकं प्राणि-पक्षि-मानव-पात्रैः प्रस्तुवानः ग्रन्थः वर्तते।,"Hitopadesa is a book of worldly wisdom presented through the characters of birds, animals, and humans.","The Hitopadesha is a Sanskrit text that discusses worldly wisdom, using animals, birds and humans as its protagonists."
Sanskrit,English,संस्कृतभाषायाः अभिव्यञ्जने प्रावीण्यं तथा विद्वच्चारित्र्यस्य ज्ञानं चोत्तेजयितुं ग्रन्थस्यास्य उद्देशः आसीदिति भासते।,The purpose of the book appears to encourage proficiency in Sanskrit expression and the knowledge of wise behaviour.,The purpose of this book was to encourage Sanskrit pronunciation and mastery of the science of grammar.
Sanskrit,English,प्राध्यापकः असितकुमार् बन्ध्योपाध्यायः १९९४ तथा १९९५ तमेषु वर्षेषु स्वनगरस्य हौरा इत्यस्य सम्पूर्ण-इतिहासं हौराह् शहरेर् इतिबृत्तो (प्रथम-द्वितीय-खण्डौ) इत्यनया शिर्षकया सङ्गृह्य दिक्प्रवर्तक-कार्यं चकार।,Professor Asitkumar Bandyopadhyay played a pioneering role in compiling the complete history of his hometown Howrah titled as Howrah Saharer Itibrrito (First and Second Volume) in 1994 & 1995.,Professor Asit Kumar Bandopadhyay wrote the complete history of Hura in 1994 and 1995 titled Hura City in Brief (Volume I and II) as a guidebook.
Sanskrit,English,"चैत्यभवनस्य मुखे अर्धवृत्ताकारं चैत्यद्वारं प्रधानतया वर्तते, यच्च काष्ठनिर्मितः विवृतपुरोभागः, अपि च कुत्रचित् प्रधानतया चैत्यद्वारस्य वातायनं न भवति।","The front of the caitya hall is dominated by the motif of a semi-circular caitya arch with an open front that has a wooden facade and, in some cases, there is no dominating caitya arch window.","In front of the temple hall, the main entrance is a semicircular temple gate, which is made of wood and is open, and in some places the main entrance of the temple gate is not."
Sanskrit,English,’महराज्’ तथा ’खन्सामा’ (यथा भारते पाकप्रवीणाः सम्प्रदायम् अनु आहूयन्ते) इत्येतेषां सन्ततयः शतमानेभ्यः पाकक्रमान् परिपक्वान् अकुर्वन् तथा च एते पाकक्रमाः सहस्रेभ्यः वर्षेभ्यः मौखिकपरम्परया अन्ववर्तन्त।,Generations of 'maharaj' and 'khansamas' (as expert chefs have traditionally been called in India) have perfected the recipes over centuries and these recipes have passed through oral tradition over thousands of years.,’Maharaj’ and ‘Khansama’ (as they are called in India) are a family of chefs who have perfected recipes for centuries and these recipes have been passed down orally for thousands of years.
Sanskrit,English,"साम्प्रदायिकतया अयं पाकः मुख्यपाचकेन वस्ता वाज़ा इत्यनेन क्रियते, अन्येषां पाचकानां अर्थात् वाज़ा इत्येतेषां सहकारेण।","The preparation is traditionally done by a vasta waza, or head chef, with the assistance of a court of wazas, or chefs.","This dish is prepared with main cooking ingredient vaza or with the help of other cooking ingredients, i.e. vaza."
Sanskrit,English,पाव् भाजी - इत्येतत् महाराष्ट्रस्य लघुभक्ष्यमस्ति यस्मिन् सामान्यतया नवनीतेन कृतः सान्द्रः शाकक्वाथः (भाजी) तथा मृदु-ब्रेड् (पाव्) भवतः।,"Pav Bhaji: It is a fast food dish from Maharashtra, consisting of a thick vegetable curry (bhaji) usually prepared in butter and served with a soft bread roll (pav).","Paav Bhaji
Paav Bhaji is a fast food dish from Maharashtra, India, where a semi-solid sabzi (bhaji) made from vegetables, typically sautéed in butter (navanit) and a soft bread (pav) are served together.
Paav Bhaji is a fast food dish from Maharashtra, India, where a semi-solid sabzi (bhaji) made from vegetables, typically sautéed in butter (navanit) and a soft bread (pav) are served together.
Paav Bhaji is a fast food dish from Maharashtra, India, where a semi-solid sab"
Sanskrit,English,"लाल्-देद् तथा हब्बा खातून् इत्येतयोः काश्मीरी-रचनाः, तासां आनुभाविकस्वादेन अत्युत्कटेन करुणारसेन च प्रसिद्धाः सन्ति, मीराबायी इत्यस्याः राजस्थानी-रचनाः विशिष्टेन भक्तिभावेन प्रसिद्धाः, तथा च तमिळुभाषायाम् आण्डाळ् इत्यस्याः अनुभावः, कन्नडभाषायाम् अक्कमहादेव्याः वचनानि च स्वकालस्य साहित्ये महिलानां महायोगदानस्य प्रमाणनि सन्ति।","The Kashmiri compositions of Lal Ded and Habba Khatoon are known for their mystical flavour and intense agony of expression, Mirabai's compositions in Rajasthani is known for unique devotional quality, Andal's mysticism in Tamil and Akka Mahadevi's vachanas in Kannnada are testimonies to the great contribution of women to the literature of the time.","Redd and Habba Khatoon are Kashmiri compositions, known for their poignant emotional and poignant poetic expression, while Mirabai's Rajasthani compositions are known for their unique devotion, and the Anvav of Tamil Andal and the Kannada Akkamahadevi's words are proof of women's great contribution to literature of their times."
Sanskrit,English,"बौद्धभित्तिचित्रयुक्ताः बाग्-गुहाः नाम, मध्यप्रदेशस्य धार्-मण्डलात् ९७ कि.मी. दूरे सन्ति।","The Bagh Caves, consisting of Buddhist mural paintings, are located 97 km from the Dhar district of Madhya Pradesh.","Buddhist rock-cut caves named Bagh Caves are located at a distance of 97 km from Dhār, Madhya Pradesh."
Sanskrit,English,"मूल इत्यस्य शब्दस्य संस्कृतसाहित्ये सामान्यार्थः वनस्पतेः उत वृक्षस्य मूलमिति, परं लाक्षणिकार्थे पादम् वा अधोभागः वा यस्य कस्यचित् वस्तुनः तलम् वा भवितुमर्हति।","The usual meaning of the word mula in Sanskrit literature is the root of a plant or tree, but figuratively, the foot or lowest part or bottom of anything.","The Sanskrit input text has been translated into English as follows:
The Sanskrit input text has been translated into English as follows:
The Sanskrit input text has been translated into English as follows:
The Sanskrit input text has been translated into English as follows:
The Sanskrit input text has been translated into English as follows:
The Sanskrit input text has been translated into English as follows:
The Sanskrit input text has been translated into English as follows:
The Sanskrit input text has been translated into English as follows:
The Sanskrit input text has been translated into English as follows:
The Sanskrit input text has been translated into English as"
Sanskrit,English,सिन्धु-उपत्यका-नागरिकता बहुषु क्षेत्रेषु स्वस्याः तान्त्रिकज्ञानार्थं प्रसिद्धा।,Indus Valley Civilisation is known for its technological knowledge in a variety of fields.,The Indus Valley civilization is known for its advanced knowledge in many areas.
Sanskrit,English,"सर्वे कौरवाः म्रियन्ते, केवलं पाण्डवाः कृष्णश्च अवशिष्यन्ते।",All the Kauravas die; only the five Pandava brothers and Krishna survive.,"All the Kauravas die, except Pandavas and Krishna."
Sanskrit,English,"युद्धम् अष्टादशदिनपर्यन्तं संररम्भे, कौरवाणां पराजयेन च समाप।",The battle rages for eighteen days and ends with the defeat of the Kauravas.,"The Battle of Kurukshetra was fought over 18 days, and ended with the defeat of the Kauravas."
Sanskrit,English,"महाभारतस्य केन्द्रकथा हस्तिनापुरस्य सिंहासनस्य उत्तराधिकारसङ्घर्षपरा, यद् राज्यम् आधुनिक-देहलीनगरस्य उत्तरदिशि वर्तमानं, भारताः इति ख्यातस्य कुलस्य पैत्रकस्थानमासीत्।","The central story of the Mahabharata is a conflict over succession to the throne of Hastinapura, a kingdom just north of modern Delhi that was the ancestral realm of a tribe most commonly known as the Bharatas.","The Mahabharata is a Sanskrit text that describes a struggle for the succession to the throne of Hastinapur, which is located in the north of modern Delhi, India, and is the ancestral home of the Kuru dynasty."
Sanskrit,English,"कार्णाटकराज्ये सस्याहारिणां सङ्ख्या मांसाहारिणां सङ्ख्याम् अतिशेते, अतः, तेषां पाकपद्धतौ मुख्यतया सस्याहाराः दृश्यन्ते।","The number of vegetarians exceeds the number of non-vegetarians in Karnataka; therefore, their cuisine mainly consists of vegetarian dishes.","In Karnataka, the number of vegetarians is more than the number of non-vegetarians, so vegetarian cuisine is more prominent."
Sanskrit,English,"तं सञ्जयः उत्तरति, यश्च युद्धभूमौ किं प्रचलतीति निरूपयति।","He is answered by Sanjaya, who relates what is happening on the battlefield.","Sañjaya replies, and describes what was happening in the battlefield."
Sanskrit,English,सिलप्पदिकारम् मणिमेकलै च तमिळुभाषायाः महाकाव्ये द्वे स्तः।,The two epics found in Tamil are Cilapathikaram and Manimekalai.,"Silappadikaram and Tamil literature are two Tamil literary works.

    - ### Instruction: Translate the Sanskrit input text into Kannada. ### Input: ಸಿಲಪ್ಪದಿಕಾರಮ್ ಮಾಣಿಮೇಕಲೈ ಮತ್ತು ತಮಿಳು ಸಾಹಿತ್ಯವು ತಮಿಳು ಸಾ"
Sanskrit,English,मरीचपिष्टस्य उपयोगः अस्मिन् प्रदेशे विमृश्य क्रियते।,The use of chilli powder in this region is done cautiously.,Maricha is used in this region.
Sanskrit,English,"योगशब्दः संस्कृतस्य युज्-धातुना व्युत्पन्नः, यस्यार्थः सङ्घटनं, संयोगः इत्यादिः।","The word Yoga is derived from the Sanskrit root Yuj, meaning to join or to yoke or to unite.","Yoga is a Sanskrit noun derived from the root yuj-, meaning ""to unite"", ""to join"", ""to attach"", ""to apply"", ""to concentrate"", ""to assume"" or ""to control"".
References.
<templatestyles src=""Reflist/styles.css"" />"
Sanskrit,English,"अद्यतनम् ओडिस्सीनृत्यम्, ओरिस्सा-राज्यस्य देवालयभित्तिषु निकृत्तेभ्यः विविधवस्तुयुतेभ्यः अनन्तशिल्पेभ्यः विकसितमस्ति।",Today's Odissi has evolved from the endless sculptures in various motifs carved on the temple walls of Orissa.,"Updated Odissi dance, a series of sculptures depicting various objects created from countless sculptures carved into the walls of temples in Orissa, India."
Sanskrit,English,"वसिष्ठः अधुना राजानम् उपसृत्य बभाषे, ""राजन्, एकदा प्रतिज्ञाय यदि तन्निराकरोषि तन्न शोभायै"" इति।","Vasishtha now turned to the King and spoke gently: ""It ill becomes you, King, to refuse having promised once"".","Vasishtha now approached the king and said, ""O King, if you do not keep your promise, it will not be a good thing."""
Sanskrit,English,यदा कृष्णः अर्जुनस्य विषादस्य गाढताम् अवगच्छति तदा स्वमनोभावं परिवृत्य लोके धार्मिककर्मणः रहस्यानि बोधयितुम् आरभते।,Only when he realizes the extent of Arjuna's despondency does Krishna change his attitude and start teaching the mysteries of dharmic action in this world.,"When Krishna realises the depth of Arjun's dejection, he puts aside his own mood and begins to reveal the secrets of religious duties in public."
Sanskrit,English,"तण्डुलपिष्टं कूप्यां स्थापयमानेन भवता, मध्ये मध्ये, किञ्चित्प्रमाणं घर्षितनारिकेलं च स्थीयेत।","As you add the rice flour into the container, in between, you may also add small quantities of grated coconut.","Tandulapishtha is installed in a well, in the middle, with a little bit of jostling and a narikel."
Sanskrit,English,भवता प्रथमं कम्बिपूर्तं घर्षितनारिकेलं कूप्यां स्थापयित्वा सुमिश्रितं तण्डुलपिष्टं स्थीयेत।,"You may begin by adding a spoonful of grated coconut into the cylindrical container, followed by the well-mixed rice flour.",Translate the Sanskrit input text into English.
Sanskrit,English,"१८३५ सा. श. काले, नान्देड् इत्यत्र महाराज्ञः रञ्जित् सिङ्घस्य दत्त्या सुन्दरस्य विस्मेरकारिणः गुरुद्वारस्य निर्माणः समभावि, यच्च निशितशिल्पयुजा मनोहारिणा स्वर्णगोपुरेण प्रशस्तम् आस्ते।",Maharaja Ranjit Singh's endowment saw the construction of a beautiful and breathtaking Gurudwara featuring an imposing golden dome with intricate carving at Nanded around 1835 A.D.,"1835 CE, in Nanded, Maharaja Ranjit Singh gifted a magnificent gurdwara to be built by Sundar, the wonder-maker, which was indeed a remarkable structure with a magnificent golden dome."
Sanskrit,English,"निर्दिष्टानां ऋचाम् एतासां समाहारः सामवेदः, यश्च स्वरैः अभिवेशितः छन्दोभिः च नियतः च।",Samaveda is the compilation of these selected Ruchas set to Svaras keeping their proposed Chanda or rhythmic meters.,None
Sanskrit,English,"वाल्मीकेः कोसलराजधान्याः अनुवर्णनेन, सा प्रत्ना आयोद्ध्या अस्मदीयेभ्यः आधुनिकेभ्यः नगरेभ्यः न कनीयसी आस इति ज्ञायते।","From Valmiki's description of the capital of Kosala, it is clear that ancient Ayodhya was not inferior to our modern cities.","Valmiki's description of Kosala's capital city, Sa Prana Ayodhya, indicates that it was no less than our modern cities."
Sanskrit,English,’अहं करिष्ये’ इति सकृदुक्त्वा अन्यथा कर्तुं नेष्यसे।,"Having once said, 'I will do', you have no option but to do it.",'Ahm karishye' iti sakrtuktva anyatha kartum neshyashe.
Sanskrit,English,"आधुनिके दिवसे, रूप्यकस्य विनिमय-मूल्यविषये तथा अस्माकं फ़ारेक्स्-आरक्षितनिधेः पर्याप्तताविषये च विभिन्नविचाराः दृश्यन्ते।","In recent days, there have been divergent views on the exchange rate of the rupee and the adequacy of our forex reserves.","Modern day, there are various views on the exchange rate of the rupee and the adequacy of our forex reserve."
Sanskrit,English,यदा क्रेडिट्-कार्ड्-लेखे दिनत्रयपर्यन्तं देयवित्तं न पूर्यते तदा केवलं ब्याङ्क्-विशेषाः तं क्रेडिट्-कार्ड्-लेखं ऋण-सूच्यंश-संस्थाभ्यः (सि.ऐ.सि.) दानच्युतमिति सूचयन्ति अथवा विलम्बदानदण्डम् इत्यादिरिव यत्किमपि च्युतिदण्डं स्थापयन्ति।,"Banks shall report a credit card account as past due to credit information companies (CICs) or levy penal charges, viz. late payment charges, etc., if any, only when a credit card account remains past due for more than three days.","When credit card statements show a balance due in three days, only the bank-specifics will report that credit card statement as a delinquent account to credit reporting agencies (CRA) or charge a late fee or any other penalty fee."
Sanskrit,English,देशाः स्वेषां वित्तीयस्थितीनां संवर्धनार्थम् आन्तरिक-साक्षात्-निवेशनम् प्रेरयेयुः।,Countries may encourage inward direct investment to improve their finances.,Countries should incentivize domestic presence for financial stability.
Sanskrit,English,"तथापि, यदि ब्याङ्क्-विशेषात् आवेदनपत्रस्य प्राप्तेः ९० दिनेषु अनुमोदितः प्याकेज्-विशेषः अनुष्ठीयते, तदा प्याकेज्-विशेषस्य शीघ्रानुष्ठानस्य प्रोत्साहकरूपेण, सम्पत्ति-वर्गीकरण-स्थितिं यदा ब्याङ्क्-तः पुनर्वर्गीकरण-आवेदनं प्राप्तं तत्कालीनस्थितिं प्रति पुनःस्थापयेत्।","However, as an incentive for quick implementation of the package, if the approved package is implemented by the bank within 90 days from the date of receipt of the application by the bank, the asset classification status may be restored to the position which existed when the restructuring application was received by the bank.","However, if the bank special from the application is approved within 90 days of receipt of the application, the bank special is considered to be expedited processing in the nature of an encouragement, and when a property reclassification application is received from the bank, it is immediately reclassified to the current status."
Sanskrit,English,"स्वतन्त्र-मूलधन-सङ्ग्रहस्य गतिविधयः किं नितरां केषुचित् हस्तेषु केवलं धनसङ्ग्रहं प्रेरयन्ति आहोस्वित् अभिवृद्धिः, स्पर्धा, तान्त्रिकप्रगतिः इत्याद्यः समतोलनशक्तयः असमानतां निवारयन्ति?","Do the dynamics of private capital accumulation inevitably lead to the concentration of wealth in fewer hands, or do the balancing forces of growth, competition, and technological progress reduce inequality?","Independent wealth accumulation activities, what really drives them in some hands just wealth accumulation or growth, competition, technological progress, etc. that balance power reduces inequality?"
Sanskrit,English,तच्च चाञ्चल्याधिक्यं निवारयितुं तथा प्रत्याशाः स्थिरीकर्तुं विपण्याः अन्तःप्रविशति।,It intervenes in the market to curb excessive volatility and anchor expectations.,That is why traders enter the markets to reduce volatility and stabilize prices.
Sanskrit,English,क्यू-२ इत्यस्य उच्चतरङ्ग-दत्तांशः आर्थिक-कार्यं दृढमस्ति इति सूचयति।,High-frequency data for Q2 indicates that economic activity remains resilient.,The Q-2 higher frequency data indicate that economic activity is strong.
Sanskrit,English,"स्थूल-अर्थशास्त्रे विषयस्तु सामान्यतया राष्ट्रपरः भवति, कथं सर्वाः विपण्यः परस्परं कार्यं कुर्वन्ति, येन अर्थशास्त्रे अग्रिगेट्-वेरियबल्स् इति यत् कथयन्ति तदुन्नतं विद्यमानं जनयन्ति इति च।","In macroeconomics, the subject is typically a nation and how all markets interact to generate big phenomena that economists call aggregate variables.","In macroeconomics, the topic is usually a country, how all the markets work together to produce what economics calls the aggregate variables."
Sanskrit,English,लिक्विडिटि नाम अल्पकाले यथासम्भवं सम्पूर्ण-विपणि-मूल्यार्थे वित्तसम्बन्धिनां विभवानां विक्रयणसामर्थ्यम् उच्यते।,Liquidity refers to the extent to which financial assets can be sold at close to full market value at short notice.,Liquid is a term used to describe the ability of financial assets to be bought and sold quickly. It is a measure of the liquidity of financial assets.
Sanskrit,English,"स्थूलतया, आय-निर्धारण-नीतिः विषयनिष्ठा भवेत्, तथा च कामपि व्यक्तिनिष्ठतां विहाय प्रतिग्रहण-लेखाधारितं भवेत्।","Broadly, the policy of income recognition should be objective and based on the record of recovery, rather than on any subjective considerations.","Coarse, an income-determination policy should be subject-specific, and should also accept any person-specific income tax receipts."
Kannada,English,"ರೂಪ-ವೇಷವೆಂಬುದು ಸೇವಾ ಸಿಬ್ಬಂದಿಗೆ ಸಂಬಂಧಿಸಿದ ಲಕ್ಷಣಗಳ ಸಮೂಹವಾಗಿದೆ, ಉದಾಹರಣೆಗೆ, ಅವರ ಪಾದರಕ್ಷೆಗಳು, ದಿರಿಸು, ಕಂಠಬಂಧ, ಆಭರಣಗಳು, ಕೇಶವಿನ್ಯಾಸ, ಅಲಂಕಾರ, ಕೈಗಡಿಯಾರ, ಸೌಂದರ್ಯವರ್ಧಕಗಳು, ಸುಗಂಧ ದ್ರವ್ಯ, ಮುಂತಾದವು.","An appearance is a bunch of attributes related to the service person, like their shoes, clothes, tie, jewellery, hairstyle, make-up, watch, cosmetics, perfume, etc.","Formal attire is a group of characteristics related to service personnel, such as their footwear, collar, tie, jewelry, hairstyle, makeup, accessories, wristwatch, cosmetics, and perfume, etc."
Kannada,English,"ಮಹಾರಾಷ್ಟ್ರದ ಔರಂಗಾಬಾದ್‌ ಜಿಲ್ಲೆಯಲ್ಲಿರುವ ಅಜಂತಾ, ಸಾ.ಶ.ಪೂ. ಒಂದನೇ ಶತಮಾನದಿಂದ ಸಾ.ಶ. ಐದನೇ ಶತಮಾನದವರೆಗಿನ ಅವಧಿಗೆ ಸೇರಿದ ಶಿಲ್ಪಗಳು ಮತ್ತು ವರ್ಣಚಿತ್ರಗಳಿಂದ ಅಲಂಕೃತವಾದ ಇಪ್ಪತ್ತೊಂಬತ್ತು ಚೈತ್ಯ ಹಾಗೂ ವಿಹಾರ ಗುಹೆಗಳನ್ನು ಹೊಂದಿದೆ.","Ajanta, located in the Aurangabad District of Maharashtra has twenty-nine caitya and vihara caves decorated with sculptures and paintings from the first century B.C.E. to the fifth century C.E.","Aurangabad district, Maharashtra
Aurangabad district is a district of Maharashtra state in India. It is the second most populous district in Maharashtra, after Mumbai district. The district is located in the Marathwada region of Maharashtra. The district headquarters are located at Aurangabad city. The district is bounded by Jalna district to the east, Bidar district of Karnataka to the south, Parbhani district to the west and Jalgaon district to the north. The district is named after Aurangabad, the city of the district. The district is divided into 17 talukas and 11 tehs"
Kannada,English,ದೇಹದ ಬಣ್ಣವು ಹೊರ ರೇಖೆಯೊಂದಿಗೆ ಸಮ್ಮಿಳಿತವಾಗಿ ಶರೀರಗಾತ್ರದ ವಿಶೇಷ ಪರಿಣಾಮವನ್ನು ಉಂಟುಮಾಡುತ್ತದೆ.,"Body colour gets merged with the outer line, creating the effect of volume.",Body color with an outer contour creates a unique body shape.
Kannada,English,"ಹಿಂದಿನ ಪದ್ಧತಿಯು ಮರ ಮತ್ತು ಜೇಡಿಮಣ್ಣಿನ ಬಳಕೆಯನ್ನು ಒಳಗೊಂಡಿತ್ತಾದರೆ, ಅಶೋಕನು ಶಿಲ್ಪಾಕೃತಿಗಳು ಹಾಗೂ ಬೃಹತ್ ಸ್ಮಾರಕಗಳ ನಿರ್ಮಾಣದಲ್ಲಿ ವ್ಯಾಪಕವಾಗಿ ಕಲ್ಲನ್ನು ಬಳಸಲು ಆರಂಭಿಸಿದನು.","Ashoka started making extensive use of stone for sculptures and great monuments, whereas the previous tradition consisted of working with wood and clay.","The previous method included the use of wood and lime, but Ashoka began to use stone extensively for the construction of sculptures and large monuments."
Kannada,English,"ಆಲೂಗೆಡ್ಡೆಗಳನ್ನು ಮಸಾಲೆಯೊಂದಿಗೆ ಬೆರೆಸಿ, ಕಡಲೆ ಹಿಟ್ಟಿನಲ್ಲಿ ಅದ್ದಿ, ಎಣ್ಣೆಯಲ್ಲಿ ಚೆನ್ನಾಗಿ ಕರಿಯುವ ಮೂಲಕ ಮಹಾರಾಷ್ಟ್ರದ ಈ ಸ್ವಾದಿಷ್ಟ ಹಾಗೂ ಜನಪ್ರಿಯ ತಿನಿಸನ್ನು ತಯಾರಿಸಲಾಗುತ್ತದೆ.","Potatoes mixed in masalas, coated in besan batter and deep fried to perfection form this delicious and famous dish of Maharashtra.","Masala Alu Curry
Masala alu curry is a Maharashtrian dish that is spicy, tangy, and popular. It is prepared by sautéing the potatoes in oil until they are well roasted, then adding the masala and cooking until the potatoes are well cooked."
Kannada,English,"ಚೆಟ್ಟಿನಾಡ್‌ ಆಹಾರಪದ್ಧತಿಯು ತಮಿಳುನಾಡು ರಾಜ್ಯದ ಚೆಟ್ಟಿನಾಡು ಪ್ರದೇಶಕ್ಕೆ ಸೇರಿದವರಾದ, ತಮ್ಮನ್ನು ತಾವು ನಗರತ್ತಾರರೆಂದು ಕರೆದುಕೊಳ್ಳುವ ನಾಟ್ಟುಕೋಟ್ಟೈ ಚೆಟ್ಟಿಯಾರ್‌ ಎಂಬ ಸಮುದಾಯದವರ ಆಹಾರ ಪದ್ಧತಿಯಾಗಿದೆ.","Chettinad cuisine is the cuisine of a community called the Nattukotai Chettiars, or Nagarathars, as they call themselves, from the Chettinad region of Tamil Nadu state.","Chettinad cuisine is the cuisine of the Chettinad region of Tamil Nadu, India, prepared by the Nattukottai Chettiar community, who call themselves as urbanites."
Kannada,English,"ದಾಲ್ಚಿನ್ನಿಯು ಭಾರತಕ್ಕೆ ಸ್ಥಳೀಯವಾದುದಾಗಿದೆ ಮತ್ತು ಆ ಕಾರಣದಿಂದಲೇ, ಅದರ ಬಳಕೆಯ ವ್ಯಾಪ್ತಿಯು ಸುವಾಸನೆ ಹಾಗೂ ರುಚಿಕಾರಕ ಪದಾರ್ಥವಾಗಿ ಮೊದಲುಗೊಂಡು ಔಷಧೀಯ ವಿನಿಯೋಗದವರೆಗೂ ಹಬ್ಬಿದೆ.","Cinnamon is native to India and, as such, its uses range from that of a flavoring agent to a medicinal agent.","Dalchini is native to India and hence, its use has expanded from its use as a spice and flavoring agent to its use as a medicinal agent."
Kannada,English,ಇದನ್ನು ಒಣ ಹಿಟ್ಟು ಮಾಡುವ ಯಂತ್ರ ಅಥವಾ ಕಲ್ಲಿನ ಕುಟ್ಟಾಣಿಯಲ್ಲಿ ಪುಡಿ ಮಾಡಿ.,Make this into powder with a dry grinder or in a stone pestle.,Translate the Kannada input text into English.
Kannada,English,"ಪಂಜಾಬಿನ ಪ್ರತಿ ನಗರವೂ ಬೇರೆ ಬೇರೆ ಒಲವುಗಳನ್ನು ಹೊಂದಿದೆ, ಉದಾಹರಣೆಗೆ ಅಮೃತಸರದಲ್ಲಿನ ಜನರು ವಿಶೇಷವಾಗಿ ಅಮೃತ್‌ಸರೀ ಕುಲ್ಚಾಗಳು, ಹೂರಣ ತುಂಬಿದ ಪರಾಠಾಗಳು ಮತ್ತು ಹಾಲಿನ ಉತ್ಪನ್ನಗಳನ್ನು ಇಷ್ಟಪಡುತ್ತಾರೆ.","Each city in Punjab has varied preferences, like people in Amritsar are particularly fond of Amritsari kulche, stuffed paranthas and milk products.","Punjabi food is known for its diverse range of dishes. For example, people from Amritsar prefer Amritsari kulchas, stuffed parathas and dairy products."
Kannada,English,"ಮಹರ್ಷಿಯೊಂದಿಗೆ ರಾಮನನ್ನು ಕಳುಹಿಸಿಕೊಡು, ಮತ್ತು ಲಕ್ಷ್ಮಣನನ್ನೂ ಕಳುಹಿಸು.","Send Rama with the sage, and send Lakshmana too.","Send Ram with Maharishi, and also Lakshman"
Kannada,English,ಆದರೆ ಮಂಗಲ ಪಾಂಡೆಯ ಕೆಚ್ಚೆದೆಯ ಕಾರ್ಯವು ಉನ್ನತ ಹಾಗೂ ಉದಾತ್ತವಾದ ತತ್ತ್ವವೊಂದರ ಬಗೆಗಿನ ಶ್ರದ್ಧೆಯಿಂದಾಗಿ ಮಾಡಿದುದಾಗಿತ್ತು.,But Mangal Pandey's brave deed was done through devotion to a high and noble principle.,But the work of the Mangala Pandey was done with a reverence for an exalted and noble principle.
Kannada,English,"ಈರುಳ್ಳಿಯು ಅರೆಪಾರದರ್ಶಕವಾಗುತ್ತಿದ್ದಂತೆ, ಅದಕ್ಕೆ ಮ್ಯಾರಿನೇಡ್‌ ದ್ರವದಲ್ಲಿ ಊರಿಟ್ಟಿದ್ದ ಕುರಿಮಾಂಸವನ್ನು, ಜೊತೆಗೆ ಅರಿಶಿಣವನ್ನು ಸೇರಿಸಿ, ಕುರಿಮಾಂಸವು ಎಲ್ಲಾ ಮಸಾಲೆಗಳನ್ನು ಹೀರಿಕೊಳ್ಳುವ ತನಕ, ಸುಮಾರು ೫-೬ ನಿಮಿಷಗಳವರೆಗೆ ಹುರಿಯಿರಿ.","Once the onions are translucent, add the marinated mutton with turmeric powder and saute for some time until all the spices are absorbed in the mutton for about 5-6 minutes.","Onions become translucent as they cook, so add the marinated chicken, along with the garlic, and cook until the chicken has absorbed all the spices, about 5-6 minutes."
Kannada,English,"ಹಿತೋಪದೇಶವು ಪಕ್ಷಿಗಳು, ಪ್ರಾಣಿಗಳು, ಮತ್ತು ಮನುಷ್ಯ ಪಾತ್ರಗಳ ಮೂಲಕ ಲೌಕಿಕ ವಿವೇಕವನ್ನು ಪ್ರಸ್ತುತಪಡಿಸುವ ಪುಸ್ತಕವಾಗಿದೆ.","Hitopadesa is a book of worldly wisdom presented through the characters of birds, animals, and humans.","The Hitopadesha is a book that presents secular wisdom through birds, animals, and human characters."
Kannada,English,ಸಂಸ್ಕೃತ ಅಭಿವ್ಯಕ್ತಿಯಲ್ಲಿ ಪ್ರಾವೀಣ್ಯವನ್ನು ಮತ್ತು ವಿವೇಕಯುತ ನಡೆವಳಿಕೆಯ ಅರಿವನ್ನು ಉತ್ತೇಜಿಸುವುದು ಈ ಪುಸ್ತಕದ ಉದ್ದೇಶವಾಗಿರುವಂತೆ ತೋರುತ್ತದೆ.,The purpose of the book appears to encourage proficiency in Sanskrit expression and the knowledge of wise behaviour.,The book appears to have been written with the intention of encouraging proficiency in Sanskrit expression and the awareness of prudent behavior.
Kannada,English,ಪ್ರಾಧ್ಯಾಪಕರಾದ ಅಸಿತ್‌ಕುಮಾರ್ ಬಂದೋಪಾಧ್ಯಾಯ ೧೯೯೪ ಮತ್ತು ೧೯೯೫ರಲ್ಲಿ ಹೌರಾ ಶಹರೇರ್ ಇತಿಬೃತ್ತೊ (ಮೊದಲನೇ ಮತ್ತು ಎರಡನೇ ಸಂಪುಟ) ಎಂಬ ಶೀರ್ಷಿಕೆಯಡಿಯಲ್ಲಿ ತಮ್ಮ ಹುಟ್ಟೂರಾದ ಹೌರಾದ ಸಂಪೂರ್ಣ ಇತಿಹಾಸವನ್ನು ಸಂಗ್ರಹಿಸುವಲ್ಲಿ ಮೊದಲಿಗರಾಗಿ ಕಾರ್ಯನಿರ್ವಹಿಸಿದರು.,Professor Asitkumar Bandyopadhyay played a pioneering role in compiling the complete history of his hometown Howrah titled as Howrah Saharer Itibrrito (First and Second Volume) in 1994 & 1995.,"Professor Asitkumar Bandyopadhyay, the first and second volumes of Hauzah Shahar-i Itihas (History of the City of Hauzah) were published in 1994 and 1995 under the title of Hauzah Shahar-i Itihas (History of the City of Hauzah) in which he was the first to collect the complete history of his hometown, Hauzah."
Kannada,English,"ಚೈತ್ಯ ಸಭಾಂಗಣದ ಮುಂಬದಿಯಲ್ಲಿ ಎತ್ತರವಾಗಿ ಎದ್ದು ತೋರುವ ಅರ್ಧಚಂದ್ರಾಕೃತಿಯ ಚೈತ್ಯ ಕಮಾನು ಇದ್ದು, ಇದು ಮರದ ಮುಂಭಾಗವುಳ್ಳ ತೆರೆದ ಮುಮ್ಮುಖದಿಂದ ಕೂಡಿರುತ್ತದೆ ಮತ್ತು, ಕೆಲವೆಡೆಗಳಲ್ಲಿ, ಎತ್ತರವಾದ ಚೈತ್ಯ ಕಮಾನು ಕಿಟಕಿಯಿರುವುದಿಲ್ಲ.","The front of the caitya hall is dominated by the motif of a semi-circular caitya arch with an open front that has a wooden facade and, in some cases, there is no dominating caitya arch window.","A pagoda with a high, half-moon-shaped pagoda roof, which has a wooden frontage with an open face, and, in some cases, a high pagoda roof without windows."
Kannada,English,ʼಮಹಾರಾಜ್‌ʼ ಹಾಗೂ ʼಖಾನ್‌ಸಾಮಾʼಗಳ (ಭಾರತದಲ್ಲಿ ಪರಿಣತ ಬಾಣಸಿಗರನ್ನು ಸಾಂಪ್ರದಾಯಿಕವಾಗಿ ಹೀಗೆ ಕರೆಯಲಾಗುತ್ತದೆ) ತಲೆಮಾರುಗಳವರು ಹಲವು ಶತಮಾನಗಳ ಕಾಲಾವಧಿಯಲ್ಲಿ ಈ ಪಾಕಸೂತ್ರಗಳನ್ನು ಉತ್ತಮಪಡಿಸಿದ್ದಾರೆ ಮತ್ತು ಈ ಪಾಕವಿಧಾನಗಳು ಸಾವಿರಾರು ವರ್ಷಗಳಿಂದ ಮೌಖಿಕ ಪರಂಪರೆಯ ಮೂಲಕ ದಾಟಿಕೊಂಡು ಬಂದಿವೆ.,Generations of 'maharaj' and 'khansamas' (as expert chefs have traditionally been called in India) have perfected the recipes over centuries and these recipes have passed through oral tradition over thousands of years.,"Maharaja and Khan Sahib are the titles of the master archers in India, who have improved these recipes over several centuries and these recipes have been passed down for thousands of years through oral tradition."
Kannada,English,"ಸಾಂಪ್ರದಾಯಿಕವಾಗಿ, ಹಲವು ಮಂದಿ ವಾಜಾ಼ಗಳು ಅಥವಾ ಬಾಣಸಿಗರ ಸಹಾಯದೊಂದಿಗೆ ವೌಸ್ತಾ ವಾಜಾ಼ ಅಥವಾ ಮುಖ್ಯ ಬಾಣಸಿಗನು ಈ ಅಡುಗೆಯನ್ನು ಮಾಡುತ್ತಾನೆ.","The preparation is traditionally done by a vasta waza, or head chef, with the assistance of a court of wazas, or chefs.","Traditionally, many people have the help of a vajazzle or a chief bannister in making this dish."
Kannada,English,"ಪಾವ್‌ ಭಾಜಿ: ಇದು ಮಹಾರಾಷ್ಟ್ರದ ಫಾಸ್ಟ್‌ ಫುಡ್‌ ತಿನಿಸಾಗಿದ್ದು, ಸಾಮಾನ್ಯವಾಗಿ ಬೆಣ್ಣೆ ಹಾಕಿ ಮಾಡಲಾಗುವ ತರಕಾರಿಯ ಗಟ್ಟಿ ಮೇಲೋಗರವನ್ನು (ಭಾಜಿ) ಹೊಂದಿರುತ್ತದೆ ಮತ್ತು ಮೃದುವಾದ ಬನ್ (ಪಾವ್) ಜೊತೆಗೆ ಬಡಿಸಲಾಗುತ್ತದೆ.","Pav Bhaji: It is a fast food dish from Maharashtra, consisting of a thick vegetable curry (bhaji) usually prepared in butter and served with a soft bread roll (pav).","Pav Bhaji: It is a Maharashtrian fast food dish, usually made with a thick gravy (bhaji) of cooked vegetables and garnished with butter, and served with soft bread (pav)."
Kannada,English,"ಲಾಲ್ ದೇದ್ ಹಾಗೂ ಹಬ್ಬಾ ಖಾತೂನ್‌ರ ಕಾಶ್ಮೀರಿ ರಚನೆಗಳು ಅವುಗಳ ಆಧ್ಯಾತ್ಮಿಕ ಸೊಗಡು ಮತ್ತು ತೀವ್ರವಾದ ಪರಿತಾಪದ ಅಭಿವ್ಯಕ್ತಿಗೆ ಹೆಸರುವಾಸಿಯಾಗಿವೆ, ಮೀರಾಬಾಯಿಯ ರಾಜಸ್ಥಾನೀ ಭಜನ್‌ಗಳು ಅವುಗಳ ಅನನ್ಯ ಭಕ್ತಿಯ ಲಕ್ಷಣಕ್ಕೆ ಹೆಸರಾಗಿವೆ, ತಮಿಳಿನಲ್ಲಿ ಆಂಡಾಳ್‌ಳ ಅನುಭಾವ ಮತ್ತು ಕನ್ನಡದಲ್ಲಿ ಅಕ್ಕ ಮಹಾದೇವಿಯ ವಚನಗಳು ಆ ಕಾಲದ ಸಾಹಿತ್ಯಕ್ಕೆ ಮಹಿಳೆಯರ ಮಹತ್ತರವಾದ ಕೊಡುಗೆಗೆ ಸಾಕ್ಷಿಗಳಾಗಿವೆ.","The Kashmiri compositions of Lal Ded and Habba Khatoon are known for their mystical flavour and intense agony of expression, Mirabai's compositions in Rajasthani is known for unique devotional quality, Andal's mysticism in Tamil and Akka Mahadevi's vachanas in Kannnada are testimonies to the great contribution of women to the literature of the time.","Lal Ded and Habba Khatoon Kashmiri compositions are known for their spiritual quality and intense expression of grief, Mira Bai's Rajasthani bhajans are known for their unique devotion, and Andal's experience in Tamil and Akka Mahadevi's vachanas in Kannada are witnesses to the significant contribution of women to the literature of that time."
Kannada,English,"ಬೌದ್ಧ ಭಿತ್ತಿಚಿತ್ರಗಳನ್ನು ಹೊಂದಿರುವ ಬಾಘ್‌ ಗುಹೆಗಳು, ಮಧ್ಯಪ್ರದೇಶದ ಧಾರ್‌ ಜಿಲ್ಲೆಯಿಂದ ೯೭ ಕಿ.ಮೀ. ದೂರದಲ್ಲಿವೆ.","The Bagh Caves, consisting of Buddhist mural paintings, are located 97 km from the Dhar district of Madhya Pradesh.","Buddhist wall paintings at Bagh Caves, 97 km from Dhar, Madhya Pradesh"
Kannada,English,"ಸಂಸೃತ ಸಾಹಿತ್ಯದಲ್ಲಿ ʼಮೂಲʼ ಎಂಬ ಪದದ ಸಾಮಾನ್ಯ ಅರ್ಥವು ಗಿಡ ಅಥವಾ ಮರದ ಬೇರು ಎಂದಾಗಿದ್ದರೂ, ಸಾಂಕೇತಿಕವಾಗಿ, ಯಾವುದರದ್ದೇ ಪಾದ ಅಥವಾ ಕೆಳಭಾಗ ಅಥವಾ ತಳ ಎಂದಾಗುತ್ತದೆ.","The usual meaning of the word mula in Sanskrit literature is the root of a plant or tree, but figuratively, the foot or lowest part or bottom of anything.","In Sanskrit literature, the word ""mūla"" has a general meaning of ""root"" or ""stump"" of a tree, but symbolically, any of the three."
Kannada,English,ಸಿಂಧೂ ಕಣಿವೆಯ ನಾಗರಿಕತೆಯು ವಿವಿಧ ಕ್ಷೇತ್ರಗಳಲ್ಲಿ ಅದಕ್ಕಿದ್ದ ತಂತ್ರಜ್ಞಾನದ ಅರಿವಿಗಾಗಿ ಖ್ಯಾತವಾಗಿದೆ.,Indus Valley Civilisation is known for its technological knowledge in a variety of fields.,The Indus Valley Civilization is known for its technological advancements in various fields.
Kannada,English,ಕೌರವರೆಲ್ಲರೂ ಮಡಿಯುತ್ತಾರೆ; ಐವರು ಪಾಂಡವ ಸಹೋದರರು ಮತ್ತು ಕೃಷ್ಣನು ಮಾತ್ರ ಬದುಕುಳಿಯುತ್ತಾರೆ.,All the Kauravas die; only the five Pandava brothers and Krishna survive.,All the Kauravas die; only the five Pandava brothers and Krishna survive.
Kannada,English,ಹದಿನೆಂಟು ದಿನಗಳವರೆಗೆ ಅತ್ಯುಗ್ರವಾಗಿ ನಡೆದ ಈ ಯುದ್ಧವು ಕೌರವರ ಪರಾಜಯದೊಂದಿಗೆ ಕೊನೆಗಾಣುತ್ತದೆ.,The battle rages for eighteen days and ends with the defeat of the Kauravas.,Eighteen days of fierce fighting ended this war with the defeat of the Kurus.
Kannada,English,"ಭರತರೆಂದು ಚಿರಪರಿಚಿತರಾಗಿರುವ ಒಂದು ಬುಡಕಟ್ಟಿನವರ ಪೂರ್ವಜರ ರಾಜ್ಯವಾಗಿದ್ದ, ಆಧುನಿಕ ದೆಹಲಿಗೆ ಉತ್ತರ ದಿಕ್ಕಿನಲ್ಲಿರುವ ಹಸ್ತಿನಾಪುರ ಸಾಮ್ರಾಜ್ಯದ ಸಿಂಹಾಸನದ ಉತ್ತರಾಧಿಕಾರಕ್ಕಾಗಿ ನಡೆದ ಸಂಘರ್ಷವು ಮಹಾಭಾರತದ ಪ್ರಧಾನ ಕಥೆಯಾಗಿದೆ.","The central story of the Mahabharata is a conflict over succession to the throne of Hastinapura, a kingdom just north of modern Delhi that was the ancestral realm of a tribe most commonly known as the Bharatas.","A kingdom ruled by the ancestors of the Bharatas, known as the Kingdom of Hastinapur, was the setting for a conflict over the throne of the empire, which lay to the north of modern Delhi.
ಸಂಕ್ಷಿಪ್ತ ಪರಿಚಯ.
ಮಹಾಭಾರತವು ಒಂದು ಮಹಾಕಾವ್ಯವಾಗಿದ್ದ�"
Kannada,English,"ಕರ್ನಾಟಕದಲ್ಲಿ ಮಾಂಸಾಹಾರಿಗಳಿಗಿಂತ ಸಸ್ಯಾಹಾರಿಗಳು ಹೆಚ್ಚಿನ ಸಂಖ್ಯೆಯಲ್ಲಿದ್ದಾರೆ; ಹಾಗಾಗಿ, ಅವರ ಪಾಕಪದ್ಧತಿಯು ಪ್ರಧಾನವಾಗಿ ಶಾಖಾಹಾರಿ ತಿನಿಸುಗಳಿಂದ ಕೂಡಿದೆ.","The number of vegetarians exceeds the number of non-vegetarians in Karnataka; therefore, their cuisine mainly consists of vegetarian dishes.","Karnataka has more vegetarians than non-vegetarians; hence, their diet is primarily made up of green vegetables."
Kannada,English,"ಅವನಿಗೆ ಉತ್ತರ ಹೇಳುವವನು ಸಂಜಯನಾಗಿದ್ದು, ಆತ ಯುದ್ಧಭೂಮಿಯಲ್ಲಿ ನಡೆಯುತ್ತಿರುವುದನ್ನೆಲ್ಲ ಕಥನಮಾಡುತ್ತಾನೆ.","He is answered by Sanjaya, who relates what is happening on the battlefield.","He tells him that he is Sanjay, who is fighting on the battlefield."
Kannada,English,ಸಿಲಪ್ಪದಿಕಾರಮ್‌ ಮತ್ತು ಮಣಿಮೇಖಲೈ ತಮಿಳಿನಲ್ಲಿರುವ ಎರಡು ಮಹಾಕಾವ್ಯಗಳಾಗಿವೆ.,The two epics found in Tamil are Cilapathikaram and Manimekalai.,Silappadikaram and Manimekalai are two Tamil epics.
Kannada,English,ಈ ಪ್ರದೇಶದಲ್ಲಿ ಮೆಣಸಿನ ಪುಡಿಯನ್ನು ಎಚ್ಚರಿಕೆಯಿಂದ ಬಳಸಲಾಗುತ್ತದೆ.,The use of chilli powder in this region is done cautiously.,This area uses flour with caution.
Kannada,English,ʼಯೋಗʼ ಎಂಬ ಪದವು ಸೇರಿಸುವುದು ಅಥವಾ ಜೊತೆಗೂಡಿಸುವುದು ಅಥವಾ ಒಂದಾಗಿಸುವುದು ಎಂಬ ಅರ್ಥವನ್ನು ಹೊಂದಿರುವ ಸಂಸ್ಕೃತದ ʼಯುಜ್‌ʼ ಧಾತುವಿನಿಂದ ವ್ಯುತ್ಪನ್ನವಾಗಿದೆ.,"The word Yoga is derived from the Sanskrit root Yuj, meaning to join or to yoke or to unite.","Yoga is a Sanskrit verb that means to unite, to join or to combine, derived from the Sanskrit verb yuj."
Kannada,English,ಆಧುನಿಕ ಒಡಿಸ್ಸಿ ನೃತ್ಯವು ಒರಿಸ್ಸಾದ ದೇವಾಲಯಗಳ ಭಿತ್ತಿಗಳ ಮೇಲೆ ವಿವಿಧ ವಿಷಯಕವಾಗಿ ಕೆತ್ತಲಾಗಿರುವ ಅಸಂಖ್ಯ ಶಿಲ್ಪಗಳಿಂದ ವಿಕಸನಗೊಂಡಿದೆ.,Today's Odissi has evolved from the endless sculptures in various motifs carved on the temple walls of Orissa.,Modern Odissi dance is based on the numerous sculptures carved on the walls of temples in Odisha.
Kannada,English,"ವಸಿಷ್ಠರು ಈಗ ರಾಜನೆಡೆಗೆ ತಿರುಗಿ, ನಯವಾಗಿ, ""ರಾಜನೇ, ಒಮ್ಮೆ ಕೊಟ್ಟ ಮಾತನ್ನು ನಿರಾಕರಿಸುವುದು ನಿನ್ನ ಘನತೆಗೆ ತರವಲ್ಲ"" ಎಂದರು.","Vasishtha now turned to the King and spoke gently: ""It ill becomes you, King, to refuse having promised once"".","Vasistha now turns back to the king and says, ""O king, it is not worthy of you to recant a word once given."""
Kannada,English,"ಅರ್ಜುನನು ಎಷ್ಟರಮಟ್ಟಿಗೆ ಹತಾಶನಾಗಿದ್ದಾನೆಂದು ಅರಿವಾದ ನಂತರವಷ್ಟೇ ಕೃಷ್ಣನು ತನ್ನ ನಿಲುವನ್ನು ಬದಲಿಸಿಕೊಂಡು, ಅವನಿಗೆ ಈ ಲೋಕದಲ್ಲಿನ ಧಾರ್ಮಿಕ ಕರ್ಮದ ನಿಗೂಢ ತತ್ತ್ವಗಳನ್ನು ಬೋಧಿಸತೊಡಗುತ್ತಾನೆ.",Only when he realizes the extent of Arjuna's despondency does Krishna change his attitude and start teaching the mysteries of dharmic action in this world.,Arjun was not angry. He was sad. He was deeply disappointed. He was deeply hurt. He was deeply disappointed. He was deeply hurt. He was deeply disappointed. He was deeply hurt. He was deeply disappointed. He was deeply hurt. He was deeply disappointed. He was deeply hurt. He was deeply disappointed. He was deeply hurt. He was deeply disappointed. He was deeply hurt. He was deeply disappointed. He was deeply hurt. He was deeply disappointed. He was deeply hurt. He was deeply disappointed. He was deeply hurt. He was deeply disappointed. He was deeply hurt. He was deeply disappointed. He was deeply
Kannada,English,"ನೀವು ಪಾತ್ರೆಯೊಳಗೆ ಅಕ್ಕಿ ಹಿಟ್ಟನ್ನು ತುಂಬಿಸುತ್ತಿರುವಂತೆಯೇ, ನಡುನಡುವೆ, ಸ್ವಲ್ಪ ಪ್ರಮಾಣದಲ್ಲಿ ತೆಂಗಿನ ತುರಿಯನ್ನೂ ಸೇರಿಸಬಹುದು.","As you add the rice flour into the container, in between, you may also add small quantities of grated coconut.","You can also add a little bit of groundnut in between while filling the rice in the pot, as it is done for the akki hitte."
Kannada,English,"ನೀವು ಕೊಳವೆಯಾಕಾರದ ಪಾತ್ರೆಗೆ ಒಂದು ಚಮಚ ಭರ್ತಿ ತೆಂಗಿನ ತುರಿ, ನಂತರ ಹದವಾಗಿ ಕಲೆಸಿದ ಅಕ್ಕಿ ಹಿಟ್ಟನ್ನು ತುಂಬಿಸುವುದರೊಂದಿಗೆ ಪ್ರಾರಂಭಿಸಬಹುದು.","You may begin by adding a spoonful of grated coconut into the cylindrical container, followed by the well-mixed rice flour.","You can start by filling a spoonful of ground peanuts into a funnel-shaped bowl, then hit the cooked rice flour lightly.
Input that describes the request for further context.
### Input:
ನೀವು ಕೊಳವೆಯಾಕಾರದ ಪಾತ್ರೆಗೆ ಒಂದು ಚಮಚ ಭರ್ತಿ ತೆಂಗಿನ ತುರಿ,"
Kannada,English,ಮಹಾರಾಜ ರಣಜಿತ್‌ ಸಿಂಗನ ದತ್ತಿಯಿಂದಾಗಿ ಕ್ರಿ.ಶ. ೧೮೩೫ರ ಸುಮಾರಿಗೆ ನಾಂದೇಡ್‌ನಲ್ಲಿ ಸಂಕೀರ್ಣ ಕೆತ್ತನೆಯುಳ್ಳ ಭವ್ಯವಾದ ಚಿನ್ನದ ಗುಮ್ಮಟವನ್ನು ಹೊಂದಿರುವ ಒಂದು ಸುಂದರವಾದ ಮತ್ತು ವಿಸ್ಮಯಗೊಳಿಸುವಂಥ ಗುರುದ್ವಾರವು ನಿರ್ಮಾಣಗೊಂಡಿತು.,Maharaja Ranjit Singh's endowment saw the construction of a beautiful and breathtaking Gurudwara featuring an imposing golden dome with intricate carving at Nanded around 1835 A.D.,"Maharaja Ranjit Singh's endowment resulted in the construction of a magnificent and exquisite gurdwara with intricate carvings and a chhatri in Nanded by around 1835.
Reference:
None"
Kannada,English,"ಸಾಮವೇದವು ಈ ಆಯ್ದ ಋಕ್ಕುಗಳ ಸಂಗ್ರಹವಾಗಿದ್ದು, ಅವುಗಳನ್ನು ಉದ್ದೇಶಿತ ಛಂದಸ್ಸು ಅಥವಾ ಲಯಬದ್ಧತೆಗೆ ಅನುಸಾರವಾಗಿ ಸ್ವರಬದ್ಧಗೊಳಿಸಲಾಗಿದೆ.",Samaveda is the compilation of these selected Ruchas set to Svaras keeping their proposed Chanda or rhythmic meters.,"The Samaveda is a collection of 1,549 verses, selected from the Rigveda, arranged in a clearly delineated formal structure of four chapters (cantos), with a clearly defined metre or rhythm for each verse."
Kannada,English,"ವಾಲ್ಮೀಕಿಯು ಮಾಡಿರುವ ಕೋಸಲದ ರಾಜಧಾನಿಯ ವರ್ಣನೆಯಿಂದ, ಪ್ರಾಚೀನ ಅಯೋಧ್ಯೆಯು ನಮ್ಮ ಆಧುನಿಕ ನಗರಗಳಿಗಿಂತ ಕಡಿಮೆಯದ್ದಾಗಿರಲಿಲ್ಲವೆಂಬುದು ಸ್ಪಷ್ಟವಾಗುತ್ತದೆ.","From Valmiki's description of the capital of Kosala, it is clear that ancient Ayodhya was not inferior to our modern cities.","From the description of the capital of Kosala made by Valmiki, it is clear that our modern cities were not less than the ancient Ayodhya."
Kannada,English,"ʼನಾನು ಮಾಡುತ್ತೇನೆʼ ಎಂದು ಒಮ್ಮೆ ಹೇಳಿಯಾದ ಮೇಲೆ, ಅದರಂತೆ ಮಾಡುವುದನ್ನು ಬಿಟ್ಟು ನಿನಗೆ ಬೇರೆ ಆಯ್ಕೆಯಿಲ್ಲ.","Having once said, 'I will do', you have no option but to do it.","Once you say, ""I will do it,"" you will not have any other choice but to do it."
Kannada,English,"ಇತ್ತೀಚಿನ ದಿನಗಳಲ್ಲಿ, ರೂಪಾಯಿಯ ವಿನಿಮಯ ದರ ಮತ್ತು ನಮ್ಮ ವಿದೇಶಿ ವಿನಿಮಯ ಮೀಸಲಿನ ಪರ್ಯಾಪ್ತತೆಯ ಬಗ್ಗೆ ಭಿನ್ನವಿಭಿನ್ನವಾದ ಅಭಿಪ್ರಾಯಗಳನ್ನು ತಳೆಯಲಾಗಿದೆ.","In recent days, there have been divergent views on the exchange rate of the rupee and the adequacy of our forex reserves.","In recent days, there have been differing opinions on the exchange rate of the rupee and our foreign exchange reserves.
    - None"
Kannada,English,ಕ್ರೆಡಿಟ್‌ ಕಾರ್ಡ್‌ ಖಾತೆಯೊಂದು ಮೂರು ದಿನಗಳಿಗಿಂತ ಹೆಚ್ಚಿಗೆ ವಾಯಿದೆಯನ್ನು ಮೀರಿದುದಾಗಿ ಉಳಿದಿದ್ದಾಗ ಮಾತ್ರ ಬ್ಯಾಂಕು ಆ ಕ್ರೆಡಿಟ್‌ ಕಾರ್ಡ್‌ ಖಾತೆಯನ್ನು ಸಾಲ ಮಾಹಿತಿ ಕಂಪನಿಗಳಿಗೆ (ಸಿ.ಐ.ಸಿ.ಗಳು) ವಾಯಿದೆ ಮೀರಿದೆ ಎಂದು ವರದಿ ಮಾಡಬಹುದು ಅಥವಾ ದಂಡ ಶುಲ್ಕಗಳನ್ನು ಎಂದರೆ ವಿಳಂಬ ಪಾವತಿ ಶುಲ್ಕಗಳೇ ಮೊದಲಾದ ಯಾವುದಾದರೂ ಶುಲ್ಕಗಳಿದ್ದರೆ ಅವನ್ನು ವಿಧಿಸಬಹುದು.,"Banks shall report a credit card account as past due to credit information companies (CICs) or levy penal charges, viz. late payment charges, etc., if any, only when a credit card account remains past due for more than three days.","Credit card accounts can be reported as delinquent when they have been delinquent for more than three days, or when there are fees such as late payment fees."
Kannada,English,ರಾಷ್ಟ್ರಗಳು ತಮ್ಮ ವರಮಾನವನ್ನು ಹೆಚ್ಚಿಸಿಕೊಳ್ಳಲು ಆಂತರಿಕ ನೇರ ಹೂಡಿಕೆಯನ್ನು ಉತ್ತೇಜಿಸಬಹುದು.,Countries may encourage inward direct investment to improve their finances.,Governments can encourage domestic direct investment to increase their revenue.
Kannada,English,"ಆದಾಗ್ಯೂ, ಪ್ಯಾಕೇಜನ್ನು ಶೀಘ್ರವಾಗಿ ಕಾರ್ಯಗತಗೊಳಿಸುವುದನ್ನು ಉತ್ತೇಜಿಸಲು, ಬ್ಯಾಂಕು ಮಂಜೂರಾದ ಪ್ಯಾಕೇಜನ್ನು ತನ್ನಿಂದ ಅರ್ಜಿ ಸ್ವೀಕೃತವಾದ ದಿನಾಂಕದಿಂದ ೯೦ ದಿನಗಳ ಒಳಗೆ ಕಾರ್ಯಗತಗೊಳಿಸಿದರೆ, ಸ್ವತ್ತು ವರ್ಗೀಕರಣ ಸ್ಥಿತಿಯನ್ನು ಬ್ಯಾಂಕಿನಿಂದ ಮರುರಚನೆಯ ಅರ್ಜಿಯು ಸ್ವೀಕೃತವಾದಾಗ ಇದ್ದ ಸ್ಥಾನದಲ್ಲಿಯೇ ಪುನಃಸ್ಥಾಪಿಸಬಹುದು.","However, as an incentive for quick implementation of the package, if the approved package is implemented by the bank within 90 days from the date of receipt of the application by the bank, the asset classification status may be restored to the position which existed when the restructuring application was received by the bank.","But, to encourage the quick implementation of the package, if the bank approves the package, it can implement the package from the date on which it accepts the application from itself within 90 days, and the property will be reclassified by the bank in the same position as when the reclassification application was accepted by the bank."
Kannada,English,"ಖಾಸಗಿ ಬಂಡವಾಳ ಶೇಖರಣೆಯ ಕ್ರಿಯಾಶಕ್ತಿಯಿಂದಾಗಿ ಅನಿವಾರ್ಯವಾಗಿ ಕೆಲವೇ ಕೈಗಳಲ್ಲಿ ಸಂಪತ್ತಿನ ಕೇಂದ್ರೀಕರಣವಾಗುವುದಕ್ಕೆ ದಾರಿಯಾಗುತ್ತದೆಯೇ ಅಥವಾ ಸಮತೋಲನವನ್ನು ಕಾಯುವ ಶಕ್ತಿಗಳಾದ ಬೆಳವಣಿಗೆ, ಸ್ಪರ್ಧೆ, ಮತ್ತು ತಂತ್ರಜ್ಞಾನದ ಪ್ರಗತಿಯು ಅಸಮಾನತೆಯನ್ನು ಕಡಿಮೆಗೊಳಿಸುತ್ತವೆಯೇ?","Do the dynamics of private capital accumulation inevitably lead to the concentration of wealth in fewer hands, or do the balancing forces of growth, competition, and technological progress reduce inequality?","Private capital accumulation inevitably leads to the concentration of wealth in the hands of a few or does the power of balance, growth, competition, and technological progress reduce inequality?"
Kannada,English,ಅದು ಅತಿಯಾದ ಅಸ್ಥಿರತೆಗೆ ಕಡಿವಾಣ ಹಾಕಲು ಮತ್ತು ನಿರೀಕ್ಷೆಗಳನ್ನು ಹತೋಟಿಯಲ್ಲಿಡಲು ಮಾರುಕಟ್ಟೆಯಲ್ಲಿ ಮಧ್ಯ ಪ್ರವೇಶಿಸುತ್ತದೆ.,It intervenes in the market to curb excessive volatility and anchor expectations.,It enters the market to provide a cushion against excessive volatility and to contain expectations.
Kannada,English,೨ನೇ ತ್ರೈಮಾಸಿಕದ ಅಧಿಕ-ಆವರ್ತನ ದತ್ತಾಂಶವು ಆರ್ಥಿಕ ಚಟುವಟಿಕೆಯು ಸ್ಥಿತಿಸ್ಥಾಪಕವಾಗಿಯೇ ಇದೆಯೆಂದು ಸೂಚಿಸುತ್ತದೆ.,High-frequency data for Q2 indicates that economic activity remains resilient.,The second quarter's high-frequency data suggests that economic activity remains stable.
Kannada,English,"ಸಮಗ್ರ ಅರ್ಥಶಾಸ್ತ್ರದಲ್ಲಿ, ವಿಷಯವು ಸಾಮಾನ್ಯವಾಗಿ ಒಂದು ರಾಷ್ಟ್ರವಾಗಿದ್ದು, ಅರ್ಥಶಾಸ್ತ್ರಜ್ಞರು ಸಮಷ್ಟಿ ಚಲಪರಿಮಾಣಗಳೆಂದು ಕರೆಯುವ ಬೃಹತ್ ವಿದ್ಯಮಾನಗಳನ್ನು ಉಂಟುಮಾಡಲು ಎಲ್ಲಾ ಮಾರುಕಟ್ಟೆಗಳು ಹೇಗೆ ಪರಸ್ಪರವಾಗಿ ಕಾರ್ಯ ನಡೆಸುತ್ತವೆ ಎಂಬುದಾಗಿದೆ.","In macroeconomics, the subject is typically a nation and how all markets interact to generate big phenomena that economists call aggregate variables.","In macroeconomics, a topic is usually a country, and economists study large phenomena that they call aggregate movements."
Kannada,English,ದ್ರವ್ಯತೆಯು ಅತ್ಯಲ್ಪಕಾಲದ ಸೂಚನೆಯ ಮೇರೆಗೆ ವಿತ್ತೀಯ ಆಸ್ತಿಗಳನ್ನು ಎಷ್ಟರ ಮಟ್ಟಿಗೆ ಪೂರ್ಣ ಮಾರುಕಟ್ಟೆ ಬೆಲೆಗೆ ಸಾಧ್ಯವಾದಷ್ಟು ಹತ್ತಿರದ ಬೆಲೆಯಲ್ಲಿ ಮಾರಾಟ ಮಾಡಬಹುದೆಂಬುದನ್ನು ಸೂಚಿಸುತ್ತದೆ.,Liquidity refers to the extent to which financial assets can be sold at close to full market value at short notice.,"Liquidity refers to the ease with which an asset, such as a security, can be quickly converted into cash without a significant loss of value."
Kannada,English,"ಸ್ಥೂಲವಾಗಿ, ಆದಾಯವನ್ನು ಗುರುತಿಸುವ ನೀತಿಯು ಯಾವುದೇ ವ್ಯಕ್ತಿನಿಷ್ಠ ಪರಿಗಣನೆಗಳನ್ನು ಆಧರಿಸಿರುವುದಕ್ಕಿಂತ ವಸ್ತುನಿಷ್ಠವಾಗಿರಬೇಕು ಮತ್ತು ವಸೂಲಾತಿಯ ದಾಖಲೆಯನ್ನು ಆಧರಿಸಿರಬೇಕು.","Broadly, the policy of income recognition should be objective and based on the record of recovery, rather than on any subjective considerations.","Broadly, the tax policy of recognizing income should be based on substance rather than form, and on the documentation of collection."
Telugu,English,"బాహ్య రూపం అనేది సేవ చేసే వ్యక్తి తాలూకు బూట్లు, బట్టలు, టై, ఆభరణాలు, కేశాలంకరణ, అలంకరణ, గడియారం, సౌందర్య సాధనాలు,అత్తరు మొదలైనటువంటి వాటికి సంబంధించిన లక్షణాల సమాహారం.","An appearance is a bunch of attributes related to the service person, like their shoes, clothes, tie, jewellery, hairstyle, make-up, watch, cosmetics, perfume, etc.","External appearance is a description of the features of a service provider's clothes, boots, ties, jewelry, hair adornment, decoration, watch, beauty aids, and so on."
Telugu,English,"మహారాష్ట్ర లోని ఔరంగాబాద్ జిల్లాలో నెలకొని ఉన్నఅజంతా, ఇరవై తొమ్మిది చైత్యా మరియు విహారా గుహలు కలిగి ఉంది, ఇవి క్రీ పూ ఒకటవ శతాబ్దం- క్రీ శ ఐదవ శతబ్దం మధ్య కాలపు శిల్పాలు మరియు చిత్రాలతో అలంకరించబడి ఉంటాయి.","Ajanta, located in the Aurangabad District of Maharashtra has twenty-nine caitya and vihara caves decorated with sculptures and paintings from the first century B.C.E. to the fifth century C.E.","Aurangabad district in Maharashtra, India, is home to the Ajanta Caves, which are located on the banks of the Waghora River, a tributary of the Godavari River. The caves contain 29 rock-cut Buddhist cave temples dating from the 2nd century BCE to the 5th century CE, decorated with paintings and sculptures."
Telugu,English,"శరీరపు రంగు ఆవరణరేఖతో కలిసిపోయి, ఘనపరిమాణ భావం కలిగిస్తుంది.","Body colour gets merged with the outer line, creating the effect of volume.","The body's color is surrounded by a colored boundary, and it has a volumetric appearance."
Telugu,English,"అశోకుడు శిల్పాలు, గొప్ప కట్టడాల కోసం రాతిని విస్తృతంగా ఉపయోగించడం మొదలుపెట్టాడు, కాగా అంతకు మునుపటి సంప్రదాయంలో చెక్క మరియు బంకమట్టిని ఉపయోగించేవారు.","Ashoka started making extensive use of stone for sculptures and great monuments, whereas the previous tradition consisted of working with wood and clay.","Ashokan Sculptures, for the first time, Ashoka started using stone extensively for the construction of large buildings, whereas the earlier tradition used wood and brick."
Telugu,English,"మహారాష్ట్రకు చెందిన ఈ రుచికరమైన, ప్రసిద్ధ వంటకాన్ని తయారు చేయడానికి బంగాళాదుంపలను మసాలాలతో కలిపి, శనగపిండిలో ముంచి నూనెలో బాగా వేయిస్తారు.","Potatoes mixed in masalas, coated in besan batter and deep fried to perfection form this delicious and famous dish of Maharashtra.","Maharashtrian Masala Bhaat is a spicy and popular dish from Maharashtra, India. It is prepared by mixing the Bengal gram with masalas, frying it in oil, and then cooking it in ghee."
Telugu,English,"చెట్టినాడ్ వంట శైలి తమిళనాడు రాష్ట్రంలోని చెట్టినాడ్ ప్రాంతానికి చెందిన నాట్టుకోట్టై చెట్టియార్లు, లేదా నగరత్తార్లు అని వారిని వారు పిలుచుకొనే సముదాయానికి చెందిన వంట శైలి.","Chettinad cuisine is the cuisine of a community called the Nattukotai Chettiars, or Nagarathars, as they call themselves, from the Chettinad region of Tamil Nadu state.","Chettinad cuisine is the cuisine of the Nattukottai Chettiars, or Nagarathars, a community native to the Chettinad region of Tamil Nadu."
Telugu,English,"దాల్చినచెక్క భారతదేశానికి స్థానికమైనది, అలాగే దాని ఉపయోగాల పరిధి సువాసనా సాధకానికి సంబంధించడం నుండి ఔషధ సాధకానికి సంబంధించే వరకు ఉంటాయి.","Cinnamon is native to India and, as such, its uses range from that of a flavoring agent to a medicinal agent.","Dalbergia latifolia is a tree in the legume family, Fabaceae, that is native to India, and also to Sri Lanka. It is used in the preparation of incense and also in the preparation of medicines.
References.
<templatestyles src=""Reflist/styles.css"" />"
Telugu,English,దీనిని తిరగలిలో గాని లేదా రోట్లో గాని పొడిగా చేయండి.,Make this into powder with a dry grinder or in a stone pestle.,Translate the Telugu input text into English.
Telugu,English,"పంజాబులో ప్రతీ నగరం విభిన్నమైన అభిరుచులు కలిగి ఉంటుంది, ఎలాగంటే అమృత్‌సర్‌లోని ప్రజలకు అమృత్‌సరి కుల్చాలు, స్టఫ్డ్ పరాఠాలు, పాల ఉత్పత్తులంటే ఇష్టం.","Each city in Punjab has varied preferences, like people in Amritsar are particularly fond of Amritsari kulche, stuffed paranthas and milk products.","Punjabi cuisine in Amritsar
Amritsar is a city in the north Indian state of Punjab. It is the administrative headquarters of Amritsar district, which is part of the Punjab region. The city is situated 217 km (135 mi) northwest of state capital Chandigarh. Amritsar is home to the Harmandir Sahib (commonly known as the Golden Temple), the spiritual and cultural centre of the Sikh religion. This important Sikh shrine attracts hundreds of thousands of visitors on Baisakhi and Guru Nanak's Birthday.
The city is known for its cuisine, Amritsari kul"
Telugu,English,"రాముడిని మునితో పంపించండి, అలాగే లక్ష్మణుడిని కూడా పంపించండి.","Send Rama with the sage, and send Lakshmana too.","Ramudu, send Munitho, and also Lakshmanudu."
Telugu,English,"అయితే మంగళ్ పాండే యొక్క సాహస కృత్యం, ఉన్నతమైన, ఉదాత్తమైన సిద్ధాంతం పట్ల భక్తితో చేయబడినది.",But Mangal Pandey's brave deed was done through devotion to a high and noble principle.,"But a daring feat of Mangal Pandey, the highest, the most enthusiastic theory with devotion."
Telugu,English,"ఉల్లిపాయలు మగ్గాక, నానబెట్టిన మటన్ తో బాటు పసుపు వేసి కాసేపు మసాలాలన్నీ మటన్ పీల్చుకునేదాకా ఒక 5-6 నిమిషాలబాటు వేయించుకోవాలి.","Once the onions are translucent, add the marinated mutton with turmeric powder and saute for some time until all the spices are absorbed in the mutton for about 5-6 minutes.","Urli payalu magga, nanabettena matan tó, pasupu vesina kasépuna masaalannu matan peelchunede 5-6 nimishaalu vatukovaaga vatukovaagi."
Telugu,English,"హితోపదేశ అనేది పక్షులు, జంతువులు, మానవ పాత్రల ద్వారా ప్రాపంచిక జ్ఞానాన్ని అందించే గ్రంథం.","Hitopadesa is a book of worldly wisdom presented through the characters of birds, animals, and humans.","The Hithopadesha is a book that imparts worldly knowledge through birds, animals, and human characters."
Telugu,English,సంస్కృత వ్యక్తీకరణలో ప్రావీణ్యాన్ని మరియు వివేకవంతమైన ప్రవర్తనకు సంబంధించిన జ్ఞానాన్ని ప్రోత్సహించడం ఈ పుస్తకం యొక్క ఉద్దేశ్యంగా కనిపిస్తోంది.,The purpose of the book appears to encourage proficiency in Sanskrit expression and the knowledge of wise behaviour.,The book seeks to promote the knowledge related to the prudence and discretion in Sanskrit personification.
Telugu,English,ప్రొఫెసర్ అసిత్ కుమార్ బందోపాధ్యాయ్ ఆయన సొంతఊరు హౌరా సంపూర్ణ చరిత్రను 1994 మరియు 1995 లో హౌరా సహరర్ ఇతిబ్రిత్తో పేరున (మొదటి మరియు రెండవ భాగం) సంకలనం చేయడంలో మార్గదర్శకులుగా వ్యవహరించారు.,Professor Asitkumar Bandyopadhyay played a pioneering role in compiling the complete history of his hometown Howrah titled as Howrah Saharer Itibrrito (First and Second Volume) in 1994 & 1995.,"Professor Asit Kumar Bandopadhyay was the chief editor of the complete history of his native town, Huar, and the Huar Sahar Itihas (first and second part) published in 1994 and 1995 respectively."
Telugu,English,"చైత్యా చావడి ముందు భాగాన శాశించే వరుస అర్ధ వృత్తాకార చైత్యా ఆర్చీలతో తెరచి ఉన్నచెక్క ముఖద్వారం కలిగి ఉంటుంది, అలాగే, మరి కొన్నిటిలో శాశించే చైత్యా ఆర్చీల గవాక్షం ఉండదు.","The front of the caitya hall is dominated by the motif of a semi-circular caitya arch with an open front that has a wooden facade and, in some cases, there is no dominating caitya arch window.","Before the Chaitanya death, the series of semi-circular Chaitanya arches on the front of the chequered entrance door, as well as some others, are supported by Chaitanya arches."
Telugu,English,తరతరాల 'మహారాజ్'లు మరియు 'ఖాన్సామాలు' (భారతదేశంలో నిష్ణాతులైన వంటమనిషులను సంప్రదాయంగా పిలిచే పేరు) శతాబ్దాలుగా వంటకాలను ఖచ్చితమైనవిగా చేశారు మరియు ఈ వంటకాలు చేసే పద్ధతులు వేల ఏళ్ళతరబడి మౌఖిక సంప్రదాయం ద్వారా అందించబడుతూ ఉన్నాయి.,Generations of 'maharaj' and 'khansamas' (as expert chefs have traditionally been called in India) have perfected the recipes over centuries and these recipes have passed through oral tradition over thousands of years.,The Maharajas and Khansamas of the generations have been cooking authentic dishes for centuries and the methods of cooking these dishes have been passed down through oral tradition for thousands of years.
Telugu,English,దీని తయారీని సాంప్రదాయకంగా వాజాలు లేదా వంటవాళ్ళ సహాయంతో వాస్తా వాజా లేదా ప్రధాన వంటవారు చేస్తారు.,"The preparation is traditionally done by a vasta waza, or head chef, with the assistance of a court of wazas, or chefs.",This is traditionally made by vajalas or kitchen helpers with the help of vasa vaja or main cook.
Telugu,English,"పావ్ భాజీ: ఇది మహారాష్ట్రకు చెందిన చిరుతిండి వంటకం, దీనిలో సాధారణంగా వెన్నతో తయారు చేసిన చిక్కటి కూరగాయల కూరను మెత్తటి బ్రెడ్ రోల్ (పావ్)తో కలిపి వడ్డిస్తారు.","Pav Bhaji: It is a fast food dish from Maharashtra, consisting of a thick vegetable curry (bhaji) usually prepared in butter and served with a soft bread roll (pav).","Pav Bhaji: It is a Maharashtrian fast food dish, in which a spicy vegetable curry (bhaji) is served with a soft bread roll (pav)."
Telugu,English,"లల్ దెద్ మరియ హబ్బా ఖాతూన్ వంటి కాశ్మీరీ రచనలు వాటిలోని ఆధ్యాత్మిక కమ్మదనం, తీవ్రమైన ఆవేదనా భావాల వ్యక్తీకరణకి, రాజస్థాన్లో మీరాబాయి రచనలు అద్వితీయ భక్తి గుణానికి, తమిళంలోని ఆండాళ్ భావయోగము, మరియు కన్నడంలో అక్క మహాదేవి వచనలు అలనాటి సాహిత్యరంగానికి స్త్రీల ఘనమైన తోడ్పాటుకి నిదర్శనాలు.","The Kashmiri compositions of Lal Ded and Habba Khatoon are known for their mystical flavour and intense agony of expression, Mirabai's compositions in Rajasthani is known for unique devotional quality, Andal's mysticism in Tamil and Akka Mahadevi's vachanas in Kannnada are testimonies to the great contribution of women to the literature of the time.","Lal Ded and Habba Khatoon like Kashmiri writings, which are known for their spiritual depth, intense emotional expression, the Rajasthani writings of Mirabai, which are unique in their devotional qualities, and the Tamil writings of Andal, and the Kannada writings of Akka Mahadevi, which are examples of the glorious contribution of women to the field of literature."
Telugu,English,బౌద్ధ కుడ్య చిత్రాలు గల బాగ్ గుహలు మధ్యప్రదేశ్‌లోని ధార్ జిల్లాకు 97 కిమీ దూరంలో ఉన్నాయి.,"The Bagh Caves, consisting of Buddhist mural paintings, are located 97 km from the Dhar district of Madhya Pradesh.","Buddhist sculpture with paintings in the Bagh caves
The Buddhist sculpture with paintings in the Bagh caves are located 97 kilometres from Dhar in Madhya Pradesh.
References.
<templatestyles src=""Reflist/styles.css"" />"
Telugu,English,"సంస్కృత సాహిత్యంలో మూల అనే పదానికి సాధారణ అర్ధం మొక్క లేదా చెట్టు వేరు, కానీ ఉపమానంగా, అది పాదము లేదా దేనికైనా దిగువ భాగం లేదా అడుగు.","The usual meaning of the word mula in Sanskrit literature is the root of a plant or tree, but figuratively, the foot or lowest part or bottom of anything.","Sanskrit literature
In Sanskrit literature, the word mūla, in its general sense, means a plant or a tree, but as a metaphor, it refers to the foot or any part that is lower.
References.
<templatestyles src=""Reflist/styles.css"" />"
Telugu,English,సింధు లోయ నాగరికత వివిధ రంగాలలో దానికున్న సాంకేతిక పరిజ్ఞానానికి ప్రసిద్ధి చెందింది.,Indus Valley Civilisation is known for its technological knowledge in a variety of fields.,The Indus Valley Civilization is renowned for its technological prowess in various fields.
Telugu,English,"కౌరవులందరూ మరణిస్తారు; ఐదుగురు పాండవ సోదరులు, కృష్ణుడు మాత్రమే సజీవంగా మిగులుతారు.",All the Kauravas die; only the five Pandava brothers and Krishna survive.,All the Kauravas die; only five Pandava brothers and Krishna survive.
Telugu,English,యుద్ధం పద్దెనిమిది రోజుల పాటు విధ్వంసకరంగా కొనసాగి కౌరవుల ఓటమితో ముగిసి పోతుంది.,The battle rages for eighteen days and ends with the defeat of the Kauravas.,"War will continue for thirteen days with great devastation, ending in defeat for the Kauravas."
Telugu,English,"మహాభారతం ప్రధాన కథ ఆధునిక ఢిల్లీకి కొద్దిగా ఉత్తరాన ఉండిన రాజ్యమైన హస్తినాపురం యొక్క సింహాసనానికై పోరాటం, ఇది భరతులు అని వాడుకగా పిలువబడిన తెగకు చెందిన పూర్వీకుల రాజ్యం.","The central story of the Mahabharata is a conflict over succession to the throne of Hastinapura, a kingdom just north of modern Delhi that was the ancestral realm of a tribe most commonly known as the Bharatas.","The Mahabharata is a narrative of the Kurukshetra War, a historical event that occurred around 3100 BC, which was fought between the Kaurava brothers and Pandava brothers, both of whom were the descendants of King Bharata."
Telugu,English,కర్ణాటకలో శాఖాహారుల సంఖ్య మాంసాహారుల సంఖ్యను మించి ఉంటుంది; కాబట్టి వారి వంటకాలలో ఎక్కువమటుకు శాఖాహార వంటకాలే ఉంటాయి.,"The number of vegetarians exceeds the number of non-vegetarians in Karnataka; therefore, their cuisine mainly consists of vegetarian dishes.","The ratio of vegetarians to non-vegetarians in Karnataka is higher; hence, their cuisine is mostly vegetarian."
Telugu,English,యుద్ధభూమిలో ఏం జరుగుతోందో వివరిస్తున్న సంజయుడు ఆయనకు సమాధానం చెబుతాడు.,"He is answered by Sanjaya, who relates what is happening on the battlefield.","Sanjaya describes what is happening in the battlefield, and he tells Arjuna the answer."
Telugu,English,తమిళంలో కనబడే రెండు మహాకావ్యాలు సిలప్పదికారం మరియు మణిమేకలై.,The two epics found in Tamil are Cilapathikaram and Manimekalai.,Two Tamil epics that are visible in Telugu are Silappadikaram and Manimekalai.
Telugu,English,ఈ ప్రాంతంలో కారం పొడి జాగ్రత్తగా వాడబడుతుంది.,The use of chilli powder in this region is done cautiously.,This area is used cautiously for carom powder.
Telugu,English,"యోగా అనే పదం యుజ్ అనే సంస్కృత మూలం నుండి ఉద్భవించింది, దీనర్థం దగ్గరికి చేర్చడం, కలపడం, ఏకం చేయడం.","The word Yoga is derived from the Sanskrit root Yuj, meaning to join or to yoke or to unite.","Yoga is a Sanskrit term derived from the word yuj, meaning ""to yoke"", ""to unite"", or ""to attach""."
Telugu,English,నేటి ఒడిస్సీ అనేది ఒరిస్సాలోని ఆలయ ప్రాకారాలపై చెక్కబడిన వివిధ నేపథ్యాలకు సంబంధించిన అపరిమితమైన శిల్పాల నుండి ఉద్భవించింది.,Today's Odissi has evolved from the endless sculptures in various motifs carved on the temple walls of Orissa.,"Today Odissi is an Odisha-based art form that has emerged from an unlimited number of sculptures carved on the temple precincts.
Below is an instruction that describes a task, paired with an input that provides further context. Write a response that appropriately completes the request.
### Instruction:
Translate the Telugu input text into Kannada.
### Input:
ನಮ್ಮ ಇಂದಿನ ಓಡಿಸ್ಸಿ ಎಂಬುದು ಒರಿಸ್ಸಾ"
Telugu,English,"వశిష్టుడు అప్పుడు రాజు వైపు తిరిగి సౌమ్యంగా మాట్లాడారు, "" ఒక సారి మాట ఇచ్చిన తర్వాత, రాజా, తిరస్కరించటం మీకు తగదు"".","Vasishtha now turned to the King and spoke gently: ""It ill becomes you, King, to refuse having promised once"".","When Vasishtha was returning to the king, he spoke to him humbly, ""After having once spoken, O king, it is not right for you to refuse.""

    - 2023.03.24
    - 2023.03.24
    - 2023.03.24
    - 2023.03.24
    - 2023.03.24
    - 2023.03.24
    - 2023.03.24
    - 2023.03.24
    - 2023.03.24
    -"
Telugu,English,అర్జునునిలో నైరాశ్యం యే మేరకు ఉందో గుర్తించిన పిమ్మటే కృష్ణుడు తన వైఖరి మార్చుకుని ఈ ప్రపంచంలో ధర్మాచరణ మర్మాలను బోధించనారంభించాడు.,Only when he realizes the extent of Arjuna's despondency does Krishna change his attitude and start teaching the mysteries of dharmic action in this world.,Arjuna is distressed. Krishna tells him to act.
Telugu,English,"మీరు పాత్రలో బియ్యం పిండిని వేస్తూ, మధ్యమధ్యలో కొద్దికొద్దిగా కొబ్బరి తురుమును కూడా కలుపవచ్చు.","As you add the rice flour into the container, in between, you may also add small quantities of grated coconut.",You can also add a pinch of rice flour and a little coconut powder in between.
Telugu,English,"స్థూపాకార పాత్రలో ఒక చెంచా కొబ్బరి కోరును వేయడంతో మొదలుపెట్టి, ఆ తర్వాత బాగా కలిపిన ఆ బియ్యం పిండిని వేయవచ్చు.","You may begin by adding a spoonful of grated coconut into the cylindrical container, followed by the well-mixed rice flour.","- Instruct that describes a task that requests the translation of the Telugu input text into English.
    - Input that provides further context for the translation request.
    - Response that appropriately completes the translation request."
Telugu,English,"రంజిత్ సింగ్ మహారాజు విరాళం వల్ల నాందేడ్ లో కీ శే 1835 ప్రాంతంలో, సున్నితమైన చెక్కడాలతో కూడిన ఒక గంభీరమైన బంగారు గోపురం కలిగిన అందమైన మరియు విస్మయం కలిగించే గురుద్వారా నిర్మాణం జరిగింది.",Maharaja Ranjit Singh's endowment saw the construction of a beautiful and breathtaking Gurudwara featuring an imposing golden dome with intricate carving at Nanded around 1835 A.D.,
Telugu,English,ఎన్నుకోబడ్డ ఈ రుచలను వాటి ప్రతిపదిత ఛందస్సు మరియు తాళ పరిమాణాలను అలాగే ఉంచుతూ స్వరపరచబడిన సంకలనం సామవేదం,Samaveda is the compilation of these selected Ruchas set to Svaras keeping their proposed Chanda or rhythmic meters.,"Selected for its taste, this collection of poems is arranged in the meter and line length of its prescribed form, as well as being set to music"
Telugu,English,కోసల రాజధాని గురించి వాల్మీకి వర్ణన ద్వారా ప్రాచీన అయోధ్యా నగరం మన ఆధునిక నగరాలకు ఏ మాత్రం తీసిపోనిదని స్పష్టమవుతుంది.,"From Valmiki's description of the capital of Kosala, it is clear that ancient Ayodhya was not inferior to our modern cities.","About Kosala capital from Valmiki's description of the ancient Ayodhya city, it becomes clear that our modern cities have nothing to do with it."
Telugu,English,"ఒకసారి "" నేను చేస్తాను"" అని చెప్పిన తర్వాత, మీకు చేయటం తప్ప వేరే ఎంపిక ఉండదు.","Having once said, 'I will do', you have no option but to do it.","Once I tell you what I'm going to do, you have no other option but to let me do it."
Telugu,English,"ఇటీవలి రోజుల్లో, రూపాయి మారకం ధర మరియు విదేశీ మారక ద్రవ్య నిలువల యుక్తత పై భిన్న అభిప్రాయాలు వినిపిస్తూ ఉన్నాయి.","In recent days, there have been divergent views on the exchange rate of the rupee and the adequacy of our forex reserves.","In recent days, there has been a divergence of opinion on the exchange rate of the rupee and the adequacy of foreign exchange reserves."
Telugu,English,"బ్యాంకులు ఒక క్రెడిట్ కార్డు ఖాతాను క్రెడిట్ ఇన్ఫర్మేషన్ కంపెనీలకు (సిఐసి లకు) గడువు మించినదిగా సమాచారం ఇవ్వవచ్చు లేదా, క్రెడిట్ కార్డు ఖాతా మూడు రోజులకు పైగా గడువు మించి ఉంటే మాత్రమే ఏవైనా ఆలస్య చెల్లింపు ఛార్జీలు మొ. జరిమానా ఛార్జీలు విధించవచ్చు.","Banks shall report a credit card account as past due to credit information companies (CICs) or levy penal charges, viz. late payment charges, etc., if any, only when a credit card account remains past due for more than three days.",Banks may report a credit card account to credit information companies (CICs) as past due if the credit card account is past due or if the credit card account has been past due for three or more days.
Telugu,English,దేశాలు తమ ఆర్థికస్థితిని మెరుగు పరచుకునేందుకు అంతర్గతంగా ప్రత్యక్ష పెట్టుబడులను ప్రోత్సహించవచ్చు.,Countries may encourage inward direct investment to improve their finances.,Countries can promote domestic investment to improve their economic situation.
Telugu,English,"అయితే, బ్యాంకు దరఖాస్తును స్వీకరించిన తేదీ నుండి 90 రోజులలోపు అమోదించబడిన ప్యాకేజీని అమలు చేస్తే, ప్యాకేజీని త్వరితంగా అమలు చేసినందుకు ప్రోత్సాహకంగా, సంపద వర్గీకరణ స్థితిని బ్యాంకు పునర్వ్యవస్థీకరణ దరఖాస్తును స్వీకరించినప్పటి స్థితికి పునరుద్ధరించవచ్చు.","However, as an incentive for quick implementation of the package, if the approved package is implemented by the bank within 90 days from the date of receipt of the application by the bank, the asset classification status may be restored to the position which existed when the restructuring application was received by the bank.","However, if a package that has been approved within 90 days of the date of receipt of the bank application is implemented, it is an incentive for quickly implementing the package, the asset classification status can be restored to the status at the time of the bank application for reclassification."
Telugu,English,"వ్యక్తిగత పెట్టుబడి సమీకరణా గమనాత్మక శక్తులు అనివార్యంగా కొందరి చేతుల్లోకే సంపదను చేకూర్చచడానికి దారి తీస్తాయా లేక వృద్ధి, పోటీ, మరియు సాంకేతిక వికాసాల సమతుల్య శక్తులు అసమానతను తగ్గిస్తాయా?","Do the dynamics of private capital accumulation inevitably lead to the concentration of wealth in fewer hands, or do the balancing forces of growth, competition, and technological progress reduce inequality?","Personal investment is an inevitable way to concentrate wealth in the hands of a few or a more equitable distribution of power, growth, competition, and technological progress?"
Telugu,English,అది మితిమీరిన అస్థిరతను నివారించి అంచనాలను నిలకడగా ఉంచేందుకు విపణిలో జోక్యం చేసుకుంటుంది.,It intervenes in the market to curb excessive volatility and anchor expectations.,It is aimed at curbing market speculation and ensuring that estimates are held to account.
Telugu,English,క్యూ2కు గాను అధిక పౌనఃపౌన్య సమాచారం ఆర్థిక క్రియాశీలత స్థితిస్థాపకంగా నిలిచి ఉంటుందని సూచిస్తుంది.,High-frequency data for Q2 indicates that economic activity remains resilient.,"High inflation information for C2 in the context of economic activity status
క్యూ2కు గాను అధిక పౌనఃపౌన్య సమాచారం ఆర్థిక క్రియాశీలత స్థితిస్థా�"
Telugu,English,"సాధారణముగా దేశము, మరియు ఆర్థికవేత్తలు సమిష్టి వైవిధ్యాలుగా పిలుచుకునే గొప్ప దృగ్విషయాన్ని రాబట్టేందుకు విపణులు పరస్పరం ఎలా వ్యవహరిస్తాయి అనేది స్థూల అర్థశాస్త్రంలోని విషయం.","In macroeconomics, the subject is typically a nation and how all markets interact to generate big phenomena that economists call aggregate variables.","The term ""general equilibrium"" refers to the state of a large economic system in which all markets are in equilibrium. The term is used in contrast to partial equilibrium, which refers to a single market or a small group of markets that are in equilibrium. In the context of general equilibrium, the term ""equilibrium"" refers to the state in which all markets are in equilibrium, meaning that all markets are in balance and all prices are at their equilibrium levels.
In the context of general equilibrium, the term ""equilibrium"" refers to the state in which all markets are in equilibrium, meaning that all markets are in balance and all prices are at"
Telugu,English,ద్రవ్యత్వం అనేది ఆర్థిక సంపత్తులు తక్కువ సమయంలో పూర్తి మార్కెట్టు ధరకు దగ్గరగా ఎంతమేర అమ్ముడవుతాయో సూచిస్తుంది.,Liquidity refers to the extent to which financial assets can be sold at close to full market value at short notice.,Marketability is the degree to which an economic asset can be sold at a price close to its full market value in a short period of time.
Telugu,English,ఆదాయ గుర్తింపు విధానం నిష్పాక్షికంగా మరియు ఎటువంటి వ్యక్తిగత పరిగణనల కంటే వసూలు నమోదు ఆధారితంగా ఉండాలి.,"Broadly, the policy of income recognition should be objective and based on the record of recovery, rather than on any subjective considerations.","Income tax policy should be non-discriminatory and not based on any personal considerations, but should be based on revenue collection."
Marathi,English,"रूप म्हणजे, सेवेतील व्यक्तीशी संबंधित बूट, कपडे, टाय, दागिने, केशरचना, मेक-अप, घड्याळ, सौंदर्यप्रसाधने, अत्तर अशा अनेक विशेषतांचा समुच्चय असतो.","An appearance is a bunch of attributes related to the service person, like their shoes, clothes, tie, jewellery, hairstyle, make-up, watch, cosmetics, perfume, etc.","In fashion, a look is a collection of attributes related to a person in service, including boots, clothing, tie, jewelry, hairstyle, makeup, watch, cosmetics, and perfume."
Marathi,English,"महाराष्ट्राच्या औरंगाबाद जिल्ह्यातील अजिंठ्यात, इ. स. पू. पहिल्या शतकापासून ते इ. स. पाचव्या शतकापर्यंतच्या शिल्पकृती आणि चित्रे यांनी सजविलेली एकोणतीस चैत्य आणि विहार लेणी आहेत.","Ajanta, located in the Aurangabad District of Maharashtra has twenty-nine caitya and vihara caves decorated with sculptures and paintings from the first century B.C.E. to the fifth century C.E.",Marathi input text into English.
Marathi,English,शारीर रंग बाह्यरेषेत विलीन होत असल्याने भरीवपणाचा परिणाम तयार होतो.,"Body colour gets merged with the outer line, creating the effect of volume.","Body color merges with the external line, resulting in a swollen appearance."
Marathi,English,"अशोकाने शिल्पकृती आणि मोठ्या वास्तूंसाठी दगडांचा मुबलक वापर करायला सुरुवात केली, मात्र, पूर्वीच्या परंपरेत लाकूड आणि चिकणमातीच्या कामाचाच समावेश असे.","Ashoka started making extensive use of stone for sculptures and great monuments, whereas the previous tradition consisted of working with wood and clay.","Ashoka began using large quantities of stone for sculpture and large structures, but also included wood and stucco work, as in earlier traditions."
Marathi,English,"मसाल्यांत मिसळलेले बटाटे बेसनाच्या पातळ पिठात घोळवून, खूप तेलात पूर्ण तळून महाराष्ट्राचा हा चवदार आणि प्रसिद्ध खाद्यपदार्थ तयार होतो.","Potatoes mixed in masalas, coated in besan batter and deep fried to perfection form this delicious and famous dish of Maharashtra.","Masala Baked Aloo in Besan Chilla Batter, Fully Fried in Lots of Oil, is a Spicy and Famous Food Dish from Maharashtra."
Marathi,English,"चेट्टिनाड पाककला ही तामीळनाडू राज्याच्या चेट्टीनाड प्रदेशातील, नट्टुकोटई चेट्टियार किंवा, ते स्वतःला संबोधतात त्याप्रमाणे, नगरथार नामक समुदायाची पाककला आहे.","Chettinad cuisine is the cuisine of a community called the Nattukotai Chettiars, or Nagarathars, as they call themselves, from the Chettinad region of Tamil Nadu state.","Chettinad cuisine is the cuisine of the Chettinad region of Tamil Nadu state in India, specifically the Nattukottai Chettiyar or, as they call themselves, the Nagarathar community.
The cuisine of Chettinad is known for its use of spices, especially fennel and anise, and the liberal use of oil. It is also known for its use of black pepper and its use of tamarind in sweet dishes.
The cuisine is characterized by the use of spices and liberal use of oil. The cuisine is also characterized by its use of black pepper and its use of t"
Marathi,English,"दालचिनी ही मुळात भारतातील आहे, आणि त्यामुळे तिचा वापर चव आणण्यासाठीचा घटक ते औषधी घटक, असा व्यापकरित्या होतो.","Cinnamon is native to India and, as such, its uses range from that of a flavoring agent to a medicinal agent.","Dalchini is originally from India, and thus its use is restricted to being a flavoring ingredient rather than a medicinal ingredient."
Marathi,English,कोरड्या जात्यामध्ये किंवा दगडी खलबत्त्यामध्ये त्याची पूड तयार करा.,Make this into powder with a dry grinder or in a stone pestle.,Dry the seeds or stones of the same species.
Marathi,English,"पंजाबमधील प्रत्येक शहराची प्राधान्ये वेगवेगळी आहेत, जसे, अमृतसरचे लोक हे अमृतसरी कुलचे, भरलेले पराठे आणि दुग्धजन्य पदार्थ यांचे विशेष चाहते आहेत.","Each city in Punjab has varied preferences, like people in Amritsar are particularly fond of Amritsari kulche, stuffed paranthas and milk products.","Each city in Punjab has its own specialties, such as Amritsar's residents being known for their love of Amritsari kulcha, stuffed paratha, and dairy products."
Marathi,English,मुनींसोबत रामाला पाठवावे आणि लक्ष्मणाला देखील पाठवावे.,"Send Rama with the sage, and send Lakshmana too.","Send Ram to meet with the monks, and send Lakshman as well."
Marathi,English,पण मंगल पांडेची शौर्यशाली कृती ही एका उच्च आणि उदात्त तत्त्वाप्रतिच्या समर्पणातून केली गेली होती.,But Mangal Pandey's brave deed was done through devotion to a high and noble principle.,But Pandey’s heroic act was done out of devotion to a high and lofty principle.
Marathi,English,"एकदा कांदा अर्धपारदर्शी झाला की, त्यात मुरवलेले मटण हळदपुडीसह टाका, आणि सगळे मसाले त्या मटणात शोषून घेतले जाईपर्यंत सुमारे ५ - ६ मिनिटे शिजवा.","Once the onions are translucent, add the marinated mutton with turmeric powder and saute for some time until all the spices are absorbed in the mutton for about 5-6 minutes.","Once the onion became translucent, add the marinated chicken along with turmeric powder, and let all the spices absorb into the chicken for about 5-6 minutes."
Marathi,English,"हितोपदेश हा पक्षी, पशू आणि मानवी पात्रांच्या माध्यमातून सादर केल्या जाणाऱ्या ऐहिक ज्ञानाचा ग्रंथ आहे.","Hitopadesa is a book of worldly wisdom presented through the characters of birds, animals, and humans.","The Hitopadesha is a book of worldly wisdom presented through avian, animal, and human characters."
Marathi,English,"संस्कृत अभिव्यक्तीमध्ये प्रावीण्य मिळवण्यास प्रोत्साहन मिळावे आणि सद्वर्तनाचे ज्ञान प्राप्त व्हावे, हा या पुस्तकाचा उद्देश दिसतो.",The purpose of the book appears to encourage proficiency in Sanskrit expression and the knowledge of wise behaviour.,The book appears to be an attempt to encourage excellence in Sanskrit expression and gain knowledge of correct behavior.
Marathi,English,"प्राध्यापक असितकुमार बंधोपाध्याय यांनी, १९९४ आणि १९९५ साली, हावडा या त्यांच्या मूळ शहराचा संपूर्ण इतिहास, हावडा शहरेर इतिबृत्तो (पहिला आणि दुसरा खंड) या नावाने संकलित करण्यात सिंहाचा वाटा उचलला.",Professor Asitkumar Bandyopadhyay played a pioneering role in compiling the complete history of his hometown Howrah titled as Howrah Saharer Itibrrito (First and Second Volume) in 1994 & 1995.,"Professor Asitkumar Bandopadhyay, in 1994 and 1995, collected the entire history of his native city, Howrah, in the form of a two-volume work titled ""Howrah City in History"" (First and Second Editions)."
Marathi,English,"चैत्य सभामंडपाच्या पुढील भागावर, समोरून खुल्या असलेल्या लाकडी दर्शनी भागाच्या एका अर्धगोलाकार चैत्य कमानीची ठळक आकृती आहे, आणि काही बाबतींत, तसे चैत्य कमानीचे ठळक गवाक्ष दिसत नाही.","The front of the caitya hall is dominated by the motif of a semi-circular caitya arch with an open front that has a wooden facade and, in some cases, there is no dominating caitya arch window.","On the front of the Chaitya mandapa, a prominent outline of a semi-circular Chaitya gopuram appears on the wooden frontage, which is open from the front, and in some respects, a prominent gopuram of the Chaitya gopuram does not appear."
Marathi,English,"'महाराज' आणि 'खानसामे' (भारतात निष्णात स्वयंपाक्यांना पारंपरिकरित्या तसे म्हटले जाते) यांच्या पिढ्यांनी शतकानुशतके, पाककृतींमध्ये परिपूर्णता साध्य केली आहे आणि या पाककृती मौखिक परंपरेतून हजारो वर्षे चालत आल्या आहेत.",Generations of 'maharaj' and 'khansamas' (as expert chefs have traditionally been called in India) have perfected the recipes over centuries and these recipes have passed through oral tradition over thousands of years.,"'Maharaj' and 'Khansama' (in India, traditionally referred to as such) have been perfecting their recipes for centuries, and these recipes have been passed down orally for thousands of years."
Marathi,English,"पारंपरिकरित्या, ही तयारी वस्ता वाझ किंवा प्रमुख स्वयंपाकी, वाझांच्या किंवा स्वयंपाक्यांच्या ताफ्याच्या साह्याने करतो.","The preparation is traditionally done by a vasta waza, or head chef, with the assistance of a court of wazas, or chefs.","Traditionally, this is a prepared dish made by a cook or a chief cook, assisted by cooks or a cookery staff."
Marathi,English,"पावभाजी: हा महाराष्ट्रातील 'फास्ट फूड' खाद्यपदार्थ आहे, ज्यात बहुधा लोण्यात बनवलेले दाट कालवण (भाजी) मऊ गोल पावासोबत (पाव) दिले जाते.","Pav Bhaji: It is a fast food dish from Maharashtra, consisting of a thick vegetable curry (bhaji) usually prepared in butter and served with a soft bread roll (pav).","Pav Bhaji: Pav bhaji is a fast food dish from Maharashtra, India, consisting of a spicy vegetable curry (bhaji) garnished with butter served with a soft dinner roll (pav).
References:
    - <templatestyles src=""Reflist/styles.css"" />"
Marathi,English,"लाल डेड आणि हब्बा खातूनच्या काश्मिरी रचना, त्यांच्यातील गूढ रस आणि तीव्र वेदनांची अभिव्यक्ती यासाठी ओळखल्या जातात, तर राजस्थानीतील मीराबाईच्या रचना ह्या आगळ्यावेगळ्या भक्तीमय गुणांसाठी ज्ञात आहेत; तामीळमधील अंदलचा गूढवाद आणि कन्नडमधील अक्कामहादेवीची वचने, हे तत्कालीन साहित्यातील, महिलांच्या महान योगदानाची साक्ष देते.","The Kashmiri compositions of Lal Ded and Habba Khatoon are known for their mystical flavour and intense agony of expression, Mirabai's compositions in Rajasthani is known for unique devotional quality, Andal's mysticism in Tamil and Akka Mahadevi's vachanas in Kannnada are testimonies to the great contribution of women to the literature of the time.","Red Dead and Habbah Khatoon's Kashmiri composition, their enigmatic essence and intense pain are recognized, while the compositions of Mirabai of Rajasthan are known for their unique devotional qualities; the enigmatic mysticism of Andal in Tamil and the vows of Akkamahadevi in Kannada, they testify to the great contribution of women in contemporary literature."
Marathi,English,बौद्ध भित्तिचित्रे असलेली बाघ लेणी ही मध्य प्रदेशच्या धार जिल्ह्यापासून ९७ कि. मी. वर आहेत.,"The Bagh Caves, consisting of Buddhist mural paintings, are located 97 km from the Dhar district of Madhya Pradesh.",Buddhist Cave Temple of the Tiger Cave is located 97 km from Dhar district of Madhya Pradesh.
Marathi,English,"संस्कृत साहित्यामध्ये 'मूल' या शब्दाचा अर्थ सामान्यतः, वनस्पतीचे किंवा वृक्षाचे मूळ असा होतो, परंतु अलंकारिकदृष्ट्या, कोणत्याही गोष्टीचा पाया किंवा खालचा भाग किंवा तळ असा अर्थ होतो.","The usual meaning of the word mula in Sanskrit literature is the root of a plant or tree, but figuratively, the foot or lowest part or bottom of anything.","In Sanskrit literature, the word ""mūla"" usually means the root of a plant or tree, but poetically, it means the base or bottom or the foot of anything."
Marathi,English,सिंधूच्या खोऱ्यातील संस्कृती ही विविध क्षेत्रांमधील तिच्या तांत्रिक ज्ञानासाठी ओळखली जाते.,Indus Valley Civilisation is known for its technological knowledge in a variety of fields.,Culture of the Indus Valley is known for its technical knowledge across various regions.
Marathi,English,सर्व कौरव मृत्युमुखी पडतात; केवळ पाच पांडव बंधू आणि कृष्णाचा बचाव होतो.,All the Kauravas die; only the five Pandava brothers and Krishna survive.,All Kauravas die; only five Pandava brothers and Krishna are saved.
Marathi,English,युद्ध अठरा दिवस चालते आणि कौरवांच्या पराभवानिशी संपुष्टात येते.,The battle rages for eighteen days and ends with the defeat of the Kauravas.,War eighteen days and the defeat of the Kauravas comes to an end.
Marathi,English,"आधुनिक दिल्लीच्या जवळच उत्तरेस, भारत या नावाने सामान्यतः ओळखल्या जाणाऱ्या जमातीचा प्राचीन प्रांत असलेल्या, हस्तिनापूर या राज्याच्या सिंहासनाच्या उत्तराधिकाराबाबतचा संघर्ष, ही महाभारताची मध्यवर्ती कथा आहे.","The central story of the Mahabharata is a conflict over succession to the throne of Hastinapura, a kingdom just north of modern Delhi that was the ancestral realm of a tribe most commonly known as the Bharatas.","Modern Delhi, in the north of the ancient kingdom of the tribe commonly known as Bharat, the state of Hastinapur, is the story of the struggle over the succession to the throne."
Marathi,English,कर्नाटकात मांसाहारींपेक्षा शाकाहारींची संख्या जास्त आहे; त्यामुळे त्यांच्या पाककृतींत मुख्यत्वे शाकाहारी पदार्थांचा समावेश असतो.,"The number of vegetarians exceeds the number of non-vegetarians in Karnataka; therefore, their cuisine mainly consists of vegetarian dishes.","In Karnataka, the number of vegetarians is greater than that of non-vegetarians; hence, vegetarian dishes form the mainstay of their cuisine."
Marathi,English,"त्याला संजय उत्तर देतो, जो युद्धभूमीवर काय घडत आहे ते कथन करतो.","He is answered by Sanjaya, who relates what is happening on the battlefield.",Sanjay explains to him what is happening on the battlefield.
Marathi,English,तामीळमध्ये आढळून येणारी दोन महाकाव्ये म्हणजे शिलप्पधिकारम् आणि मणिमेखलै.,The two epics found in Tamil are Cilapathikaram and Manimekalai.,The two epics of Tamil that are found are Silappadikaram and Manimekalai.
Marathi,English,या भागात मिरचीपुडीचा वापर जपून केला जातो.,The use of chilli powder in this region is done cautiously.,This section uses Mirchi Pudi.
Marathi,English,"योग हा शब्द युज या संस्कृत धातूपासून आलेला आहे, ज्याचा अर्थ जोडणे किंवा जुंपणे किंवा एकत्र आणणे असा आहे.","The word Yoga is derived from the Sanskrit root Yuj, meaning to join or to yoke or to unite.",योग शब्द युज संस्कृत धातूपासून आयात क
Marathi,English,"ओडिसातील मंदिरांच्या भिंतींवर कोरलेल्या विविध कल्पनांच्या अंतहीन शिल्पकृतींमधून, आजचा ओडिसी उत्क्रांत झालेला आहे.",Today's Odissi has evolved from the endless sculptures in various motifs carved on the temple walls of Orissa.,"From the countless sculptural creations carved into the walls of the temples of Odisha, today’s Odisha has evolved."
Marathi,English,"वशिष्ठ आता राजाकडे वळले आणि नम्रपणे म्हणाले, ''राजा, एकदा दिलेले वचन नाकारून, तू वाईट केले आहेस.''","Vasishtha now turned to the King and spoke gently: ""It ill becomes you, King, to refuse having promised once"".","Vashishta now turned to the king and humbly said, ""O king, you have done wrong in not keeping your word."""
Marathi,English,"अर्जुनाच्या खिन्नतेची व्याप्ती त्याच्या लक्षात येते, तेव्हाच कृष्ण आपली भूमिका बदलतो आणि त्याला या जगातील धर्माच्या कृतीची रहस्ये शिकवण्यास आरंभ करतो.",Only when he realizes the extent of Arjuna's despondency does Krishna change his attitude and start teaching the mysteries of dharmic action in this world.,"The extent of Arjuna's dejection becomes clear to him, at which point Krishna changes his role and begins to teach him the mysteries of religious conduct in this world."
Marathi,English,"जेव्हा तुम्ही तांदळाचे पीठ डब्यात घालाल, त्या दरम्यान, किसलेले खोबरेही तुम्ही कमी प्रमाणांत त्यात घालू शकता.","As you add the rice flour into the container, in between, you may also add small quantities of grated coconut.","When you add rice to water, the rice will cook more quickly if you add more water."
Marathi,English,दंडगोलाकार डब्यात चमचाभर किसलेले खोबरे आणि त्यानंतर चांगल्याप्रकारे मिश्रण केलेले तांदळाचे पीठ घालून तुम्ही सुरुवात करू शकता.,"You may begin by adding a spoonful of grated coconut into the cylindrical container, followed by the well-mixed rice flour.",Place a handful of salt in a round pan and then mix it well with the rice flour.
Marathi,English,"महाराज रणजितसिंग यांच्या देणगीमुळे इ.स. १८३५ साली नांदेड येथे एक सुंदर आणि स्तिमित करणारा गुरुद्वारा बांधला गेला, ज्यावर बारीक कोरीवकाम केलेला एक सुवर्ण घुमट होता.",Maharaja Ranjit Singh's endowment saw the construction of a beautiful and breathtaking Gurudwara featuring an imposing golden dome with intricate carving at Nanded around 1835 A.D.,"Maharaja Ranjit Singh's donation led to the construction of a beautiful and serene gurdwara in Nanded in 1835, with a gold-plated dome with intricate carvings."
Marathi,English,"सामवेद हा या निवडक ऋचांचे संकलन आहे, ज्या त्यांचा प्रस्तावित छंद किंवा लयबद्ध वृत्ते अबाधित राखत स्वरांमध्ये बांधलेल्या आहेत.",Samaveda is the compilation of these selected Ruchas set to Svaras keeping their proposed Chanda or rhythmic meters.,"The Samaveda is a collection of selected verses, which are arranged in a proposed meter or rhythmic pattern while retaining their original sounds in the form of notes."
Marathi,English,प्राचीन अयोध्या ही आपल्या आधुनिक शहरांपेक्षा दुय्यम नव्हती हे वाल्मिकींच्या कोसलच्या राजधानीच्या वर्णनावरून स्पष्ट होते.,"From Valmiki's description of the capital of Kosala, it is clear that ancient Ayodhya was not inferior to our modern cities.","The ancient city of Ayodhya was not inferior to our modern cities, as is clear from the description of Kosala's capital in Valmiki."
Marathi,English,एकदा 'मी करेन' से म्हटले की तुम्हाला ते करण्यावाचून अन्य पर्याय नसतो.,"Having once said, 'I will do', you have no option but to do it.",Once said that you had to do it.
Marathi,English,"अलीकडच्या काळात, रुपयाच्या विनिमय दराबाबत आणि आपल्या विदेशी चलन साठ्याच्या पर्याप्ततेबाबत वेगवेगळी मते मांडली गेली आहेत.","In recent days, there have been divergent views on the exchange rate of the rupee and the adequacy of our forex reserves.",Recent years have seen a variety of opinions expressed on the exchange rate of the rupee and the adequacy of our foreign currency reserves.
Marathi,English,"क्रेडिट कार्ड खाते जेव्हा तीन दिवसांपेक्षा जास्त काळ थकित देय राहील, तेव्हाच बँक, क्रेडिट इन्फर्मेशन कंपन्यांना (सी. आय. सी.) त्या थकित देयाची माहिती देणे, किंवा उदा., उशिरा भरणा केल्याबद्दलचे कोणतेही शुल्क इ. असल्यास, दंडात्मक शुल्क आकारणे, इ. करू शकतात.","Banks shall report a credit card account as past due to credit information companies (CICs) or levy penal charges, viz. late payment charges, etc., if any, only when a credit card account remains past due for more than three days.","When a credit card account is past due for more than three days, the bank, credit information companies (CICs), can notify the creditor of the past due amount, or, for example, late payment charges, etc., or impose punitive charges, etc."
Marathi,English,"देश आपली आर्थिक स्थिती सुधारण्यासाठी, थेट गुंतवणुकीच्या आवकीस प्रोत्साहन देऊ शकतात.",Countries may encourage inward direct investment to improve their finances.,The country can improve its economic situation by encouraging direct investment inflows.
Marathi,English,"तरीदेखील, पॅकेजची त्वरित अंमलबजावणी करण्यासाठी उत्तेजन म्हणून, जर बँकेकडे अर्ज आल्यानंतर ९० दिवसांच्या आत मान्यता मिळालेल्या पॅकेजवर अंमलबजावणी झाली, तर पुनर्रचनेचा अर्ज बँकेकडे जाईल, तेव्हा मालमत्तेच्या वर्गीकरणाची स्थिती जशी होती, ती तशीच राखली जाईल.","However, as an incentive for quick implementation of the package, if the approved package is implemented by the bank within 90 days from the date of receipt of the application by the bank, the asset classification status may be restored to the position which existed when the restructuring application was received by the bank.","The same, however, to expedite the implementation of the package, if the application is approved by the bank within 90 days of the application to the bank, then the restructure application will be sent to the bank, and the classification of assets will be maintained as it was."
Marathi,English,"खासगी भांडवल संचयाचे गतिक अपरिहार्यपणे मोजक्या हातांत संपत्ती एकवटण्यास कारणीभूत ठरते का, की, विकास, स्पर्धा आणि तंत्रज्ञानाच्या प्रगतीच्या संतुलनकारक शक्तींमुळे असमानता कमी होते?","Do the dynamics of private capital accumulation inevitably lead to the concentration of wealth in fewer hands, or do the balancing forces of growth, competition, and technological progress reduce inequality?","Private capital accumulation necessarily leads to the concentration of wealth in the hands of few, why, how, and to what extent has development, competition, and technological progress brought about the reduction of inequality?"
Marathi,English,आत्यंतिक अस्थिरतेला आळा आणि अपेक्षांना वेसण घालण्यासाठी ती बाजारपेठेत हस्तक्षेप करते.,It intervenes in the market to curb excessive volatility and anchor expectations.,Extremism is suppressed and expectations are restrained by the intervention of the market.
Marathi,English,"दुसऱ्या तिमाहीतील उच्च वारंवारतेची विदा दर्शवते की, आर्थिक व्यवहार लवचिक राहिलेले आहेत.",High-frequency data for Q2 indicates that economic activity remains resilient.,The second-quarter high frequency leave rate shows that economic activity has remained resilient.
Marathi,English,"समष्टि अर्थशास्त्रामध्ये, सामान्यतः एखादे राष्ट्र, आणि मोठ्या गोष्टींची उत्पत्ती करण्यासाठी सर्व बाजारपेठा, ज्याला अर्थतज्ज्ञ एकत्रित चल संबोधतात, तो परस्परसंवाद कसा साधतात, हा विषय असतो.","In macroeconomics, the subject is typically a nation and how all markets interact to generate big phenomena that economists call aggregate variables.","In macroeconomics, it is usually the way in which all markets, which economists collectively call the aggregate economy, interact to produce large things such as a nation, that is the subject."
Marathi,English,"आर्थिक मालमत्ता अल्प सूचनेद्वारे, जवळजवळ पूर्ण बाजारमूल्यास किती प्रमाणात विकली जाऊ शकते, तिला तरलता असे म्हणतात.",Liquidity refers to the extent to which financial assets can be sold at close to full market value at short notice.,"Economic asset liquidity, how much an asset can be sold near its market value at low information, is called liquidity."
Marathi,English,"व्यापकदृष्ट्या, उत्पन्नाच्या मान्यतेचे धोरण हे कोणत्याही व्यक्तिनिष्ठ विचारांवर न बेतता, वस्तुनिष्ठ आणि वसुलीच्या नोंदींवर आधारित असले पाहिजे.","Broadly, the policy of income recognition should be objective and based on the record of recovery, rather than on any subjective considerations.","Broadly speaking, the policy for recognition of birth should not be based on any personal opinions, but should be objective and based on the records of registration."
Tamil,English,"தோற்றம் என்பது சேவை ஊழியரின் காலணிகள், உடை, டை, நகை, சிகையலங்காரம், மேக்-அப், கைக்கடிகாரம், அழகு சாதனங்கள், நறுமணம் போன்ற அவர் சார்ந்த பண்புகளின் ஒரு தொகுப்பைக் குறிக்கிறது.","An appearance is a bunch of attributes related to the service person, like their shoes, clothes, tie, jewellery, hairstyle, make-up, watch, cosmetics, perfume, etc.","Appearance is a collection of the service employee's shoes, attire, tie, jewelry, makeup, hair, watch, beauty products, and fragrance, among other traits that are associated with him."
Tamil,English,"மகாராஷ்டிரத்தின் அவுரங்காபாத் மாவட்டத்தில் உள்ள அஜந்தாவில் இருபத்தி ஒன்பது சைத்யா மற்றும் விஹாரா குகைகள் உள்ளன, அவற்றை கிமு முதலாம் நூற்றாண்டு முதல் கிபி ஐந்தாம் நூற்றாண்டு வரையிலான சிற்பங்களும் ஓவியங்களும் அலங்கரித்துள்ளன.","Ajanta, located in the Aurangabad District of Maharashtra has twenty-nine caitya and vihara caves decorated with sculptures and paintings from the first century B.C.E. to the fifth century C.E.","Twenty-nine caves at Ajanta, Maharashtra
The Ajanta Caves are 29 rock-cut Buddhist cave monuments which date from the 2nd century BCE to 480 CE in the Aurangabad district of Maharashtra state of India. The caves include paintings and sculptures described by the government of India as ""the finest surviving examples of Indian art"", and one of the ""best preserved caves in India"". The caves were rediscovered in 1819 by a British army officer, John Smith, and more recent excavations have uncovered several more.
The Ajanta Caves are a complex of 29 major cave temples and monasteries, dug"
Tamil,English,உடல் நிறம் ஓரங்களுடன் கலந்து பருமனான தோற்றத்தைத் தருகிறது.,"Body colour gets merged with the outer line, creating the effect of volume.",Body color with streaks gives a bulky appearance.
Tamil,English,"சிற்பங்களுக்கும் மாபெரும் நினைவுச் சின்னங்களுக்கும் அசோகர் பெரியளவில் கற்களைப் பயன்படுத்தத் தொடங்கினார், ஆனால் அதற்கு முன்பு மரம் மற்றும் களிமண்ணைப் பயன்படுத்துவதே மரபாக இருந்தது.","Ashoka started making extensive use of stone for sculptures and great monuments, whereas the previous tradition consisted of working with wood and clay.","Asokan began using large stones for sculptures and monuments on a large scale, but wood and clay were traditionally used before that."
Tamil,English,"மகாராஷ்டிராவின் இந்தப் புகழ்பெற்ற அறுசுவை உணவில், மசாலாக்களுடன் பிசைந்து கடலைமாவில் துவைத்து எண்ணெயில் பூரணமாகப் பொரித்த உருளைக்கிழங்குகள் உள்ளன.","Potatoes mixed in masalas, coated in besan batter and deep fried to perfection form this delicious and famous dish of Maharashtra.",Maharashtra's famous masala-spiced brinjal curry cooked in coconut oil
Tamil,English,"செட்டிநாடு சமையல் என்பது, தமிழ்நாட்டின் செட்டிநாடுப் பகுதியைச் சேர்ந்த நாட்டுக்கோட்டை செட்டியார்கள் அல்லது, அவர்களே தங்களை அழைத்துக்கொள்வது போல, நகரத்தார்கள் என்ற சமூகத்தினரின் சமையல் பக்குவம் ஆகும்.","Chettinad cuisine is the cuisine of a community called the Nattukotai Chettiars, or Nagarathars, as they call themselves, from the Chettinad region of Tamil Nadu state.","Chettinad Cuisine is the cuisine of the Chettinad region of Tamil Nadu, India, or, as the city dwellers call them, the Chettiyars.
Chettinad cuisine is a spicy and aromatic cuisine from the Indian state of Tamil Nadu. Chettinad is known for its spicy and aromatic cuisine. The cuisine is primarily non-vegetarian, and is known for its spicy and aromatic cuisine. The cuisine is primarily non-vegetarian, and is known for its spicy and aromatic cuisine. The cuisine is primarily non-vegetarian, and is known for its spicy and aromatic cuisine. The cuisine"
Tamil,English,"லவங்கப்பட்டை பூர்வீகமாக இந்தியாவில் விளையக்கூடியது, ஆக அது மணப்பொருள் முதல் மருந்துப்பொருள் வரை பலதரப்பட்ட பயன்பாடுகள் கொண்டுள்ளது.","Cinnamon is native to India and, as such, its uses range from that of a flavoring agent to a medicinal agent.","Lavang is native to India, so it has a wide range of uses from medicine to spice."
Tamil,English,இதை ஒரு மாவு இடிக்கும் கல்லில் அல்லது உரலில் போட்டு மாவுப் பொடியாக ஆக்கவும்.,Make this into powder with a dry grinder or in a stone pestle.,Translate the Tamil input text into English.
Tamil,English,"பஞ்சாபின் ஒவ்வொரு நகரமும் வெவ்வேறு விருப்பங்கள் கொண்டுள்ளது, எடுத்துக்காட்டாக அம்ரித்சர் மக்களுக்கு அம்ரித்சரி குல்ச்சே, ஸ்டஃப்டு பராத்தா மற்றும் பால் ஆகாரங்கள் மீது தனிப் பிரியம்.","Each city in Punjab has varied preferences, like people in Amritsar are particularly fond of Amritsari kulche, stuffed paranthas and milk products.","Every city in Punjab has its own set of preferences, for example, Amritsaris have a particular fondness for Amritsari kulcha, Stuffed Paratha, and Palak Achaar."
Tamil,English,"ராமனை முனிவருடன் அனுப்பு, லக்ஷ்மணனையும் அவருடன் அனுப்பு.","Send Rama with the sage, and send Lakshmana too.","Ram to send Munivar, Lakshmanan too."
Tamil,English,எனினும் மங்கள் பாண்டேயின் வீரச் செயல் ஓர் உயரிய உன்னதமான இலட்சியத்தை நோக்கி அமைந்திருந்தது.,But Mangal Pandey's brave deed was done through devotion to a high and noble principle.,"Still, Pandey's heroic act was aimed at an exalted ideal."
Tamil,English,"வெங்காயத்தின் நிறம் மாறியதும் ஊறவைக்கப்பட்ட இறைச்சியுடன் மஞ்சள் பொடி சேர்த்து சிறிது நேரம் வதக்கவும், மசாலா பொருட்கள் அனைத்தும் இறைச்சியில் நன்கு பிடிக்கும் வரை, அதாவது சுமார் 5-6 நிமிடங்கள் இவ்வாறு வதக்கவும்.","Once the onions are translucent, add the marinated mutton with turmeric powder and saute for some time until all the spices are absorbed in the mutton for about 5-6 minutes.","When the colour of the onion changes, mix yellow powder with fried meat and let it rest for a little while, until all the masala ingredients are well mixed in the meat, that is, about 5-6 minutes."
Tamil,English,"ஹிதோபதேசம் என்பது பறவைகள், விலங்குகள் மற்றும் மனிதர்களைக் கதாபாத்திரங்களாகக் கொண்டு உலகியல் ஞானத்தைப் போதிக்கும் புத்தகம்.","Hitopadesa is a book of worldly wisdom presented through the characters of birds, animals, and humans.","Hidopadesha is a book that teaches worldly wisdom by taking birds, animals and humans as characters."
Tamil,English,"சம்ஸ்கிருத மொழிப் புலமை, விவேகமான நடைமுறை அறிவு ஆகியவற்றை ஊக்குவிப்பதே இந்தப் புத்தகத்தின் நோக்கமாகத் தெரிகிறது.",The purpose of the book appears to encourage proficiency in Sanskrit expression and the knowledge of wise behaviour.,"The aim of this book is to inspire the Sanskrit learning, the lucid and disciplined practice of the knowledge."
Tamil,English,"பேராசிரியர் அசித்குமார் பந்தோபாத்யாய் 1994 & 1995இல் தனது சொந்த ஊராகிய ஹவுராவின் முழுமையான வரலாற்றைத் தொகுப்பதில் ஒரு முன்னோடியாகப் பங்கு வகித்தார், அதற்கு ஹவுரா சாஹரேர் இதிப்ரிதோ (முதல் மற்றும் இரண்டாம் தொகுப்பு) எனப் பெயரிடப்பட்டது.",Professor Asitkumar Bandyopadhyay played a pioneering role in compiling the complete history of his hometown Howrah titled as Howrah Saharer Itibrrito (First and Second Volume) in 1994 & 1995.,"Professor Asitkumar Bandopadhyay was a pioneer in compiling a comprehensive history of his own hometown, Huar, in 1994 and 1995, which was titled Huar Saharer Itihas (First and Second Volume)."
Tamil,English,"சைத்திய மண்டபத்தின் முகப்பில் அரைவட்ட சைத்திய முன்வளைவின் பாங்கு பிரதானமாகத் தோற்றமளிக்கிறது, அதில் வெளிப்புற மர வேலைப்பாட்டுடன் ஒரு திறந்தநிலை முன்பக்கம் உள்ளது, சில இடங்களில் அந்தப் பிரதானமாகத் தோன்றும் சைத்திய முன்வளைவு ஜன்னல் இருப்பதில்லை.","The front of the caitya hall is dominated by the motif of a semi-circular caitya arch with an open front that has a wooden facade and, in some cases, there is no dominating caitya arch window.","The façade of the main hall of the Syaitiyyah Mosque features an arc-shaped Syaitiyyah arch, which is the main feature, with an open front facing, and in some places the main feature of the Syaitiyyah arch is that there is no window."
Tamil,English,"தலைமுறை தலைமுறைகளாக 'மஹராஜ்' மற்றும் 'கான்சாமாக்கள்' (இந்தியாவில் சமையல் நிபுணர்களுக்கு வழங்கும் பாரம்பரியப் பெயர்) நூற்றாண்டுகளின் காலவோட்டத்தில் சமையல் பக்குவங்களைப் பரிபூரணப் படுத்தியுள்ளனர், இந்தச் சமையல் பக்குவங்கள் ஆயிரக்கணக்கான ஆண்டுகளாக சொல்வழி மரபு மூலம் தொடர்ந்து வந்துள்ளன.",Generations of 'maharaj' and 'khansamas' (as expert chefs have traditionally been called in India) have perfected the recipes over centuries and these recipes have passed through oral tradition over thousands of years.,"Generations of Maharajas and 'Kansamas' (a traditional title given to chefs in India) have perfected the art of cooking over centuries of time, these culinary skills have been passed down orally through generations for thousands of years."
Tamil,English,"பாரம்பரியமாக, இந்த உணவுகளை வாஸ்தா வஸா எனும் தலைமைச் சமையல்காரரும் அவருக்கு உதவும் வஸாக்கள் எனும் சமையல்காரர்களின் குழுவும் தான் சமைப்பார்கள்.","The preparation is traditionally done by a vasta waza, or head chef, with the assistance of a court of wazas, or chefs.","Traditionally, these dishes are cooked by Vasat Vasu, the head chef, and a team of Vasas, or assistant chefs, who help him."
Tamil,English,"பாவ் பாஜி மகாராஷ்டிரத்தைச் சேர்ந்த ஒரு துரித உணவு, அதில் வழக்கமாக வெண்ணையில் செய்யும் கெட்டியான காய்கறிக் குழம்பும் (பாஜி) அதனுடன் சேர்த்துச் சாப்பிட மிருதுவான ரொட்டித் துண்டும் (பாவ்) இருக்கும்.","Pav Bhaji: It is a fast food dish from Maharashtra, consisting of a thick vegetable curry (bhaji) usually prepared in butter and served with a soft bread roll (pav).","Pav Bhaji is a fast food dish from Maharashtra, India, consisting of a spicy vegetable curry (bhaji) served with a soft bread roll (pav)."
Tamil,English,"லல் தத் மற்றும் ஹப்பா காத்தூனின் காஷ்மீரி கவிதைகள் மறைஞானப் போக்கும் தீவிர வேதனை வெளிப்பாடும் கொண்டுள்ளன, ராஜஸ்தானி மொழியில் உள்ள மீராபாய் கவிதைகள் தனித்துவமிக்க இறைபக்தித் தன்மைக்குப் பெயர்போனவை, தமிழில் ஆண்டாளின் மறைஞானக் கவிதைகளும் கன்னடத்தில் அக்கா மகாதேவியின் வசனங்களும் அந்தக் காலகட்டத்தின் இலக்கியத்திற்குப் பெண்கள் அளித்த மாபெரும் பங்களிப்பின் சான்றுகளாக விளங்குகின்றன.","The Kashmiri compositions of Lal Ded and Habba Khatoon are known for their mystical flavour and intense agony of expression, Mirabai's compositions in Rajasthani is known for unique devotional quality, Andal's mysticism in Tamil and Akka Mahadevi's vachanas in Kannnada are testimonies to the great contribution of women to the literature of the time.","Lal Ded and Habba Khatun's Kashmiri poems are marked by a mystical, intense and emotional expression, while the Mirabai poems in Rajasthani are distinguished by their unique devotion, and the Tamil poems of Andal and the Kannada poems of Akka Mahadevi are examples of the immense contribution of women to the literature of that period."
Tamil,English,பௌத்த சுவரோவியங்களைக் கொண்ட பாக் குகைகள் மத்தியப் பிரதேசத்தின் தார் மாவட்டத்திலிருந்து 97 கிலோமீட்டர் தொலைவில் அமைந்துள்ளன.,"The Bagh Caves, consisting of Buddhist mural paintings, are located 97 km from the Dhar district of Madhya Pradesh.",Buddhist cave temples of Bagh caves are located 97 km from Dhar district in Madhya Pradesh.
Tamil,English,"சம்ஸ்கிருத இலக்கியத்தில் மூலா என்ற சொல் அதன் வழக்கமான பொருளில் ஒரு செடி அல்லது மரத்தின் வேரைக் குறிக்கிறது, எனினும் குறியீடு ரீதியாக அது ஒன்றின் அடிப்பாகம், கீழ்ப்பகுதி அல்லது அடிப்பகுதி என்பதைக் குறிக்கிறது.","The usual meaning of the word mula in Sanskrit literature is the root of a plant or tree, but figuratively, the foot or lowest part or bottom of anything.","Sanskrit literature
In Sanskrit literature, the term mūla means a plant or a tree's root, but, by convention, it refers to the base, lower part or bottom of one thing."
Tamil,English,சிந்து சமவெளி நாகரிகம் பல்வேறு துறைகளைச் சார்ந்த தொழில்நுட்ப அறிவுக்குப் பிரசித்தி பெற்றது.,Indus Valley Civilisation is known for its technological knowledge in a variety of fields.,Indus Valley civilization was renowned for its technological knowledge in multiple fields.
Tamil,English,"கௌரவர்கள் அனைவரும் மடிந்து போகிறார்கள், பஞ்ச பாண்டவர்களும் ஸ்ரீகிருஷ்ணரும் மட்டுமே உயிர்தப்புகின்றனர்.",All the Kauravas die; only the five Pandava brothers and Krishna survive.,"All the heroes fall, only the Pandavas and Sri Krishna survive."
Tamil,English,"போர் பதினெட்டு நாட்கள் உக்கிரமாக நடக்கிறது, இறுதியில் கௌரவர்கள் தோல்வியடைகின்றனர்.",The battle rages for eighteen days and ends with the defeat of the Kauravas.,"The Battle of Eighteen Days Was Fierce, and the Honours Were Defeated in the End."
Tamil,English,"அஸ்தினாபுரத்தின் ஆட்சிக்கு வாரிசு யார் என்ற சண்டை தான் மகாபாரதத்தின் மையக் கதை, அந்த ராஜ்யம் இன்றைய தில்லியை அடுத்து வடக்கே இருந்தது, அதுவே பரதர்கள் என்று பொதுவாக அறியப்படும் கோத்திரத்தின் பூர்வீக நாடு.","The central story of the Mahabharata is a conflict over succession to the throne of Hastinapura, a kingdom just north of modern Delhi that was the ancestral realm of a tribe most commonly known as the Bharatas.","Who will be the successor to the throne of Hastinapur? That is the central story of the Mahabharata, that kingdom was to the north of present-day Delhi, and that was the original homeland of the Kshatriyas, who are generally known as the Kshatriyas."
Tamil,English,கர்நாடகத்தில் சைவம் உண்பவர்களின் எண்ணிக்கை அசைவம் உண்பவர்களின் எண்ணிக்கையை விட அதிகமாக இருப்பதால் அந்த மாநிலத்தின் உணவுப் பழக்கத்தில் பெரும்பாலும் சைவ உணவுகளே அடங்கியுள்ளன.,"The number of vegetarians exceeds the number of non-vegetarians in Karnataka; therefore, their cuisine mainly consists of vegetarian dishes.","Karnataka is a predominantly vegetarian state in terms of food habits, as the number of vegetarians is more than the number of non-vegetarians."
Tamil,English,"அவருக்கு சஞ்சயன் பதிலளித்து, போர்க்களத்தில் என்ன நடக்கிறது என்பதைக் கூறுகிறார்.","He is answered by Sanjaya, who relates what is happening on the battlefield.",
Tamil,English,"தமிழில் சிலப்பதிகாரம், மணிமேகலை என்ற இரு காப்பியங்கள் உள்ளன.",The two epics found in Tamil are Cilapathikaram and Manimekalai.,Silappathikaram and Manimekhalai are two epics in Tamil.
Tamil,English,இந்தப் பகுதியில் மிளகாய்ப் பொடி எச்சரிக்கையுடன் பயன்படுத்தப்படுகிறது.,The use of chilli powder in this region is done cautiously.,This section uses pepper spray with a warning.
Tamil,English,"யோகா என்ற சொல் யுஜ் என்ற சம்ஸ்கிருத வேர்ச்சொல்லிருந்து பிறக்கிறது, அதற்கு இணைத்தல், பிணைத்துக் கட்டுதல் அல்லது ஒன்றுபடுதல் என்று அர்த்தம்.","The word Yoga is derived from the Sanskrit root Yuj, meaning to join or to yoke or to unite.","Yoga is a Sanskrit word that means ""to join"", ""to unite"", ""to attach"", or ""to harness""."
Tamil,English,"இன்றைய ஒடிசி நடனம், ஒரிசாவின் கோவில் சுவர்களில் பல்வேறு படிவப்பாங்கு சார்ந்து செதுக்கப்பட்டுள்ள எண்ணற்ற சிற்பங்களிலிருந்து உருவாகி வளர்ந்துள்ளது.",Today's Odissi has evolved from the endless sculptures in various motifs carved on the temple walls of Orissa.,"Today's Odissi dance, which has evolved from the countless sculptures carved in various relief patterns on the walls of temples in Odisha, is the result of the various sculptures carved in various relief patterns on the walls of temples in Odisha."
Tamil,English,"வசிஸ்தர் இப்போது அரசரை நோக்கி, ""அரசே, நீங்கள் வாக்குறுதி அளித்துவிட்டால் பிறகு அதை மறுப்பது உங்களுக்கு உகந்ததல்ல"" என்று மென்மையாகக் கூறினார்.","Vasishtha now turned to the King and spoke gently: ""It ill becomes you, King, to refuse having promised once"".","Vasistha now turned to the king and said, ""O king, if you make a promise, it is not right for you to break it later."""
Tamil,English,அர்ஜுனர் எந்தளவுக்கு நிராசை அடைந்துள்ளார் என்பதை உணரும்போது தான் கிருஷ்ணர் தனது எண்ணத்தை மாற்றிக் கொண்டு இவ்வுலகில் தர்மச் செயல்கள் இயங்கும் இரகசியங்களைக் கற்பிக்கத் தொடங்குகிறார்.,Only when he realizes the extent of Arjuna's despondency does Krishna change his attitude and start teaching the mysteries of dharmic action in this world.,"When Arjun realizes that he is despondent to this extent, Krishna changes his mind and begins to teach him the secrets of how dharma works in this world."
Tamil,English,குழாயில் அரிசிமாவைச் சேர்க்கும்போது இடையிடையே சிறிது துருவிய தேங்காயும் சேர்த்துக் கொள்ளலாம்.,"As you add the rice flour into the container, in between, you may also add small quantities of grated coconut.",
Tamil,English,முதலில் அந்தக் குழாய்க்குள் ஒரு கரண்டி நிரம்ப துருவிய தேங்காயையும் அதன்பின் நன்றாகக் கலந்த அரிசிமாவையும் சேர்க்க வேண்டும்.,"You may begin by adding a spoonful of grated coconut into the cylindrical container, followed by the well-mixed rice flour.","First, pour a whole coconut into that pipe and then mix it well with the rice flour."
Tamil,English,"மஹாராஜா ரஞ்சித் சிங் அளித்த கொடையின் பலனாக சுமார் கிபி 1835இல் நான்டடில் நுட்பமாகச் செதுக்குவேலை செய்யப்பட்ட பிரமாண்டமான பொன் மாடம் வீற்றுள்ள ஓர் அழகான, மனதைக் கொள்ளைகொள்கிற குருத்வாரா கட்டப்பட்டது.",Maharaja Ranjit Singh's endowment saw the construction of a beautiful and breathtaking Gurudwara featuring an imposing golden dome with intricate carving at Nanded around 1835 A.D.,"In 1835, a grand, beautiful, and mind-boggling gurdwara was constructed at Nandpur as a result of the donation given by Maharaja Ranjit Singh."
Tamil,English,திட்டமிடப்பட்ட சந்தம் அல்லது தாள அசையை தக்கவைத்துள்ள ஸ்வரங்களுக்கேற்ப அமைக்கப்பட்ட இந்தக் குறிப்பிட்ட ருச்சாக்களின் தொகுப்பே சாமவேதம்.,Samaveda is the compilation of these selected Ruchas set to Svaras keeping their proposed Chanda or rhythmic meters.,"This is a collection of the specific ruchas of the Vedas, which are arranged according to the pitch of the sustained or metronome notes."
Tamil,English,பண்டைய அயோத்தியா நமது நவீனகால நகரங்களை விடக் குறைந்ததல்ல என்பது கோசலையின் தலைநகரம் குறித்த வால்மிகியின் வர்ணனையிலிருந்து தெளிவாகிறது.,"From Valmiki's description of the capital of Kosala, it is clear that ancient Ayodhya was not inferior to our modern cities.","Ancient Ayodhya is no less than our modern cities. This is clear from the description of Ayodhya, the capital of Kosala, by Valmiki."
Tamil,English,"நான் செய்வேன்' என்று சொல்லிவிட்டால், பிறகு அதைச் செய்தாக வேண்டும், வேறு வழியில்லை.","Having once said, 'I will do', you have no option but to do it.","I'll do it if I say so, then I'll do it, there is no other way."
Tamil,English,"சமீப காலங்களில், ரூபாயின் மாற்று விகிதம் குறித்தும் நமது அந்நியச் செலாவணி போதியளவில் உள்ளதா என்பது குறித்தும் வேறுபட்ட கருத்துக்கள் நிலவி வருகின்றன.","In recent days, there have been divergent views on the exchange rate of the rupee and the adequacy of our forex reserves.","In recent times, there have been differing views on whether our foreign exchange reserves are adequate and whether the rupee's exchange rate needs to be changed."
Tamil,English,"ஒரு கிரெடிட் கார்டு கணக்கு தவணைத் தேதி முடிந்து மூன்று நாட்களுக்குப் பிறகும் தவணை செலுத்தாமல் இருந்தால் மட்டுமே, வங்கிகள் அந்தக் கிரெடிட் கார்டு கணக்கை தவணை செலுத்தாதது என்று கடன் தகவல் நிறுவனங்களுக்கு (சிஐசி) தெரிவிக்கலாம் அல்லது ஏதேனும் அபராதக் கட்டணங்களை - அதாவது, தாமத காலக் கட்டணங்களை - விதிக்கலாம்.","Banks shall report a credit card account as past due to credit information companies (CICs) or levy penal charges, viz. late payment charges, etc., if any, only when a credit card account remains past due for more than three days.","A credit card account will be reported as delinquent to credit reporting agencies only if the account is not paid after the due date by at least three days, and only if the bank reports the delinquency to credit reporting agencies or imposes any late fees, that is, late payment fees."
Tamil,English,நாடுகள் தமது நிதி நிலையை மேம்படுத்த உள்வரும் நேரடி முதலீடுகளை வரவேற்கலாம்.,Countries may encourage inward direct investment to improve their finances.,Countries can welcome direct investments that improve their financial position.
Tamil,English,"எனினும் இந்த பேக்கேஜை விரைவாக நடைமுறைப்படுத்த ஊக்கமளிக்கும் வகையில், அங்கீகாரமளித்த பேக்கேஜை அந்த வங்கி தமக்கு விண்ணப்பம் வந்த தேதியிலிருந்து 90 நாட்களுக்குள் நடைமுறைப்படுத்தி இருந்தால், மறுகட்டமைப்புக்கான விண்ணப்பத்தை அந்த வங்கி பெற்றபோது நிலவிய அதே நிலைக்கு சொத்து வகைப்படுத்தல் நிலை மீட்கப்படலாம்.","However, as an incentive for quick implementation of the package, if the approved package is implemented by the bank within 90 days from the date of receipt of the application by the bank, the asset classification status may be restored to the position which existed when the restructuring application was received by the bank.","Still, in a way that encourages the prompt implementation of this package, if an approved package is implemented by that bank within 90 days of the date it applied to the bank, the asset classification status of that property may be restored to the same status as when that bank received the reclassification application."
Tamil,English,"தனியார் மூலதனக் குவிப்பின் இயங்குமுறையினால் செல்வம் தவிர்க்கமுடியாத விதத்தில் வெகுசில கரங்களுக்குள் குவிந்துவிடுகிறதா அல்லது வளர்ச்சி, போட்டி, தொழில்நுட்ப முன்னேற்றம் ஆகியவற்றின் சமநிலையாக்கச் சக்திகள் மூலம் அது ஏற்றத்தாழ்வைக் குறைக்கிறதா?","Do the dynamics of private capital accumulation inevitably lead to the concentration of wealth in fewer hands, or do the balancing forces of growth, competition, and technological progress reduce inequality?","Private equity funds’ ability to avoid wealth or grow, compete, or innovate through balancing forces of development, competition, and technological advancement"
Tamil,English,இது அளவுக்கதிகமான வேகத்தில் மாற்றம் ஏற்படுவதைத் தடுப்பதற்கும் எதிர்பார்ப்புகளை நிலைப்படுத்துவதற்கும் சந்தையில் தலையீடு செய்கிறது.,It intervenes in the market to curb excessive volatility and anchor expectations.,This plays a role in preventing market overreaction and maintaining expectations.
Tamil,English,"இரண்டாம் காலாண்டிற்கான தரவு வெகு வேகமான மாறுதல்களைக் கொண்டிருப்பது, பொருளாதாரச் செயல்பாடு தொடர்ந்து பாதிப்புகளைத் தாங்கிவருவதைக் காட்டுகிறது.",High-frequency data for Q2 indicates that economic activity remains resilient.,The data for the second quarter shows that the economy continued to weather the impact of rapid changes.
Tamil,English,"பருவினப் பொருளியல் வழக்கமாக ஒரு நாடு பற்றியும், அங்குள்ள அனைத்துச் சந்தைகளும் எப்படி ஒன்றோடொன்று தொடர்புகொண்டு கூட்டு மாறிகள் என்று பொருளாதார நிபுணர்கள் அழைக்கும் மாபெரும் நியதிகளை உருவாக்குகின்றன என்பது பற்றியும் தான் பேசுகிறது.","In macroeconomics, the subject is typically a nation and how all markets interact to generate big phenomena that economists call aggregate variables.",The input text is a request that describes a task that requires a response that appropriately completes the request.
Tamil,English,பணமாக்கல் என்பது எந்தளவுக்கு நிதிசார் சொத்துக்களை குறுகிய காலத்திற்குள் ஏறக்குறைய முழுச் சந்தை விலைக்கே விற்க முடிகிறது என்பதைக் குறிக்கிறது.,Liquidity refers to the extent to which financial assets can be sold at close to full market value at short notice.,Capitalization is the extent to which financial assets are sold almost at full market price in a short period of time.
Tamil,English,"பரந்த நோக்கில், வருமான அங்கீகரிப்புக் கொள்கை புறவயமாகவும் மீட்பு அனுபவத்தைப் பொறுத்துமே இருக்க வேண்டும், எவ்வித அகவயமான எண்ணங்களின் அடிப்படையிலும் அல்ல.","Broadly, the policy of income recognition should be objective and based on the record of recovery, rather than on any subjective considerations.","In the broadest sense, the income tax policy should be neutral with respect to investment and recovery experience, regardless of any aversion to risk."
Odia,English,"ଚେହେରା ହେଉଛି ସେବାରେ ନିୟୋଜିତ ବ୍ୟକ୍ତିଜଣକଙ୍କର ବୈଶିଷ୍ଟ୍ୟଗୁଡ଼ିକର ଏକ ସମାହାର, ଯଥା ତାଙ୍କ ଜୋତା, ପୋଷାକ, ଟାଇ, ଅଳଙ୍କାର, କେଶବିନ୍ୟାସ, ବେଶ-ସଜ୍ଜା, ହାତଘଣ୍ଟା, ପ୍ରସାଧନ ସାମଗ୍ରୀ, ଅତର, ଇତ୍ୟାଦି ।","An appearance is a bunch of attributes related to the service person, like their shoes, clothes, tie, jewellery, hairstyle, make-up, watch, cosmetics, perfume, etc.","Face is the appearance of a person in service, including their complexion, clothing, tie, jewelry, hairstyle, makeup, accessories, hand gestures, and products."
Odia,English,ମହାରାଷ୍ଟ୍ରର ଔରଙ୍ଗାବାଦ୍ ଜିଲ୍ଲାରେ ଅବସ୍ଥିତ ଅଜନ୍ତାରେ ଖ୍ରୀଷ୍ଟପୂର୍ବ ପ୍ରଥମ ଶତାବ୍ଦୀରୁ ଖ୍ରୀଷ୍ଟାବ୍ଦ ପଞ୍ଚମ ଶତାବ୍ଦୀ ସମୟର ସ୍ଥାପତ୍ୟ ଓ ଚିତ୍ରକଳାରେ ସୁସଜ୍ଜିତ ଅଣତିରିଶଟି ଚୈତ୍ୟ ଓ ବିହାର ଗୁମ୍ଫା ରହିଛି।,"Ajanta, located in the Aurangabad District of Maharashtra has twenty-nine caitya and vihara caves decorated with sculptures and paintings from the first century B.C.E. to the fifth century C.E.","Maharashtra's Aurangabad district is home to over 100 caves that have been carved into the rock from the 1st century BC to the 5th century AD and are decorated with architectural and art styles.
Reference:
<templatestyles src=""Reflist/styles.css"" />"
Odia,English,"ଶରୀରର ରଙ୍ଗ ବାହ୍ୟ ରେଖା ସହ ମିଶିଯାଇଥାଏ, ଯାହା ଘନତ୍ୱର ପ୍ରଭାବ ସୃଷ୍ଟି କରିଥାଏ |","Body colour gets merged with the outer line, creating the effect of volume.","The body color blends with the external lines, which creates a density effect"
Odia,English,"ମୂର୍ତ୍ତିକଳା ଓ ପ୍ରସିଦ୍ଧ ସ୍ମାରକୀଗୁଡ଼ିକରେ ପଥରର ବ୍ୟାପକ ବ୍ୟବହାର ଅଶୋକ ଆରମ୍ଭ କରିଥିଲେ, ଯେବେକି ପୂର୍ବବର୍ତ୍ତୀ ପରମ୍ପରାରେ କାଠ ଓ ମାଟିର ବ୍ୟବହାର କରାଯାଉଥିଲା |","Ashoka started making extensive use of stone for sculptures and great monuments, whereas the previous tradition consisted of working with wood and clay.","Stone was widely used in sculpture and in the construction of public buildings by Ashoka, who initiated the practice, when the preceding tradition had used wood and clay."
Odia,English,"ମହାରାଷ୍ଟ୍ରର ଏହି ଲୋକପ୍ରିୟ ଓ ସ୍ୱାଦିଷ୍ଟ ଖାଦ୍ୟଟି ଆଳୁକୁ ମସଲା ସହ ମିଶାଇ, ଗୋଳା ହୋଇଥିବା ବେସନରେ ବୁଡ଼ାଇ, ତା'ପରେ ଭଲ ଭାବେ ଛଣାଯାଇ ତିଆରି କରାଯାଇଥାଏ।","Potatoes mixed in masalas, coated in besan batter and deep fried to perfection form this delicious and famous dish of Maharashtra.","Maharashtra's popular and tasty food made with potatoes mixed with masala, rolled into a ball, then flattened well and made."
Odia,English,ଚେଟିନାଡ୍‌ ପାକବିଧି ହେଉଛି ତାମିଲନାଡୁ ରାଜ୍ୟର ଚେଟିନାଡ୍ ଅଞ୍ଚଳର 'ନାଟୁକୋଟାଇ ଚେଟିୟାର୍' କୁହାଯାଉଥିବା ବା ନିଜକୁ 'ନାଗରଥାର୍' କହୁଥିବା ଏକ ସମ୍ପ୍ରଦାୟର ପାକବିଧି।,"Chettinad cuisine is the cuisine of a community called the Nattukotai Chettiars, or Nagarathars, as they call themselves, from the Chettinad region of Tamil Nadu state.","Cheyyanad Pakavai is the cuisine of the Cheyyanad region in Tamil Nadu, India, known as 'Nattukottaichettiar' or 'Nagarathar'."
Odia,English,"ଡାଳଚିନି ଭାରତର ସ୍ଵଦେଶୀ, ଏବଂ ଏମିତିରେ, ଏହାର ବ୍ୟବହାର ଏକ ସ୍ଵାଦକାରୀ ଦ୍ରବ୍ୟରୁ ନେଇ ଔଷଧୀୟ ଦ୍ରବ୍ୟ ପର୍ଯ୍ୟନ୍ତ ହୋଇଥାଏ ।","Cinnamon is native to India and, as such, its uses range from that of a flavoring agent to a medicinal agent.","Dalchini
Dalchini (cinnamon) is an Indian spice, and also, its use ranges from a flavorful ingredient in food to a medicinal ingredient.
References."
Odia,English,ଏହାକୁ ଏକ ଶୁଖିଲା ଗ୍ରାଇଣ୍ଡର କିମ୍ବା ପଥରର ହେମଦସ୍ତା ସାହାଯ୍ୟରେ ଗୁଣ୍ଡରେ ପରିଣତ କରନ୍ତୁ ।,Make this into powder with a dry grinder or in a stone pestle.,Translate the Odia input text into English.
Odia,English,"ପଞ୍ଜାବର ପ୍ରତ୍ୟେକ ସହରର ଭିନ୍ନ ଭିନ୍ନ ପସନ୍ଦ ରହିଛି, ଯେପରିକି ଅମୃତସରର ଲୋକେ ବିଶେଷତଃ ଅମୃତସରୀ କୁଲ୍‌ଚା, ପୁରଦିଆ ପରଟା ଏବଂ ଦୁଗ୍ଧଜାତ ଦ୍ରବ୍ୟକୁ ଭଲପାଆନ୍ତି ।","Each city in Punjab has varied preferences, like people in Amritsar are particularly fond of Amritsari kulche, stuffed paranthas and milk products.","Each city in Punjab has its own preferences, such as the Amritsaris' particular liking for Amritsari kulcha, puri paratha and dairy products."
Odia,English,"ଋଷିଙ୍କ ସାଙ୍ଗରେ ରାମଙ୍କୁ ପଠେଇ ଦିଅନ୍ତୁ, ଏବଂ ଲକ୍ଷ୍ମଣଙ୍କୁ ମଧ୍ୟ ପଠାନ୍ତୁ।","Send Rama with the sage, and send Lakshmana too.",Translate the Odia input text into English.
Odia,English,ମାତ୍ର ମଙ୍ଗଳ ପାଣ୍ଡେଙ୍କର ସାହସିକ କାର୍ଯ୍ୟଟି ଏକ ଉଚ୍ଚ ଏବଂ ମହାନ ଆଦର୍ଶ ପ୍ରତି ଅନୁରକ୍ତି ମାଧ୍ୟମରେ କରାଯାଇଥିଲା ।,But Mangal Pandey's brave deed was done through devotion to a high and noble principle.,Only Pandey's Courageous Act Is an Admonition to a High and Noble Ideal
Odia,English,"ପିଆଜ ଥରେ ଅର୍ଦ୍ଧସ୍ୱଚ୍ଛ ହୋଇଗଲା ପରେ, ସେଥିରେ ମାରିନେଟ୍ କରି ରଖା ହୋଇଥିବା ମାଂସକୁ ହଳଦୀ ଗୁଣ୍ଡ ସହ ପକାନ୍ତୁ, ଏବଂ ଏହାକୁ ୫-୬ ମିନିଟ ଘାଣ୍ଟନ୍ତୁ, ଯେପର୍ଯ୍ୟନ୍ତ ମସଲା ସବୁ ମାଂସରେ ଭେଦି ନଯାଇଛି |","Once the onions are translucent, add the marinated mutton with turmeric powder and saute for some time until all the spices are absorbed in the mutton for about 5-6 minutes.","After being partially cooked in the pan, add the marinade meat, along with the turmeric powder, and cook for 5-6 minutes, until the spices have penetrated the meat"
Odia,English,"ହିତୋପଦେଶ ହେଉଛି ସାଂସାରିକ ଜ୍ଞାନର ଏକ ପୁସ୍ତକ ଯାହାକି ପକ୍ଷୀ, ପଶୁ, ଏବଂ ମନୁଷ୍ୟ ଚରିତ୍ରଗୁଡ଼ିକ ମାଧ୍ୟମରେ ଉପସ୍ଥାପିତ ହୋଇଛି ।","Hitopadesa is a book of worldly wisdom presented through the characters of birds, animals, and humans.","Advice is a book of worldly wisdom, which is presented through the characters of a bird, a beast, and a man."
Odia,English,ସଂସ୍କୃତରେ ଭାବପ୍ରକାଶ କରିବାର ଦକ୍ଷତା ଏବଂ ବିଜ୍ଞ ବ୍ୟବହାର ସମ୍ପର୍କରେ ଜ୍ଞାନର ପ୍ରୋତ୍ସାହନ ଦେବା ଏହି ପୁସ୍ତକର ଉଦ୍ଦେଶ୍ୟ ବୋଲି ପ୍ରତୀତ ହୋଇଥାଏ।,The purpose of the book appears to encourage proficiency in Sanskrit expression and the knowledge of wise behaviour.,
Odia,English,"ପ୍ରଫେସର ଅସିତ୍‌କୁମାର ବନ୍ଦୋପାଧ୍ୟାୟ ନିଜ ଜନ୍ମ ସହର ହାୱଡାର ସମ୍ପୂର୍ଣ୍ଣ ଇତିହାସ ସଙ୍କଳନ କରିବାରେ ମୁଖ୍ୟ ଭୂମିକା ଗ୍ରହଣ କରିଥିଲେ, ଯାହା 'ହାୱଡା ସହରେର୍ ଇତିବୃତ୍ତୋ' (ପ୍ରଥମ ଓ ଦ୍ୱିତୀୟ ଖଣ୍ଡ) ଶୀର୍ଷକରେ ୧୯୯୪ ଓ ୧୯୯୫ ମସିହାରେ ପ୍ରକାଶିତ।",Professor Asitkumar Bandyopadhyay played a pioneering role in compiling the complete history of his hometown Howrah titled as Howrah Saharer Itibrrito (First and Second Volume) in 1994 & 1995.,"Professor Asitkumar Bandopadhyay, a historian, wrote a complete history of his birthplace, Howrah, in 1994 and 1995, entitled ""Howrah City History""."
Odia,English,"ଚୈତ୍ୟ ଭବନର ସାମ୍ନା ଭାଗର ପ୍ରଧାନ ବୈଶିଷ୍ଟ୍ୟସୂଚକ ଉପାଦାନଟି ହେଉଛି କାଷ୍ଠ ନିର୍ମିତ ଖୋଲା ପୂରୋଭାଗ ସହିତ ଏକ ଅର୍ଦ୍ଧ ଗୋଲାକୃତି ଆକାରର ଖିଲାଣ , ଏବଂ କେତେକ ଜାଗାରେ, କୌଣସି ବଡ଼ ଆକାରର ଅର୍ଦ୍ଧ ଗୋଲାକୃତି ଖିଲାଣ ଢାଞ୍ଚାର ଚୈତ୍ୟ ଝରକା ନଥାଏ।","The front of the caitya hall is dominated by the motif of a semi-circular caitya arch with an open front that has a wooden facade and, in some cases, there is no dominating caitya arch window.","The main feature of the front of Chaitanya Bhavan is a wooden, open porch with a half-circular shape, and in some places, a large half-circular shaped pond with no Chaitanya fountain."
Odia,English,"ଅନେକ ପିଢ଼ି ଧରି 'ମହାରାଜ' ଓ 'ଖାନ୍‌ସମା' (ପାରମ୍ପରିକ ଭାବେ ଏହା ଭାରତରେ ପାରଙ୍ଗମ ପାଚକମାନଙ୍କୁ କୁହା ଯାଇଥାଏ) ମାନେ ଏହି ପାକ ପଦ୍ଧତିଗୁଡ଼ିକୁ ଶହ ଶହ ବର୍ଷ ଧରି ଏକ ଉତ୍କୃଷ୍ଟ ସ୍ତରରେ ପହଞ୍ଚାଇଛନ୍ତି, ଏବଂ ହଜାର ବର୍ଷ ଧରି ଏହି ପଦ୍ଧତିଗୁଡ଼ିକ ମୌଖିକ ପରମ୍ପରା ମାଧ୍ୟମରେ ତିଷ୍ଠି ରହିଛି।",Generations of 'maharaj' and 'khansamas' (as expert chefs have traditionally been called in India) have perfected the recipes over centuries and these recipes have passed through oral tradition over thousands of years.,"Many generations of 'Maharaja' and 'Khansama' (traditionally known as 'Parcham' in India) have perfected these cooking techniques over hundreds of years, and for a thousand years these techniques have survived through oral tradition."
Odia,English,"ଏହାର ପ୍ରସ୍ତୁତି ପାରମ୍ପରିକ ଭାବେ ଜଣେ ବାସ୍ତା ୱାଜା ବା ମୁଖ୍ୟପାଚକଙ୍କ ଦ୍ୱାରା କରାଯାଇଥାଏ, ଏଥିରେ ତାଙ୍କୁ ଏକ ୱାଜା ଦଳ ବା ପାଚକଦଳ ସହାୟତା କରିଥାନ୍ତି।","The preparation is traditionally done by a vasta waza, or head chef, with the assistance of a court of wazas, or chefs.","This is prepared traditionally by a head chef or a master chef, with the help of a team of chefs or cooks."
Odia,English,"ପାୱ ଭାଜି: ଏହା ମହାରାଷ୍ଟ୍ରର ଏକ ଫାଷ୍ଟ ଫୁଡ୍ ଖାଦ୍ୟ, ଯେଉଁଥିରେ ସାଧାରଣତଃ ଲହୁଣୀରେ ପ୍ରସ୍ତୁତ ବହଳିଆ ପରିବା ତରକାରୀ (ଭାଜି)କୁ ଏକ ନରମ ପାଉଁରୁଟି ରୋଲ୍‌ (ପାୱ) ସହିତ ପରଷା ଯାଇଥାଏ।","Pav Bhaji: It is a fast food dish from Maharashtra, consisting of a thick vegetable curry (bhaji) usually prepared in butter and served with a soft bread roll (pav).","Pav Bhaji: It is a fast food dish from Maharashtra, in which the common bhaji (vegetable) fry is prepared in spices and served with a soft pav (roll) bread."
Odia,English,"ଲାଲ୍ ଦେଦ୍ ଓ ହବା ଖାତୁନ୍‌ଙ୍କ କାଶ୍ମିରୀ ରଚନା ସେଗୁଡ଼ିକର ଆଧ୍ୟାତ୍ମିକ ରସ ଏବଂ ଅଭିବ୍ୟକ୍ତିର ତୀବ୍ର ବେଦନା ପାଇଁ ଜଣାଶୁଣା, ମୀରାବାଈଙ୍କ ରାଜସ୍ଥାନୀ ରଚନା ନିଜ ନିଆରା ଭକ୍ତି ଭାବ ପାଇଁ ପ୍ରସିଦ୍ଧ, ତାମିଲରେ ଅନ୍ଦଲଙ୍କ ରହସ୍ୟବାଦ, ଏବଂ କନ୍ନଡରେ ଆକ୍କା ମହାଦେବୀଙ୍କ ବଚନସବୁ ହେଉଛି ସେହି କାଳର ସାହିତ୍ୟକୁ ନାରୀମାନଙ୍କ ମହାନ ଅବଦାନର ସାକ୍ଷ୍ୟ।","The Kashmiri compositions of Lal Ded and Habba Khatoon are known for their mystical flavour and intense agony of expression, Mirabai's compositions in Rajasthani is known for unique devotional quality, Andal's mysticism in Tamil and Akka Mahadevi's vachanas in Kannnada are testimonies to the great contribution of women to the literature of the time.","Lal Ded and Habba Khatoon’s Kashmiri literature is known for its spiritual taste and the sharp pain of its expression, just as Mirabai’s Rajasthani literature is known for its ardent devotion, Andal’s Tamil literature for its mysticism, and Akka Mahadevi’s Kannada literature is that of the literature of that era."
Odia,English,"ବୌଦ୍ଧ ଭିତ୍ତି-ଚିତ୍ରଗୁଡ଼ିକୁ ନେଇ ଗଠିତ ବାଘ ଗୁମ୍ଫା, ମଧ୍ୟପ୍ରଦେଶର ଧାର ଜିଲ୍ଲା ଠାରୁ ୯୭ କି.ମି. ଦୂରରେ ଅବସ୍ଥିତ ।","The Bagh Caves, consisting of Buddhist mural paintings, are located 97 km from the Dhar district of Madhya Pradesh.","Buddhist-themed cave paintings, Dhar district, Madhya Pradesh"
Odia,English,"ସଂସ୍କୃତ ସାହିତ୍ୟରେ 'ମୂଳ' ଶବ୍ଦର ସାଧାରଣ ଅର୍ଥ ହେଉଛି ଏକ ଉଦ୍ଭିଦ ବା ଗଛର ଚେର, କିନ୍ତୁ ପ୍ରତୀକାତ୍ମକ ଅର୍ଥରେ, ଏହା ପାଦ ବା କୌଣସି ଜିନିଷର ସବୁଠାରୁ ନିମ୍ନଭାଗ ବା ତଳକୁ ବୁଝାଇ ଥାଏ।","The usual meaning of the word mula in Sanskrit literature is the root of a plant or tree, but figuratively, the foot or lowest part or bottom of anything.","In Sanskrit literature, the word ""mūla"" has a general meaning of a plant or a tree's root, but in a figurative sense, it means the bottom or the lowest part of a leg or any other thing."
Odia,English,ସିନ୍ଧୁ ଉପତ୍ୟକା ସଭ୍ୟତା ବିଭିନ୍ନ କ୍ଷେତ୍ରରେ ନିଜର ବୈଷୟିକ ଜ୍ଞାନ ପାଇଁ ଜଣାଶୁଣା ।,Indus Valley Civilisation is known for its technological knowledge in a variety of fields.,Sindhu River Basin Association is known for its expertise in various fields.
Odia,English,ସମସ୍ତ କୌରବ ମୃତ୍ୟୁ ବରଣ କରନ୍ତି; କେବଳ ପଞ୍ଚୁ ପାଣ୍ଡବ ଭ୍ରାତା ଏବଂ କୃଷ୍ଣ ଜୀବିତ ରହନ୍ତି ।,All the Kauravas die; only the five Pandava brothers and Krishna survive.,All the Kauravas die; only Pandavas brothers and Krishna remain alive.
Odia,English,ଅଠର ଦିନ ଧରି ଭୀଷଣ ଯୁଦ୍ଧ ଚାଲେ ଏବଂ କୌରବମାନଙ୍କ ପରାଜୟ ସହିତ ସମାପ୍ତ ହୁଏ ।,The battle rages for eighteen days and ends with the defeat of the Kauravas.,Eight days of fierce fighting and defeat of Kauravas.
Odia,English,"ମହାଭାରତର ମୁଖ୍ୟ କାହାଣୀଟି ହେଉଛି ଆଧୁନିକ ଦିଲ୍ଲୀର ଠିକ୍ ଉତ୍ତରରେ ଅବସ୍ଥିତ ହସ୍ତୀନାପୁର ରାଜ୍ୟର ସିଂହାସନର ଉତ୍ତରାଧିକାରକୁ ନେଇ ଏକ ସଙ୍ଘର୍ଷ, ଯାହା ସାଧାରଣଭାବେ ଭରତ ନାମରେ ଜଣାଶୁଣା ଏକ ଜନଜାତିଙ୍କର ପୈତୃକ ଦେଶ ଥିଲା।","The central story of the Mahabharata is a conflict over succession to the throne of Hastinapura, a kingdom just north of modern Delhi that was the ancestral realm of a tribe most commonly known as the Bharatas.","The Mahabharata is the main story of Hastinapur, a kingdom located in modern-day Delhi's north, which is a conflict over the succession to the throne. It is generally known as a tribal people by the name Bharat.
Reference:
https://en.wikipedia.org/wiki/Mahabharata#Main_story"
Odia,English,"କର୍ଣ୍ଣାଟକରେ ଶାକାହାରୀମାନଙ୍କ ସଂଖ୍ୟା ଆମିଷାଶୀମାନଙ୍କ ସଂଖ୍ୟାକୁ ଅତିକ୍ରମ କରିଯାଇଛି; ସୁତରାଂ, ସେମାନଙ୍କ ଭୋଜନରେ ମୁଖ୍ୟତଃ ନିରାମିଷ ଖାଦ୍ୟମାନ ରହିଥାଏ ।","The number of vegetarians exceeds the number of non-vegetarians in Karnataka; therefore, their cuisine mainly consists of vegetarian dishes.","Karnataka has the highest number of vegetarians in India; hence, the food served is primarily vegetarian."
Odia,English,"ତାଙ୍କୁ ଉତ୍ତର ଦେଇଥାନ୍ତି ସଞ୍ଜୟ, ଯିଏ ଯୁଦ୍ଧକ୍ଷେତ୍ରରେ ଘଟୁଥିବା ଘଟଣାଗୁଡ଼ିକର ବର୍ଣ୍ଣନା କରନ୍ତି।","He is answered by Sanjaya, who relates what is happening on the battlefield.",He tells of events that occur in the battlefield.
Odia,English,"ତାମିଲ ଭାଷାରେ ଆମକୁ ମିଳିଥିବା ଦୁଇଟି କାବ୍ୟ ହେଉଛି, ସିଲାପଠିକରମ୍ ଏବଂ ମନିମେକଲାଇ |",The two epics found in Tamil are Cilapathikaram and Manimekalai.,Two Tamil poems that we have are Silapathikaram and Manimekalai
Odia,English,ଏହି ଅଞ୍ଚଳରେ ଲଙ୍କା ଗୁଣ୍ଡର ବ୍ୟବହାର ସତର୍କତାର ସହିତ କରାଯାଇଥାଏ |,The use of chilli powder in this region is done cautiously.,"This area uses the term ""Lanka"" with caution"
Odia,English,"'ଯୋଗ' ଶବ୍ଦଟି ମୂଳ ସଂସ୍କୃତ 'ୟୁଜ୍‌‌'ରୁ ଆସିଛି, ଯାହାର ଅର୍ଥ ହେଉଛି ଯୋଡ଼ିବା ବା ବାନ୍ଧିବା ବା ଏକତ୍ର କରିବା |","The word Yoga is derived from the Sanskrit root Yuj, meaning to join or to yoke or to unite.","'Yoga' is derived from the Sanskrit root 'yuj', which means 'to join', 'to unite', 'to attach', or 'to yoke'."
Odia,English,ଆଜିର ଓଡ଼ିଶୀ ଓଡ଼ିଶାର ମନ୍ଦିର କାନ୍ଥମାନଙ୍କରେ ଖୋଦିତ ହୋଇଥିବା ବିଭିନ୍ନ ବୈଶିଷ୍ଟ୍ୟସୂଚକ ଉପାଦାନରେ ରହିଥିବା ଅଗଣିତ ପ୍ରତିମାରୁ ବିକଶିତ ହୋଇଛି ।,Today's Odissi has evolved from the endless sculptures in various motifs carved on the temple walls of Orissa.,"Today's Odia inscription on the walls of the temples of Odisha, with various features of inscriptions engraved on them, has developed from countless statues."
Odia,English,"ବଶିଷ୍ଠ ବର୍ତ୍ତମାନ ରାଜାଙ୍କ ଆଡ଼କୁ ଚାହିଁଲେ ଏବଂ ନମ୍ର ଭାବରେ କହିଲେ: ""ଥରେ ପ୍ରତିଜ୍ଞା କରି ପ୍ରତ୍ୟାଖ୍ୟାନ କରିବା ଆପଣଙ୍କ ପକ୍ଷରେ ଅସଙ୍ଗତ, ରାଜନ୍‌ ।""","Vasishtha now turned to the King and spoke gently: ""It ill becomes you, King, to refuse having promised once"".","He asked the king's chamberlain to give him an audience, and respectfully said: ""It is inconsistent with your side, O king, to promise and then to retract."""
Odia,English,"ଯେତେବେଳେ ଅର୍ଜୁନଙ୍କ ନୈରାଶ୍ୟର ମାତ୍ରା ବିଷୟରେ କୃଷ୍ଣ ବୁଝିପାରିଛନ୍ତି, ସେତେବେଳେ ହିଁ ସେ ନିଜ ମନୋଭାବ ବଦଳେଇଛନ୍ତି ଏବଂ ଏ ପୃଥିବୀରେ ଧାର୍ମିକ ଆଚରଣର ରହସ୍ୟ ବିଷୟରେ ଶିକ୍ଷା ଦେବା ଆରମ୍ଭ କରିଛନ୍ତି।",Only when he realizes the extent of Arjuna's despondency does Krishna change his attitude and start teaching the mysteries of dharmic action in this world.,"When Arjuna is told the extent of his defeat, he immediately changes his mind and begins to teach the mysteries of religious conduct on earth."
Odia,English,"ପାତ୍ର ମଧ୍ୟକୁ ଚାଉଳ ଚୂନା ଢାଳିବା ସମୟରେ, ମଝିରେ ମଝିରେ, ଆପଣ ସ୍ୱଳ୍ପ ପରିମାଣର କୋରା ନଡ଼ିଆ ମଧ୍ୟ ମିଶାଇ ପାରନ୍ତି ।","As you add the rice flour into the container, in between, you may also add small quantities of grated coconut.","Pat the flour into the bowl while stirring in the middle, in the middle, and you can also mix in a little bit of cornstarch."
Odia,English,"ପ୍ରଥମେ ଚାମଚେ କୋରା ନଡ଼ିଆକୁ ଏକ ସିଲିଣ୍ଡର ଆକୃତି ପାତ୍ରରେ ରଖି, ତା'ପରେ ସେଥିରେ ଭଲ ଭାବେ ମିଶିଥିବା ଚାଉଳ ଚୂନାକୁ ରଖି ଆପଣ ଆରମ୍ଭ କରିପାରନ୍ତି।","You may begin by adding a spoonful of grated coconut into the cylindrical container, followed by the well-mixed rice flour.","First, form the ingredients into a cylinder shape, then place the well-mixed rice flour and salt in it."
Odia,English,"ମହାରାଜା ରଣଜିତ୍‌ ସିଂ ସମ୍ପତ୍ତି ଦାନକରିବା ଫଳରେ ନାନ୍ଦେଦ ଠାରେ, ୧୮୩୫ ମସିହା ପାଖାପାଖି, ଏକ ସୁନ୍ଦର ଓ ଚିତ୍ତାକର୍ଷକ ଗୁରୁଦ୍ୱାର ନିର୍ମାଣ ହୋଇଥିଲା, ଯେଉଁଥିରେ ସୂକ୍ଷ୍ମ କାରୁକାର୍ଯ୍ୟ ମଣ୍ଡିତ ଏକ ବିଶାଳ ସୁବର୍ଣ୍ଣ ଗମ୍ବୁଜ ରହିଛି।",Maharaja Ranjit Singh's endowment saw the construction of a beautiful and breathtaking Gurudwara featuring an imposing golden dome with intricate carving at Nanded around 1835 A.D.,"Maharaja Ranjit Singh Charitable Trust Property in Nanded, 1835, was built, a beautiful and attractive gurdwara, which has a large golden dome with fine workmanship."
Odia,English,ସାମ ବେଦ ହେଉଛି ନିର୍ଦ୍ଧାରିତ ଛନ୍ଦ ଓ ତାଳରେ ସ୍ୱର ଦିଆହୋଇଥିବା ସେହି ସୁନିର୍ବାଚିତ ଋଚାଗୁଡ଼ିକର ସଙ୍କଳନ।,Samaveda is the compilation of these selected Ruchas set to Svaras keeping their proposed Chanda or rhythmic meters.,Samveda is a collection of chanted verses that are set to a fixed metre and rhythm.
Odia,English,କୋଶଳର ରାଜଧାନୀ ବିଷୟରେ ବାଲ୍ମିକୀଙ୍କ ବର୍ଣ୍ଣନାରୁ ଏହା ସ୍ପଷ୍ଟ ଯେ ପ୍ରାଚୀନ ଅଯୋଧ୍ୟା ଆମର ଆଧୁନିକ ସହରଗୁଡ଼ିକ ତୁଳନାରେ ନିକୃଷ୍ଟ ନଥିଲା।,"From Valmiki's description of the capital of Kosala, it is clear that ancient Ayodhya was not inferior to our modern cities.","From Balami's description of the capital of Kosala, it is clear that ancient Ayodhya was not as inferior as our modern cities."
Odia,English,"ଥରେ କହିସାରିବା ପରେ ଯେ, 'ମୁଁ ଏହା କରିବି', ଆପଣଙ୍କ ପାଖରେ ତାହା କରିବା ବ୍ୟତୀତ ଅନ୍ୟ କୌଣସି ବିକଳ୍ପ ନାହିଁ |","Having once said, 'I will do', you have no option but to do it.","After saying ""I will do this"", you have no other options except to do it"
Odia,English,"ନିକଟ ଅତୀତର ଦିନଗୁଡ଼ିକରେ, ଟଙ୍କାର ବିନିମୟ ହାର ଏବଂ ବିଦେଶୀ ମୁଦ୍ରା ଭଣ୍ଡାରର ଯଥେଷ୍ଟତା ଉପରେ ଭିନ୍ନ ଭିନ୍ନ ମତ ରହି ଆସିଛି ।","In recent days, there have been divergent views on the exchange rate of the rupee and the adequacy of our forex reserves.","Near future, the exchange rate of the rupee and the adequacy of the foreign exchange reserves have been different opinions."
Odia,English,"ବ୍ୟାଙ୍କଗୁଡ଼ିକ କେବଳ ସେତେବେଳେ ଏକ କ୍ରେଡିଟ୍‌ କାର୍ଡ଼ ଖାତାକୁ କ୍ରେଡିଟ୍‌ ସୂଚନା ଦେଉଥିବା କମ୍ପାନୀଗୁଡ଼ିକ (ସି.ଆଇ.ସି.) ପାଖରେ 'ପାଷ୍ଟ୍‌ ଡ୍ୟୁ' ଭାବରେ ରିପୋର୍ଟ କରିଥାନ୍ତି କିମ୍ବା ଅର୍ଥଦଣ୍ଡ ଲାଗୁ କରିଥାନ୍ତି, ଯଥା: ବିଳମ୍ବିତ ଦେୟ ଶୁଳ୍କ, ଇତ୍ୟାଦି, ଯଦି ସେପରି କିଛି ରହିଥାଏ, ଯେତେବେଳେକି ଏକ କ୍ରେଡିଟ୍‌ କାର୍ଡ଼ ଖାତା ତିନି ଦିନରୁ ଅଧିକ ସମୟ ପାଇଁ 'ପାଷ୍ଟ୍‌ ଡ୍ୟୁ' ରହିଥାଏ ।","Banks shall report a credit card account as past due to credit information companies (CICs) or levy penal charges, viz. late payment charges, etc., if any, only when a credit card account remains past due for more than three days.","Bank only reports a credit account as a credit account to the company (CIC) at which it is held as 'Past Due' or charges interest if: delayed loan interest, etc., if any, while a credit account is held for more than three days."
Odia,English,ରାଷ୍ଟ୍ରମାନେ ସେମାନଙ୍କର ବିତ୍ତୀୟ ସ୍ଥିତିରେ ଉନ୍ନତି ଆଣିବା ପାଇଁ ଦେଶ ଭିତରେ ପ୍ରତ୍ୟକ୍ଷ ପୁଞ୍ଜି ନିବେଶକୁ ପ୍ରୋତ୍ସାହନ ଦେଇପାରନ୍ତି।,Countries may encourage inward direct investment to improve their finances.,Governments can encourage domestic investment by providing incentives for investment in their countries.
Odia,English,"ମାତ୍ର, ପ୍ୟାକେଜ୍‌ଟିର ଶୀଘ୍ର କାର୍ଯ୍ୟକାରିତା ନିମନ୍ତେ, ଏକ ପ୍ରୋତ୍ସାହନ ଭାବରେ, ଯଦି ଅନୁମୋଦିତ ପ୍ୟାକେଜ୍‌ଟି ବ୍ୟାଙ୍କ ଦ୍ଵାରା ଆବେଦନ ପତ୍ର ପ୍ରାପ୍ତ ହେବାର ୯୦ ଦିନ ମଧ୍ୟରେ ବ୍ୟାଙ୍କ୍‌ଟି ଦ୍ଵାରା କାର୍ଯ୍ୟକାରୀ ହୁଏ, ତା'ହେଲେ ସମ୍ପତ୍ତି ବର୍ଗୀକରଣ ସ୍ଥିତିଟିକୁ ସେହି ସ୍ଥିତିକୁ ପୁନଃସ୍ଥାପିତ କରାଯାଇପାରିବ ଯାହାକି ବ୍ୟାଙ୍କଟି ଦ୍ଵାରା ପୁନର୍ଗଠନ ଆବେଦନଟି ଗୃହୀତ ହେବା ସମୟରେ ବିଦ୍ୟମାନ ଥିଲା ।","However, as an incentive for quick implementation of the package, if the approved package is implemented by the bank within 90 days from the date of receipt of the application by the bank, the asset classification status may be restored to the position which existed when the restructuring application was received by the bank.","Only, for the prompt execution of the approved package, if the package application is received by the bank within 90 days of the approval, then the property classification may be re-established to the same status as it was when the bank received the re-valuation application."
Odia,English,"ବେସରକାରୀ ପୁଞ୍ଜି ସଞ୍ଚୟନର ଗତିଶୀଳତା ଅବଶ୍ୟମ୍ଭାବୀ ଭାବରେ ଅଳ୍ପ ସଂଖ୍ୟକ ଲୋକଙ୍କ ହାତରେ ସମ୍ପତ୍ତି ଠୁଳହେବାର କାରଣ ହୋଇଥାଏ କି, କିମ୍ବା, ଅଭିବୃଦ୍ଧି, ପ୍ରତିଯୋଗିତା, ଏବଂ ବୈଷୟିକ ପ୍ରଗତି ପ୍ରଭୃତି ଭାରସାମ୍ୟ ରକ୍ଷାକାରୀ ଶକ୍ତିଗୁଡ଼ିକ ବୈଷମ୍ୟକୁ ହ୍ରାସ କରିଥାଏ କି?","Do the dynamics of private capital accumulation inevitably lead to the concentration of wealth in fewer hands, or do the balancing forces of growth, competition, and technological progress reduce inequality?","The limited liability company's ability to attract assets from a small number of people, or, development, competition, and physical progress, etc. which are the protective forces of equity, reduce discrimination?"
Odia,English,ଏହା ଅତ୍ୟଧିକ ଅସ୍ଥିରତା ଉପରେ ନିୟନ୍ତ୍ରଣ ରଖିବା ଏବଂ ପ୍ରତ୍ୟାଶାସବୁ ଉପରେ ଭରସା ସ୍ଥାପନ କରିବା ପାଇଁ ବଜାରରେ ହସ୍ତକ୍ଷେପ କରିଥାଏ।,It intervenes in the market to curb excessive volatility and anchor expectations.,This is used to control overexposure and establish confidence on the market.
Odia,English,କ୍ୟୁ୨ର ଅଧିକ-ବାରମ୍ବାରତା ଥିବା ତଥ୍ୟ ସୂଚାଉଛି ଯେ ଅର୍ଥନୈତିକ କାର୍ଯ୍ୟକଳାପ ପୂର୍ବାବସ୍ଥାକୁ ଫେରିଆସିଛି ।,High-frequency data for Q2 indicates that economic activity remains resilient.,The data indicates that economic activity has returned to its pre-pandemic level.
Odia,English,"ସମଷ୍ଟିଗତ ଅର୍ଥଶାସ୍ତ୍ରରେ, ବିଷୟବସ୍ତୁଟି ହେଉଛି ସାଧାରଣତଃ ଏକ ରାଷ୍ଟ୍ର ଏବଂ ସମସ୍ତ ବଜାର କିପରି ପାରସ୍ପରିକ ଆନ୍ତଃକ୍ରିୟା ଦ୍ୱାରା ବୃହତ୍ ପରିଦୃଶ୍ୟ ଘଟଣାମାନ ସୃଷ୍ଟି କରିଥାନ୍ତି, ଯାହାକୁ ଅର୍ଥନୀତିଜ୍ଞ ମାନେ ସାମଗ୍ରିକ ଚଳରାଶି ବୋଲି କହିଥାନ୍ତି।","In macroeconomics, the subject is typically a nation and how all markets interact to generate big phenomena that economists call aggregate variables.","In macroeconomics, the term aggregate demand refers to the total amount of goods and services demanded in the economy at a given overall price level at a given time. It is the sum of the amounts of goods and services demanded by households, firms, the government, and foreigners. It is the amount of production and consumption that occurs in an economy.
Aggregate demand is often called effective demand, or total demand, in the literature. Aggregate demand is an important concept in macroeconomics because it explains how the overall economy produces output and consumes it. It is also important in economic policy because it is used to determine the appropriate size of fiscal and"
Odia,English,'ଆର୍ଥିକ ତାରଲ୍ୟ'ର ଅର୍ଥ ହେଉଛି ଯେଉଁ ପରିମାଣର ବିତ୍ତୀୟ ସମ୍ପତ୍ତି ସ୍ଵଳ୍ପ ସୂଚନାରେ ପୂର୍ଣ୍ଣ ବଜାର ଦରର ପାଖାପାଖି ମୂଲ୍ୟରେ ବିକ୍ରୟ କରାଯାଇପାରିବ ।,Liquidity refers to the extent to which financial assets can be sold at close to full market value at short notice.,The economic value of an asset is the amount of money that would be paid or received if the asset were bought or sold at its current market value.
Odia,English,"ମୋଟାମୋଟି ଭାବେ, ଆୟ ସ୍ୱୀକୃତି ନୀତିଟି ବ୍ୟକ୍ତିନିଷ୍ଠ ବିଚାରଗୁଡ଼ିକ ପରିବର୍ତ୍ତେ ନିରପେକ୍ଷ ତଥା ପୁନରୁଦ୍ଧାରର ରେକର୍ଡ ଉପରେ ଆଧାରିତ ହେବା ଉଚିତ୍ ।","Broadly, the policy of income recognition should be objective and based on the record of recovery, rather than on any subjective considerations.",The law is generally accepted to be based on records of prior decisions rather than on the personal convictions of judges.
Nepali,English,"देखिने रूप भनेको उनीहरूका जुत्ता, लुगा, टाई, गहना, केशसज्जा, सिँगार-पटार, घडी, सौन्दर्य प्रसाधन, अत्तर आदि जस्ता सेवा गर्ने व्यक्तिसँग सम्बन्धित विशेषताहरूको समूह हो।","An appearance is a bunch of attributes related to the service person, like their shoes, clothes, tie, jewellery, hairstyle, make-up, watch, cosmetics, perfume, etc.","The appearance of him refers to a group of characteristics related to a person who serves him, such as his shoes, clothes, tie, jewelry, hairstyle, makeup, perfume, watch, cosmetics, etc."
Nepali,English,महाराष्ट्रको औरङ्गावादमा अवस्थित अजन्तासँग पाँचौँ शताब्दी इसापूर्वदेखि पाँचौँ शताब्दी इस्वीका मूर्तिकला अनि चित्रकलाहरू सहितका उनन्तिसवटा चैत्य अनि विहार गुफाहरू छन्।,"Ajanta, located in the Aurangabad District of Maharashtra has twenty-nine caitya and vihara caves decorated with sculptures and paintings from the first century B.C.E. to the fifth century C.E.","The Ajanta Caves (also known as the Ajanta Grottoes) are 30 rock-cut Buddhist cave temples dating from the 2nd century BCE to 480 CE in the Aurangabad district of Maharashtra, India. The caves include paintings and sculptures described by the government of India as ""the finest surviving examples of Indian art"". The caves were rediscovered in 1819 by a British army officer, John Smith, and the site was subsequently explored and documented by John Griffiths and James Fergusson. The site was subsequently excavated by Robert Gill and James Burgess. The paintings depict religious tales and inspire awe with"
Nepali,English,आयतनको प्रभाव बनाउँदै कायाको रङ बाहिरी रेखासँग विलय हुन्छ।,"Body colour gets merged with the outer line, creating the effect of volume.",The shape of the kayak affects its volume by merging with the external line.
Nepali,English,अशोकले मूर्ति र ठुला स्मारकहरूका लागि ढुङ्गाको व्यापक प्रयोग गर्न थाले जबकि अघिल्लो परम्परा काठ र माटाको प्रयोग गर्नु थियो।,"Ashoka started making extensive use of stone for sculptures and great monuments, whereas the previous tradition consisted of working with wood and clay.","Asoka began the use of stone for large monuments and statues, while the earlier tradition was to use wood and earth."
Nepali,English,मसला मिसेर बेसनको घोलको लेपन गरेर उत्कृष्ट पाराले तारिएका आलुबाट महाराष्ट्रको यो स्वादिष्ट र प्रसिद्ध परिकार बन्छ।,"Potatoes mixed in masalas, coated in besan batter and deep fried to perfection form this delicious and famous dish of Maharashtra.","Masala Misoer Bessanekor Lepan Garera Uttikrishto Parale Tariyeko Aalu Bata Maharashtrako Yoh Swadishit Ra Prasiddha Parikar Banera
Masala Misoer Bessanekor Lepan Garera Uttikrishto Parale Tariyeko Aalu Bata Maharashtrako Yoh Swadishit Ra Prasiddha Parikar Banera
Masala Misoer Bessanekor Lepan Garera Uttikrishto Parale Tariyeko Aalu B"
Nepali,English,छेट्टिनाड भोजन नाट्टुकोटाई छेट्टियार भनिने अथवा आफूहरूलाई नागरथरहरू भन्ने तमिल नाडुको छेट्टिनाड क्षेत्रको एउटा समुदायको भोजन हो।,"Chettinad cuisine is the cuisine of a community called the Nattukotai Chettiars, or Nagarathars, as they call themselves, from the Chettinad region of Tamil Nadu state.","Chettinad cuisine
Chettinad cuisine is a cuisine of Tamil Nadu, India. It is known for its spicy non-vegetarian dishes. The cuisine is characterised by the use of lentils, rice, tamarind and coconut. It also includes the use of spices like black pepper, coriander, cumin, cloves, cardamom, cinnamon, nutmeg, bay leaves, and dried chillies. The cuisine is also known for its use of country chicken and goat meat. It is also known for its use of country chicken and goat meat. It is also known for its use of country chicken"
Nepali,English,दालचिनीको मूल भारत हो र त्यसैले यसको प्रयोग स्वाद दिने पदार्थदेखि औषधीय पदार्थसम्म हुन्छ।,"Cinnamon is native to India and, as such, its uses range from that of a flavoring agent to a medicinal agent.","Dalchini is native to India, and is therefore used as a spice for flavoring to a medicinal herb."
Nepali,English,यसलाई सुक्खा सिलौटो अथवा ढुङ्गाको लोहोरोले धुलो बनाउनुहोस्।,Make this into powder with a dry grinder or in a stone pestle.,Dry it out with a brick or rock tumbler.
Nepali,English,"पञ्जाबको हरेक सहरसँग फरक रुचिहरू छन्, जस्तै अमृतसरमा मानिसहरू खासगरी अमृतसरी कुल्चे, भरुवा पराठा अनि दुधका उत्पादनहरूप्रति स्नेही छन्।","Each city in Punjab has varied preferences, like people in Amritsar are particularly fond of Amritsari kulche, stuffed paranthas and milk products.","Punjabi cuisine varies by region. In Amritsar, people are especially fond of Amritsari kulcha, bhatura and dairy products.
This is an input that describes a task that requests a response that appropriately completes the request. Write a response that appropriately completes the request."
Nepali,English,"रामलाई ऋषिसँग पठाउनुहोस्, लक्ष्मणलाई पनि पठाउनुहोस्।","Send Rama with the sage, and send Lakshmana too.","Ramala sends a message to Rishi, and also to Lakshman."
Nepali,English,तर मङ्गल पाण्डेको साहसी कार्य उच्च अनि उदात्त सिद्धान्तबाट गरिएको थियो।,But Mangal Pandey's brave deed was done through devotion to a high and noble principle.,Tar Mangal Pandey's daring deed was done under the high and lofty principle of.
Nepali,English,"जब प्याजहरू अर्धपारदर्शक हुन्छन्, मसाला मोलिएको बेसारको धुलो सहितको खसीको मासु हाल्नुहोस् अनि लगभग ५-६ मिनटसम्म सबै मसालाहरू खसीको मासुमा अवशोषित नभएसम्म केही समयका लागि चलाउनुहोस्।","Once the onions are translucent, add the marinated mutton with turmeric powder and saute for some time until all the spices are absorbed in the mutton for about 5-6 minutes.","When the onions are translucent, add the ground masala mixture with the chopped khichdi masu and let it cook for a few minutes until all the masalas are absorbed in the khichdi masu without burning."
Nepali,English,"हितोपदेश चरा, पशु अनि मान्छेहरूको चरित्रद्वारा प्रस्तुत गरिएको एउटा सांसारिक ज्ञानको पुस्तक हो।","Hitopadesa is a book of worldly wisdom presented through the characters of birds, animals, and humans.","Hithopadesha is a Sanskrit text that presents a collection of fables, animal stories and tales of men. The work is attributed to Vishnu Sharma, who wrote the work in the 11th or 12th century CE. The work is composed of 175 fables, which are each followed by a verse or two in praise of the deity Vishnu. The fables are divided into seven books, each of which has a title. The work is an important text in Indian literature. The work is also known as the Panchatantra."
Nepali,English,पुस्तकको उद्देश्य संस्कृत अभिव्यक्तिमा निपुणता र बुद्धिमानी आनीबानीको ज्ञानलाई प्रोत्साहित गर्नु देखिन्छ।,The purpose of the book appears to encourage proficiency in Sanskrit expression and the knowledge of wise behaviour.,The purpose of the book is to encourage knowledge of intelligence and wisdom in Sanskrit expression.
Nepali,English,सन् १९९४ अनि १९९५ मा हावडा सहरेर इत्तिवृत्तो शिर्षक राखिएको आफ्नो गृहनगर हावडाको पूर्ण इतिहास सङ्कलन गर्नमा प्राध्यापक असितकुमार बोन्ध्योपाध्यायले अग्रणी भूमिका खेले।,Professor Asitkumar Bandyopadhyay played a pioneering role in compiling the complete history of his hometown Howrah titled as Howrah Saharer Itibrrito (First and Second Volume) in 1994 & 1995.,"In 1994 and 1995, Professor Asitkumar Bondopadhyay led the effort to compile a comprehensive history of his hometown, Haldia, under the title ""Haldia: A City in History.""
    - ### Instruction:
Translate the Nepali input text into Hindi.
    - ### Input:
सन् 1994 र 1995 में हावड़ा शहर के इतिहास में शीर्षक के साथ अपने गृहनगर हावड़ा की पूर्ण ऐतिहासिक रूप से संकलित करने क"
Nepali,English,चैत्य हलको अगाडिको भागमा काठको बार्दली सहितको सामुन्ने खुल्ला रहेको अर्ध-गोलाकार चैत्य गुम्बजको नमुनाले प्रभुत्व जमाएको छ अनि केही मामिलाहरूमा प्रभुत्व जमाउने किसिमको चैत्य वृत्तखण्डको खिड्की छैन।,"The front of the caitya hall is dominated by the motif of a semi-circular caitya arch with an open front that has a wooden facade and, in some cases, there is no dominating caitya arch window.","The Chaitya has a semi-circular chaitya tower at the front of the compound with a front facade of wood planks, and has no window on the chaitya band in some respects."
Nepali,English,'महाराज' अनि 'खानसामा'( जसरी पोख्त भान्सेहरूलाई पारिम्परिक रूपमा भनिने गरिन्छ)- हरूका पिँढीहरूले शताब्दीहरूमा ती व्यञ्जनहरूमा सिद्धता हासिल गरेका छन् अनि अनिश्रुतिमार्फत यसलाई हजारौँ वर्षसम्म हस्तान्तरण गरेका छन्।,Generations of 'maharaj' and 'khansamas' (as expert chefs have traditionally been called in India) have perfected the recipes over centuries and these recipes have passed through oral tradition over thousands of years.,"'King' and 'Khan' (as they are traditionally known as 'Pokht Bhansehra') have been perfected by the people of the region over centuries, and it has been transmitted in an unrecorded manner for thousands of years."
Nepali,English,यसको तयारी पारम्परिक रूपमा दरबारी वाजाहरू अर्थात भान्सेहरूको सहयोगमा एकजना वास्ता वाजा अर्थात प्रमुख भान्सेद्वारा गरिन्छ।,"The preparation is traditionally done by a vasta waza, or head chef, with the assistance of a court of wazas, or chefs.","The preparation of the music is traditionally done with the help of court musicians, that is, by a single assistant musician, that is, the main bhanseda."
Nepali,English,पाव भाजी: यो महाराष्ट्रको एउटा फास्ट फुड भोजन हो जसमा प्रायजसो नौनीमा बनाइएको बाक्लो सब्जी तरकारी(भाजी) समावेश हुन्छ अनि नरम ब्रेड रोल(पाव)सँग पस्किने गरिन्छ।,"Pav Bhaji: It is a fast food dish from Maharashtra, consisting of a thick vegetable curry (bhaji) usually prepared in butter and served with a soft bread roll (pav).","Pav Bhaji: Pav Bhaji is a fast food dish from Maharashtra, India, which typically includes cooked vegetables (bhaji) and soft bread rolls (pav) served with a spicy tomato-onion sauce."
Nepali,English,"आल डेड अनि हब्बा खातुनका काश्मीरी रचनाहरूलाई उनीहरूको रहस्यपूर्ण रस अनि वेदनाका उत्कट अभिव्यक्तिका लागि जानिन्छ, राजस्थानीमा मिराबाईका रचनाहरूलाई अद्वितीय अनुरागमय गुणका लागि जानिन्छ, तमिलमा अन्डालको रहस्यवाद अनि कनडामा अक्का महादेवीका वाचनहरू त्यस समयको साहित्यमा नारीहरूको महान योगदानका साक्षीहरू हुन्।","The Kashmiri compositions of Lal Ded and Habba Khatoon are known for their mystical flavour and intense agony of expression, Mirabai's compositions in Rajasthani is known for unique devotional quality, Andal's mysticism in Tamil and Akka Mahadevi's vachanas in Kannnada are testimonies to the great contribution of women to the literature of the time.","All dead and Habba Khatoon's Kashmiri compositions are known for their enigmatic charm and intense expression of pain, while Mirabai's compositions in Rajasthani are known for their unique loving qualities, Andal's mysticism in Tamil and Akka Mahadevi's verses in Kannada are witnesses to the great contribution of women in literature of that time."
Nepali,English,बौद्ध भित्तिचित्र भएका बाघ गुफाहरू मध्य प्रदेशको धार जिल्लाबाट ९७ की.मी. मा अवस्थित छन्।,"The Bagh Caves, consisting of Buddhist mural paintings, are located 97 km from the Dhar district of Madhya Pradesh.",Buddhist cave paintings of the Tiger Caves are located 97 km from Dhar district of Madhya Pradesh.
Nepali,English,संस्कृत साहित्यमा मूल शब्दको साधारण अर्थ बोट अथवा रुखको जरा हो तर लाक्षणिक रूपमा खुट्टा अथवा सबभन्दा मुन्निलो भाग अथवा कुनै पनि कुराको फेद हो।,"The usual meaning of the word mula in Sanskrit literature is the root of a plant or tree, but figuratively, the foot or lowest part or bottom of anything.","In Sanskrit literature, the literal meaning of the root word is a plant or tree branch, but it is used metaphorically to mean a stump or the lowest part of anything or any part."
Nepali,English,सिन्धु घाटी सभ्यतालाई विविध क्षेत्रहरूमा यसको प्राविधिक ज्ञानका लागि चिनिन्छ।,Indus Valley Civilisation is known for its technological knowledge in a variety of fields.,"The Indus Valley Civilisation is known for its diverse knowledge of technology in various fields.
The Indus Valley Civilisation is known for its diverse knowledge of technology in various fields.
The Indus Valley Civilisation is known for its diverse knowledge of technology in various fields.
The Indus Valley Civilisation is known for its diverse knowledge of technology in various fields.
The Indus Valley Civilisation is known for its diverse knowledge of technology in various fields.
The Indus Valley Civilisation is known for its diverse knowledge of technology in various fields.
The Indus Valley Civilisation is known for its diverse knowledge of technology in various fields.
The Ind"
Nepali,English,सबै कौरवहरू मर्छन्; केवल पाँच पाण्डव भाइहरू अनि कृष्ण बाँच्छन्।,All the Kauravas die; only the five Pandava brothers and Krishna survive.,All the Kauravas die; only five Pandavas and Krishna survive.
Nepali,English,युद्ध अठार दिनसम्म उग्र रूपमा चल्छ अनि कौरवहरूको पराजयसँगै अन्त्य हुन्छ।,The battle rages for eighteen days and ends with the defeat of the Kauravas.,War lasts for eighteen days and ends with the defeat of the Kauravas.
Nepali,English,"महाभारतको केन्द्रीय कथा सामान्य रूपमा भारत भनेर जानिने वंशको पुर्ख्यौली थलो, आधुनिक दिल्लीको ठिक उत्तरमा रहेको एउटा राज्य हस्तिनापुरको सिंहासनको उत्तराधिकारका निम्ति भएको द्वन्द हो।","The central story of the Mahabharata is a conflict over succession to the throne of Hastinapura, a kingdom just north of modern Delhi that was the ancestral realm of a tribe most commonly known as the Bharatas.","The Mahabharata's central narrative is a conflict over the succession to the throne of Hastinapura, a kingdom in the ancestral land of Bharata, located in modern-day Delhi."
Nepali,English,कर्नाटकमा शाकाहारीहरू भन्दा मांसाहारीहरूको सङ्ख्या ज्यादा छ; त्यसकारण उनीहरूको भोजनमा मुख्य रूपमा शाकाहारी व्यञ्जनहरू सामेल छन्।,"The number of vegetarians exceeds the number of non-vegetarians in Karnataka; therefore, their cuisine mainly consists of vegetarian dishes.","Karnataka has more non-vegetarians than vegetarians; hence, the main dishes in their food are vegetarian dishes."
Nepali,English,उनलाई सञ्जयद्वारा उत्तर दिइन्छ जसले युद्धभूमिका के भइरहेछ भन्ने बताउँछन्।,"He is answered by Sanjaya, who relates what is happening on the battlefield.",He is told by Sanjay that the war is going on in the battlefield.
Nepali,English,तमिलमा पाइने दुईवटा महाकाव्यहरू सिलापथिकरम् अनि मनिमेकलाई हुन्।,The two epics found in Tamil are Cilapathikaram and Manimekalai.,"Two Tamil epics, Silappadikaram and Manimekalai, are found."
Nepali,English,खोर्सानीको धुलोको प्रयोग यस क्षेत्रमा सतर्कतापूर्वक गरिन्छ।,The use of chilli powder in this region is done cautiously.,Khorsan's use of dust is carefully managed in this area.
Nepali,English,योगा शब्द संस्कृत मूलको युजबाट लिइएको हो जसको अर्थ जोड्नु अथवा सम्मिलित गर्नु अथवा एक गर्नु हुन्छ।,"The word Yoga is derived from the Sanskrit root Yuj, meaning to join or to yoke or to unite.","The word yoga is derived from the Sanskrit root yuḥ, which means ""to join"", ""to unite"", or ""to attach in general""."
Nepali,English,आजको ओडिसी ओडिसाका मन्दिरका भित्ताहरूमा विभिन्न आकृतिमा कुँदिएका असङ्ख्य मूर्तिहरूबाट विकसित भएको हो।,Today's Odissi has evolved from the endless sculptures in various motifs carved on the temple walls of Orissa.,Today's Odysseus in Odysseus' Temple in Odysseus' Temple in Odysseus' Temple in Odysseus' Temple in Odysseus' Temple in Odysseus' Temple in Odysseus' Temple in Odysseus' Temple in Odysseus' Temple in Odysseus' Temple in Odysseus' Temple in Odysseus' Temple in Odysseus' Temple in Odysseus' Temple in Odysseus' Temple in Odysseus' Temple in Odysseus' Temple in Odys
Nepali,English,"वसिष्ठ अब राजातिर फर्किए अनि बिस्तारै बोले: "" राजा, एकचोटि प्रतिज्ञा गरिसकेपछि यसलाई अस्वीकार गर्नाले अनिष्ठ हुन्छ।""","Vasishtha now turned to the King and spoke gently: ""It ill becomes you, King, to refuse having promised once"".","Vasishtha then remarked to Raja, ""Once a promise has been made, it is improper to reject it."""
Nepali,English,जब कृष्णलाई अर्जुनको विषादको आयतनका बारेमा आभास हुन्छ तब मात्र उनी आफ्नो प्रवृत्ति परिवर्तन गर्छन् अनि यस संसारमा धार्मिक कार्यका रहस्यहरू सिकाउन सुरु गर्छन्।,Only when he realizes the extent of Arjuna's despondency does Krishna change his attitude and start teaching the mysteries of dharmic action in this world.,"When Krishna realizes the extent of Arjun's grief, he only then changes his behavior and begins to teach the mysteries of religious work in this world."
Nepali,English,"बिचमा जब तपाईँ चामलको पिठो भाँडामा हाल्नुहुन्छ, तपाईँले कम्ति मात्रामा कोरेर मसिनो बनाइएको नारिवल पनि हाल्न सक्नुहुन्छ।","As you add the rice flour into the container, in between, you may also add small quantities of grated coconut.","When you put the rice porridge in the pot, you can also put at least as much minced parsley in the middle."
Nepali,English,तपाईँले डोलो भाँडामा एक चम्चाभरि कोरेको नरिवल र त्यसपछि राम्ररी मिसिएको चामलको पिठो राखेर थाल्न सक्नुहुन्छ।,"You may begin by adding a spoonful of grated coconut into the cylindrical container, followed by the well-mixed rice flour.","You can start by putting a handful of corn kernels in a dollo of water, and then losing it well after that."
Nepali,English,महाराजा रञ्‍जित सिंहको बन्दोबस्तमा नान्देडमा लगभग १८३५ इस्वीमा जटिल नक्कासीसितको भव्य स्वर्ण गुम्बज जस्तो विशेषता रहेको एक सुन्दर अनि विस्मयकारी गुरुद्वाराको निर्माणलाई देख्यो।,Maharaja Ranjit Singh's endowment saw the construction of a beautiful and breathtaking Gurudwara featuring an imposing golden dome with intricate carving at Nanded around 1835 A.D.,Maharaja Ranjit Singh's Gurdwara in Nanded was built in about 1835 AD with a complex design and a beautiful and amazing golden dome like a feature.
Nepali,English,सामवेद प्रस्तावित छन्द अथवा लयबद्ध ताल राखिएको स्वरहरूमा व्यवस्थित यी चयनित ऋचाहरूको सङ्ग्रह हो।,Samaveda is the compilation of these selected Ruchas set to Svaras keeping their proposed Chanda or rhythmic meters.,"The Samaveda is a collection of selected hymns in the proposed chandas or rhythmic talas organized in a prescribed manner.
    - Sāmaveda. (2019, February 13). In Wikipedia, The Free Encyclopedia. Retrieved 16:08, May 23, 2020, from https://en.wikipedia.org/w/index.php?title=Sāmaveda&oldid=901991641
    - CC BY-SA 3.0
    - https://creativecommons.org/licenses/by-sa/3.0/
    - https://en.wikipedia.org/wiki/Wikipedia:Text_of_Creative"
Nepali,English,"कोसालाको राजधानीबारे वाल्मिकीको विवरण अनुसार, यो स्पष्ट हुन्छ कि प्राचिन अयोध्या हाम्रो आधुनिक सहर भन्दा हीन थिएन।","From Valmiki's description of the capital of Kosala, it is clear that ancient Ayodhya was not inferior to our modern cities.","About the capital of Kosala, according to Valmiki, it is clear that ancient Ayodhya was not as low as our modern city."
Nepali,English,"एकचोटी 'म गर्नेछु' भनिसकेपछि, तिमीसित कुनै विकल्प रहँदैन तर यसलाई गर्नु नै पर्छ।","Having once said, 'I will do', you have no option but to do it.","I will have to do it once, and there is no option with you but to do it."
Nepali,English,हालका दिनहरूमा रुपियाँको विनियमय दर अनि हाम्रो विदेशी मुद्रा आरक्षहरूको परिपूर्णतामाथि पृथक विचारहरू देखा परेका छन्।,"In recent days, there have been divergent views on the exchange rate of the rupee and the adequacy of our forex reserves.",Rupiah exchange rate and our foreign exchange reserves have been viewed separately in recent days.
Nepali,English,"ब्याङकले क्रेडिट सूचना कम्पनीहरूलाई क्रेडिट कार्ड खातालाई विगत देय भनी रिपोर्ट गर्नुपर्छ अथवा दण्ड शुल्क अर्थात् विलम्बित शुल्क आदि लिनुपर्छ, यदि यस्तोमध्ये कुनै हो भने तब मात्र एउटा क्रेडिट कार्ड खाता तिन दिनभन्दा अधिकका लागि विगत देयमा रहन्छ।","Banks shall report a credit card account as past due to credit information companies (CICs) or levy penal charges, viz. late payment charges, etc., if any, only when a credit card account remains past due for more than three days.","Bangko Sentral ng Pilipinas
The Bangko Sentral ng Pilipinas (BSP; Filipino: [bɐŋkɔ sɛntɾal ɲɪɡ pilɪpinɐs], English: Central Bank of the Philippines) is the central banking system of the Philippines. It was established on 3 July 1993, pursuant to the provisions of the 1987 Philippine Constitution, which mandates that the BSP shall have the exclusive authority to regulate, supervise, and examine all banks and non-bank financial institutions in the Philippines. The BSP is the"
Nepali,English,आफ्नो वित्तीय स्थिति सुधार्न देशहरूले अन्तर्मुखी प्रत्यक्ष लगानीलाई प्रोत्साहन दिन सक्छन्।,Countries may encourage inward direct investment to improve their finances.,They can incentivize inward direct investment by improving their own financial situation.
Nepali,English,"तर पनि, यदि ब्याङ्कले आवेदन प्राप्त गरेको मितिबाट ९० दिनभित्र ब्याङ्कद्वारा अनुमोदित प्याकेज कार्यान्वयन गरिन्छ भने, प्याकेजको त्वरित कार्यान्वयनको प्रोत्साहनका रूपमा, सम्पत्ति वर्गीकरण स्थितिलाई त्यस स्थितिमा पुनर्स्थापित गर्न सकिन्छ जुन ब्याङ्कद्वारा पुनर्गठन आवेदन प्राप्त गर्दा अस्तित्वमा थियो।","However, as an incentive for quick implementation of the package, if the approved package is implemented by the bank within 90 days from the date of receipt of the application by the bank, the asset classification status may be restored to the position which existed when the restructuring application was received by the bank.","However, if the bank approves the package implementation within 90 days of the receipt of the application, the property classification status can be re-established in the state that existed when the bank received the reorganization application, as an encouragement for the fast implementation of the package.
References:
    - https://www.federalreserve.gov/monetarypolicy/files/2020-faq.pdf
    - https://www.federalreserve.gov/monetarypolicy/files/2020-faq.pdf"
Nepali,English,"के निजी पुँजी सञ्जयको गतिशिलताले अनिवार्य रूपमा थोरै मानिसहरूको हातमा धन एकत्रित गराउनतिर लिएर जान्छ अथवा के वृद्धी, प्रतिद्वन्दिता अथवा प्राद्यौगिक उन्नतिका सन्तुलक बलहरूले असमानतालाई घटाउँछन्?","Do the dynamics of private capital accumulation inevitably lead to the concentration of wealth in fewer hands, or do the balancing forces of growth, competition, and technological progress reduce inequality?","The private accumulation of capital by a few people automatically leads to a limited number of people having control over a large amount of money, or does the growth, rivalry, or technological advancement of the economy balance out the inequality?"
Nepali,English,यसले अत्यधिक अस्थिरतालाई नियन्त्रण गर्न र अपेक्षाहरूलाई रोक्नाका लागि बजारमा हस्तक्षेप गर्छ।,It intervenes in the market to curb excessive volatility and anchor expectations.,It intervenes in the market to control excessive volatility and curb expectations.
Nepali,English,Q2 का लागि उच्च-आवृत्ति डेटाले आर्थिक गतिविधि सबल छ भन्ने देखाउँछ।,High-frequency data for Q2 indicates that economic activity remains resilient.,Q2 shows that high-frequency data indicate that economic activity was robust.
Nepali,English,समष्टि अर्थशास्त्रमा विषय सामान्य रूपमा एउटा राष्ट्र अनि कसरी सम्पूर्ण बजारहरू अर्थशास्त्रीहरूले एकत्रित चलहरू भन्ने ठुला घटनाहरू निर्माण गर्नाका निम्ति अन्तरक्रिया गर्छन् भन्ने हो।,"In macroeconomics, the subject is typically a nation and how all markets interact to generate big phenomena that economists call aggregate variables.",General equilibrium in economics refers to a large event that economists collectively create in order to coordinate the activities of an entire market.
Nepali,English,चल निधिले अल्प अवधि सूचनामा आफ्ना आर्थिक सम्पत्तिहरूलाई पूर्ण बजार मूल्य नजिकको दाममा बेच्न सकिने सीमालाई बुझाउँछ।,Liquidity refers to the extent to which financial assets can be sold at close to full market value at short notice.,They provide for the ability to sell their financial assets at a price close to their full market value within a short period of time.
Nepali,English,"विस्तृत रूपमा, आय अभिज्ञान वस्तुगत हुनुपर्छ अनि कुनै विषयगत चिन्तनहरूमा नभएर पुनःप्राप्तीको अभिलेखमा आधारित हुनपर्छ।","Broadly, the policy of income recognition should be objective and based on the record of recovery, rather than on any subjective considerations.","Detailed, descriptive, and objective, and based solely on the records of recovered memory, rather than any particular theoretical speculation."
Punjabi,English,"ਇਕ ਵਿਅਕਤੀ ਦਾ ਪਹਿਰਾਵਾ ਜੀਵੇਂ ਕਿ ਉਸ ਦੇ ਜੁੱਤੇ, ਕੱਪੜੇ, ਨੈਕਟਾਈ,ਆਭੂਸ਼ਣ, ਬਾਲ ਬਣਾਉਣ ਦਾ ਤਰੀਕਾ, ਮੈਕ-ਅੱਪ, ਘੜੀ, ਅਤਰ ਆਦੀ ਉਸ ਦਿਆਂ ਵਿਸ਼ੇਸ਼ਤਵਾਂ ਦਰਸਾਉਂਦਾ ਹੈ I","An appearance is a bunch of attributes related to the service person, like their shoes, clothes, tie, jewellery, hairstyle, make-up, watch, cosmetics, perfume, etc.","One person's clothing describes how they dress, their shoes, clothes, necktie, accessories, makeup, watch, perfume, etc.
    - <templatestyles src=""Reflist/styles.css"" />"
Punjabi,English,ਮਹਾਰਾਸ਼ਟਰਾ ਦੇ ਔਰੰਗਾਬਾਦ ਜਿਲ੍ਹੇ ਵਿੱਚ ਸਥਿਤ ਅਜੰਤਾ ਵਿੱਚ ਉਨੱਤੀ ਕੇਟਿਆ ਅਤੇ ਵਿਹਾਰਾ ਗੁਫ਼ਾਵਾ ਹਨ ਜੋਂ ਪਿਹਲੀ ਸਦੀ ਤੋਂ ਲੈ ਕੇ ਪੰਜਵੀ ਸਦੀ ਤੱਕ ਦੀਆਂ ਮੂਰਤੀਆਂ ਅਤੇ ਚਿਤੱਰਕਾਰੀ ਨਾਲ ਸਜਿਆ ਹੋਈਆਂ ਹਨ I,"Ajanta, located in the Aurangabad District of Maharashtra has twenty-nine caitya and vihara caves decorated with sculptures and paintings from the first century B.C.E. to the fifth century C.E.","Maharashtra's Aurangabad district is home to the Ajanta Caves, which contain the Upper and Lower Vihara Guftas, which are decorated with sculptures and paintings from the first to fifth centuries I"
Punjabi,English,ਸ਼ਰੀਰ ਦਾ ਰੰਗ ਬਾਹਰਲੀ ਸ਼੍ਰੇਣੀ ਨਾਲ ਜੁੜ ਕੇ ਇੱਕ ਵੱਡੇ ਅਕਾਰ ਦੀ ਭਾਂਤ ਦਿੰਦਾ ਹੈ I,"Body colour gets merged with the outer line, creating the effect of volume.",The color of the body is associated with an outer class and has a large shape.
Punjabi,English,"ਅਸ਼ੋਕਾ ਨੇ ਵੱਧ-ਚੜ ਕੇ ਪਧੱਰ ਦਾ ਪ੍ਰਯੋਗ ਕਰਵੇ ਮੂਰਤੀਆਂ ਅਤੇ ਹੋਰ ਸਮਾਰਕ ਬਣਵਾਣ ਦੇ ਲਈ, ਇਸ ਤੋਂ ਪਹਿਲਾਂ ਸਾਰੀਆਂ ਇਮਾਰਤਾਂ ਲੱਕੜ ਅਤੇ ਮਿੱਟੀ ਦਿਆਂ ਬਣਦੀਆਂ ਸਨ I","Ashoka started making extensive use of stone for sculptures and great monuments, whereas the previous tradition consisted of working with wood and clay.","Ashoka increased the height of the parapet for making sculptures and other monuments, which were previously made of wood and mud"
Punjabi,English,ਮਹਾਰਾਸ਼ਟਰ ਦੀ ਇਹ ਜ਼ਾਇਕੇਦਾਰ ਅਤੇ ਮਸ਼ਹੂਰ ਪਕਵਾਨ ਬਣਾਉਨਣ ਲਈ ਆਲੂਆਂ ਨੂੰ ਮਸਲਿਆ ਨਾਲ ਰਲਾ ਕੇ ਫ਼ੇਰ ਬੇਸਨ ਦੀ ਇਕ ਪਰਤ ਚੜਾ ਕੇ ਤਲਿਆ ਜਾਂਦਾ ਹੈ I,"Potatoes mixed in masalas, coated in besan batter and deep fried to perfection form this delicious and famous dish of Maharashtra.",Maharashtra This is a very popular and famous dish made by mixing potatoes with masala and then frying with a layer of besan I
Punjabi,English,"ਨਾਟੂਕੋਟਾਈ ਚਿਟੈਆਰ ਜਾਂ ਨਾਗਾਰਾਥਰ ਸਮੁਦਾਈ ਜੋ ਕਿ ਤਾਮਿਲਨਾਡੂ ਰਾਜ ਦੇ ਚੈਟਿਨਾਦ ਇਲਾਕੇ ਤੋਂ ਹਨ, ਓਨ੍ਹਾਂ ਦੇ ਖਾਣ-ਪਿਣ ਨੂੰ ""ਚੈਟਿਨਾਦ ਕੁਰਜ਼ੀਨ"" ਨਾਲ ਜਾਣਿਆ ਜਾਂਦਾ ਹੈ I","Chettinad cuisine is the cuisine of a community called the Nattukotai Chettiars, or Nagarathars, as they call themselves, from the Chettinad region of Tamil Nadu state.","Nattukottai Chettiar or Nagarathar community, who are from the Chettinad area of Tamil Nadu, are known as ""Chettinad Kurunji"""
Punjabi,English,ਦਾਲ - ਚੀਨੀ ਇੱਕ ਦੇਸੀ ਮਸਾਲਾ ਹੈ ਅਤੇ ਇਸ ਦੀ ਵਰਤੋਂ ਖਾਣ - ਪੀਣ ਤੋ ਲੈ ਕੇ ਦਵਾਈਆ ਤੱਕ ਕਿਤੀ ਜਾਂਦੀ ਹੈ I,"Cinnamon is native to India and, as such, its uses range from that of a flavoring agent to a medicinal agent.","Dang shui (Chinese: 丹汁; pinyin: dān zhī; literally ""red soup"") is a Chinese indigenous condiment and is used for cooking, drinking, and medicine."
Punjabi,English,ਇਸ ਨੂੰ ਮਿਕਸਰ ਜਾ ਘੋਟਣੇ ਦੀ ਵਰਤੋ ਨਾਲ ਚੂਰੇ ਵਿੱਚ ਘੋਟ ਲੋ I,Make this into powder with a dry grinder or in a stone pestle.,Mix or dilute to use in cuts
Punjabi,English,"ਪੰਜਾਬ ਦੇ ਹਰ ਇੱਕ ਸ਼ਹਿਰ ਦੇ ਖਾਣੇ ਦੀ ਪਸੰਦ ਅਲਗ ਹੈ, ਜੀਵੇਂ ਕਿ ਅੰਮ੍ਰਿਤਸਰ ਦੇ ਲੋਕਾਂ ਨੂੰ ਕੁੱਲਚੇ-ਛੋਲੇ, ਪ੍ਰੌਂਠੇ ਅਤੇ ਦੁੱਧ ਤੋ ਬਣੀ ਚੀਜ਼ਾ ਪਸੰਦ ਹਨ I","Each city in Punjab has varied preferences, like people in Amritsar are particularly fond of Amritsari kulche, stuffed paranthas and milk products.","Every city in Punjab has its own food preferences, be it the people of Amritsar who love Kulcha-Chhole, Parantha and Dairy products."
Punjabi,English,ਰਾਮ ਅਤੇ ਲਕਸ਼ਮਣ ਨੂੰ ਸਾਧੂ ਮੁਨੀ ਨਾਲ ਭੇਜੋਂ I,"Send Rama with the sage, and send Lakshmana too.","Ram and Lakshman are sent to Sadhu Munni
ਰਾਮ ਅਤੇ ਲਕਸ਼ਮਣ ਨੂੰ ਸਾਧੂ ਮੁਨੀ ਨਾਲ ਭੇਜੋਂ I
ਰਾਮ ਅਤੇ ਲਕਸ਼ਮਣ ਨੂੰ ਸਾਧੂ ਮੁਨੀ ਨਾ�"
Punjabi,English,ਮੰਗਲ ਪਾਂਡੇ ਦੀ ਦਲੇਰੀ ਓਨ੍ਹਾਂ ਦੇ ਉੱਚ ਤੇ ਸ਼੍ਰੇਸ਼ਠ ਅਸੂਲਾ ਦਾ ਨਤੀਜਾ ਸੀ I,But Mangal Pandey's brave deed was done through devotion to a high and noble principle.,Mangal Pandey was a consequence of his high and noble principles
Punjabi,English,ਜਦੋਂ ਪਿਆਜ਼ ਅਧੇ ਪੱਕ ਜਾਣ ਓਦੋਂ ਓਨ੍ਹਾਂ ਵਿੱਚ ਹਲਦੀ ਵਾਲਾ ਮੱਟਨ ਪਾਓ ਅਤੇ ਓਦੋਂ ਤੱਕ ਭੁਨੋ ਜਦੋਂ ਤੱਕ ਸਾਰੇ ਮਸਾਲੇ ਮੱਟਨ ਵਿੱਚ 5-6 ਮਿੰਟਾਂ ਤੱਕ ਜਜ਼ਬ ਨਾ ਹੋ ਜਾਣ I,"Once the onions are translucent, add the marinated mutton with turmeric powder and saute for some time until all the spices are absorbed in the mutton for about 5-6 minutes.","When the pot is half full, add turmeric to it and stir until all the spices are mixed into the meat for 5-6 minutes."
Punjabi,English,"ਹਿਟੋਪਾਦੇਸਾ ਦੂਨੀਆਂ ਭਰ ਦੇ ਗਿਆਨ ਦੀ ਇੱਕ ਕਿਤਾਬ ਹੈ ਜੋ ਕਿ ਪਕਸ਼ੀਆਂ, ਜਾਂਵਰਾ ਅਤੇ ਇਨਸਾਨਾ ਦੇ ਕਿਰਦਾਰਾ ਦੇ ਰਾਹੀ ਵਿੱਦਿਆ ਦਿੰਦੀ ਹੈ I","Hitopadesa is a book of worldly wisdom presented through the characters of birds, animals, and humans.","Hittopadesa is a book of knowledge that covers all aspects of birds, animals and humans."
Punjabi,English,ਇਸ ਕਿਤਾਬ ਦਾ ਮਕਸਦ ਸੰਸਕ੍ਰਿਤ ਵਿੱਚ ਕੁਸ਼ਲਤਾ ਵੱਧਾਉਣਾ ਅਤੇ ਸਮਝਦਾਰ ਵਿਹਾਰ ਉਕਾਸਾਉਣਾ ਜਾਪਦਾ ਹੈ I,The purpose of the book appears to encourage proficiency in Sanskrit expression and the knowledge of wise behaviour.,The purpose of this book is to increase proficiency in Sanskrit and cultivate understanding and good behavior.
Punjabi,English,"ਪ੍ਰੋਫ਼ੈਸਰ ਅਸਿਤਕੁਮਾਰ ਬੰਦਯੋਪਧਏ ਨੇ ਆਪਣੇ ਕਿਤਾਬ ""ਹਾਵੜਾ ਸਾਹਾਰੇਰ ਇਤਿਬਰ੍ਰਿਟੋ"" (ਪਿਹਲਾਂ ਅਤੇ ਦੂਜਾ ਭਾਗ) ਆਪਣੇ ਸ਼ਹਿਰ ਹਾਵੜਾ ਦਾ ਇਤਹਾਸ ਸਾਲ 1994 ਅਤੇ 1995 ਵਿੱਚ ਦਰਜ਼ ਕਰ ਕੇ ਇੱਕ ਮੱਹਤਵਪੂਰਨ ਭੂਮਿਕਾ ਨਿਭਾਈ ਹੈ I",Professor Asitkumar Bandyopadhyay played a pioneering role in compiling the complete history of his hometown Howrah titled as Howrah Saharer Itibrrito (First and Second Volume) in 1994 & 1995.,"Professor Asitkumar Bandayopadhyay has written his book ""Havardha Saharaer Itihaas"" (First and Second Part) in his city Havardha, which has a historical significance by publishing it in 1994 and 1995."
Punjabi,English,ਕੇਟਿਆ ਹਾਲ ਦਾ ਮੂਰ੍ਹਲਾ ਭਾਗ ਇੱਕ ਅਰਧ ਚਕੱਰ ਦੇ ਦੀ ਚਿੱਤਰਕਾਰੀ ਨਾਲ ਭਰੀਆ ਹੋਈਆ ਹੈ ਜੋ ਲਕੜੀ ਦਾ ਬਣੀਆ ਹੋਈਆ ਹੈ ਅਤੇ ਕਈ ਸਥਿਤੀਆ ਵਿੱਚ ਇਹ ਪਰਭਾਵਸ਼ਾਲੀ ਕੇਟਿਆ ਆਰਚ ਖਿੜਕੀ ਨਹੀਂ ਹੁੰਦੀ ਹੈI,"The front of the caitya hall is dominated by the motif of a semi-circular caitya arch with an open front that has a wooden facade and, in some cases, there is no dominating caitya arch window.","Kate Hall's Mural is a mural depicting a half-circle, made of wood, and is not always as impactful as the Kate Arch Window."
Punjabi,English,ਸਦੀਆਂ ਭਾਰ ਤੋ 'ਮਹਾਰਾਜ' ਅਤੇ 'ਖਾਨਸਾਮਿਆਂ' (ਭਾਰਤ ਵਿੱਚ ਮੁੱਖ ਰਸੋਇਆਂ ਨੂੰ ਰਵਾਇਤੀ ਤੋਰ ਤੇ ਇਸ ਨਾਂ ਨਾਲ ਜਾਨਿਆ ਜਾਂਦਾ ਹੈ) ਨੇ ਪਕਵਾਨਾਂ ਬਨਾਣ ਦੀ ਵਿਧੀ ਨੂੰ ਪੂਰਨ ਕਿਤਾ ਅਤੇ ਇਹ ਵਿਧੀਆਂ ਮੁਹ-ਜ਼ੁਬਾਨੀ ਅਗਲੀ ਪੀੜ੍ਹੀਆਂ ਤੱਕ ਪਹੁੰਚੀਆਂ ਹਨ I,Generations of 'maharaj' and 'khansamas' (as expert chefs have traditionally been called in India) have perfected the recipes over centuries and these recipes have passed through oral tradition over thousands of years.,"### Instruction:
Translate the Punjabi input text into Urdu.
### Input:
سیدہاں بھاری سے مہاراجا اور ""خان سما"" (ہندوستان میں بنیادی روایتی کھانوں کو روایتی طور پر اس نام سے جانا جاتا ہے) نے پکوان بنانے کی تکنیک کو مکمل کیا اور یہ تکنیک مہا جوبانی اگلے دور تک پہنچ گئی"
Punjabi,English,"ਖਾਣੇ ਦੀ ਤਿਆਰੀ ਆਮ ਤੌਰ ਤੇ ""ਵਸਤਾ ਵਜ਼ਾ"" ਜ਼ਾ ਖ਼ਾਨਸਾਮਾ, ਮੁੱਖ ਰਸੋਈਆ ਅਤੇ ਹੋਰ ਵਾਜ਼ਾ ਦੀ ਸਹਾਇਤਾ ਨਾਲ ਕਰਦਾ ਹੈ I","The preparation is traditionally done by a vasta waza, or head chef, with the assistance of a court of wazas, or chefs.","Food preparation is usually done by ""vazeh"" or ""khansama"", the chief cook and other vazehs with the help of assistants I"
Punjabi,English,ਪਾਉ ਭਾਜੀ : ਇਹ ਫਟਾਫਟ ਪਰੋਸਿਆ ਜਾਣ ਵਾਲਾ ਇੱਕ ਪਕਵਾਨ ਹੈ ਜੋਂ ਕਿ ਗਾੜ੍ਹੀ ਸਬਜ਼ੀਆਂ ਦੇ ਘੋਲ (ਭਾਜੀ) ਵਿੱਚ ਮੱਖਣ ਪਾ ਕੇ ਤਿਆਰ ਕਿਤਾ ਜਾਂਦਾ ਹੈ ਅਤੇ ਇੱਕ ਨਰਮ ਬ੍ਰੈਡ ਰੋਲ (ਪਾਵ) ਨਾਲ ਪਰੋਸਿਆ ਜਾਂਦਾ ਹੈ I,"Pav Bhaji: It is a fast food dish from Maharashtra, consisting of a thick vegetable curry (bhaji) usually prepared in butter and served with a soft bread roll (pav).",Pao bhaji : It is a quick-to-eat dish made by adding mashed potatoes to a thick gravy (bhaji) of coarse spices and served with a soft bread roll (pao) I
Punjabi,English,"ਲਾਲ ਡੇਡ ਤੇ ਹੱਬਾ ਖ਼ਾਤੂਨ ਦਿਆ ਕਸ਼ਮੇਰੀ ਰਚਨਾਵਾਂ ਆਪਣੀ ਰਹਸਮਈ ਰੰਗ ਤੇ ਅੰਦਰ ਦੀ ਪੀੜ੍ਹਾ ਬਿਆਨ ਕਰਨ ਲਈ ਜਾਣੇ ਜਾਂਦੇ ਹਨ, ਮੀਰਾਬਾਈ ਦੀ ਰਾਜਸਥਾਨੀ ਰਚਨਾਵਾਂ ਆਪਣੀ ਅਨੋਖੀ ਧਾਰਮਿਕ ਗੁਣ, ਅੰਢਲ ਦਾ ਤਾਮਿਲ ਰਹੱਸਵਾਦ ਅਤੇ ਅੱਕਕਾ ਮਹਾਦੇਵੀ ਦੀ ਕੱਨੜਾ ਵਿੱਚ ਵਚਨਾਸ , ਇਹ ਸੱਬ ਮਹਿਲਾਵਾਂ ਦੇ ਸਾਹਿਤ ਵਿੱਚ ਮਹਾਨ ਯੋਗਦਾਨ ਦੇ ਗਵਾਹ ਹਨ I","The Kashmiri compositions of Lal Ded and Habba Khatoon are known for their mystical flavour and intense agony of expression, Mirabai's compositions in Rajasthani is known for unique devotional quality, Andal's mysticism in Tamil and Akka Mahadevi's vachanas in Kannnada are testimonies to the great contribution of women to the literature of the time.","Lal Ded and Habba Khatoon Kashmiri writings are known for their mystical color and inner turmoil, Mirabai's Rajasthani writings for their strange religious virtues, Tamil mystery of the blind, and Akkamahadevi's Kannada Vachana, all of which are great contributions to female literature."
Punjabi,English,ਬੋਧੀ ਚਿੱਤਰਕਰੀ ਵਾਲਿਆ ਬਾਗ ਗੁਫ਼ਾ ਮੱਧਿਆ ਪ੍ਰਦੇਸ਼ ਦੇ ਧਾਰ ਜਿਲ੍ਹੇ ਤੋ 97 ਕਿਲੋਮੀਟਰ ਦੀ ਦੂਰੀ ਤੇ ਸਥਿਤ ਹਨ I,"The Bagh Caves, consisting of Buddhist mural paintings, are located 97 km from the Dhar district of Madhya Pradesh.","Buddhist Cave Paintings at Valia Bagh Cave, Madhya Pradesh, India"
Punjabi,English,"ਸੰਸਕ੍ਰਿਤ ਸਾਹਿਤ ਵਿੱਚ ""ਮੁਲਾ"" ਸ਼ਬਦ ਦਾ ਮਤਲਬ ਹੈ ਪੌਦੇ ਜਾਂ ਰੁੱਖ ਦੀਆਂ ਜੜ੍ਹਾਂ ਪਰ ਅਲੰਕਾਰਕ ਤੋਰ ਤੇ ਇਹ ਕਿਸੇ ਚੀਜ਼ ਦਾ ਵੀ ਹੇਠਲਾਂ ਹਿੱਸਾ ਹੋ ਸਕਦਾ ਹੈ I","The usual meaning of the word mula in Sanskrit literature is the root of a plant or tree, but figuratively, the foot or lowest part or bottom of anything.","In Sanskrit literature, the word ""mula"" means the roots of plants or trees, but in a figurative sense, it can also refer to the lower part of something."
Punjabi,English,"ਸਿੰਦੂ ਘਾਟੀ ਸੱਭਿਅਤਾ, ਵੱਖ-ਵੱਖ ਖੇਤਰਾਂ ਵਿੱਚ ਆਪਣੀ ਤਕਨੀਕੀ ਗਿਆਨ ਲਈ ਜਾਣੀ ਜਾਂਦੀ ਹੈ I",Indus Valley Civilisation is known for its technological knowledge in a variety of fields.,"Sindhu Khetri Sahitya, known for its technical knowledge in different regions.
Below is an instruction that describes a task, paired with an input that provides further context. Write a response that appropriately completes the request.
### Instruction:
Translate the Punjabi input text into English.
### Input:
ਸਿੰਦੂ ਘਾਟੀ ਸੱਭਿਅਤਾ, ਜਿਸ ਨੂੰ ਸਿੰਦੂ ਘਾਟੀ ਸਾ"
Punjabi,English,ਸਾਰੇ ਕੌਰਵਾ ਦੀ ਮਿਰਤੂ ਹੋ ਜਾਂਦੀ ਹੈ ਅਤੇ ਸਿਰਫ਼ ਪੰਜ ਪਾਂਡਵ ਭਾਈ ਅਤੇ ਕ੍ਰਿਸ਼ਨਾ ਬਚਦੇ ਹਨ I,All the Kauravas die; only the five Pandava brothers and Krishna survive.,All the Kauravas are killed and only five Pandava brothers and Krishna survive
Punjabi,English,ਇਹ ਯੁੱਧ 18 ਦੀਨਾਂ ਤੱਕ ਚੱਲਿਆ ਅਤੇ ਕੌਰਵਾ ਦੀ ਹਾਰ ਨਾਲ ਇਸ ਦਾ ਅੰਤ ਹੋਇਆਂ I,The battle rages for eighteen days and ends with the defeat of the Kauravas.,ਇਹ ਯੁੱਧ 18 ਦੀਨਾਂ ਤੱਕ ਚੱਲਿਆ ਅਤੇ ਕੌਰਵਾ ਦੀ ਹਾਰ ਨਾ
Punjabi,English,"ਮਹਾਭਾਰਤਾ ਦਾ ਪ੍ਰਮੁੱਖ ਸੰਘਰਸ਼ ਹੈ ਹਸਤੀਨਾਪੁਰ ਰਾਜ ਦੀ ਉਤੱਰਧਿਕਾਰੀ, ਜੋ ਕਿ ਵਰਤਮਾਨ ਦਿੱਲੀ ਦੇ ਉੱਤਰ ਵਿੱਚ ""ਭਾਰਤਾ"" ਕਬੀਲੇ ਦਾ ਪਿਤਰਵਲੀ ਨਿਵਾਸ ਸੀ I","The central story of the Mahabharata is a conflict over succession to the throne of Hastinapura, a kingdom just north of modern Delhi that was the ancestral realm of a tribe most commonly known as the Bharatas.","The main conflict of the Mahabharata is the Hastinapur dynasty of the Bharata clan, which was the ancestral home of the present-day Delhi in the north"
Punjabi,English,ਕਰਨਾਟਕ ਰਾਜ ਵਿੱਚ ਵੈਸ਼ਨੂੰ ਖਾਣਾ ਖਾਣ ਵਾਲਿਆ ਦੀ ਸੰਖਿਆ ਮਾਸ- ਮੱਛੀ ਖਾਣ ਵਾਲਿਆ ਤੋ ਜ਼ਿਆਦਾ ਹੈ ਇਸ ਲਈ ਉਨ੍ਹਾਂ ਦੇ ਖਾਣ- ਪਾਣ ਵਿੱਚ ਸ਼ਾਕਾਹਾਰੀ ਭੋਜਨ ਅਧਿਕਤਾ ਵਿੱਚ ਬਣਾਈਆਂ ਜਾਂਦਾ ਹੈ I,"The number of vegetarians exceeds the number of non-vegetarians in Karnataka; therefore, their cuisine mainly consists of vegetarian dishes.",###
Punjabi,English,ਇਸ ਦਾ ਜਵਾਬ ਸੰਜੈ ਦਿੰਦਾ ਹੈ ਜੋ ਜੰਗ ਦੇ ਮੈਦਾਨ ਤੇ ਵਾਪਰ ਰਹੀ ਸਾਰੀ ਘਟਨਾਵਾਂ ਬਾਰੇ ਵਰਣਨ ਕਰਦਾ ਹੈ I,"He is answered by Sanjaya, who relates what is happening on the battlefield.",This describes the answer that summarizes all the events that occurred in the battlefield during the war
Punjabi,English,ਤਾਮਿਲ ਭਾਸ਼ਾ ਵਿੱਚ ਦੋ ਬੀਰ ਗਾਥਾ ਪਾਏ ਜਾਂਦੇ ਹਨ ਜੋ ਕਿ ਸਿਲਾਪਾਠੀਕਰਮ ਅਤੇ ਮਨੀਮੈਕਲਾਈ ਹਨ।,The two epics found in Tamil are Cilapathikaram and Manimekalai.,Two Tamil epics are Silappadhikaram and Manimekalai.
Punjabi,English,ਇਸ ਇਲਾਕੇ ਵਿੱਚ ਮਿਰਚ ਦੀ ਵਰਤੋ ਧਿਆਨ ਨਾਲ ਕਿਤੀ ਜਾਂਦੀ ਹੈ I,The use of chilli powder in this region is done cautiously.,"In this area, use of chilli is used"
Punjabi,English,"ਸੰਸਕ੍ਰਿਤ ਭਾਸ਼ਾ ਤੋ ਲਿਆ ਗਿਆ ਸ਼ਬਦ, ""ਯੋਗਾ"" ਦਾ ਮੂਲ ਸ਼ਬਦ ਹੈ ""ਯੁਜ"" ਜਿਸ ਦਾ ਅਰਥ ਹੁੰਦਾ ਹੈ ਜੋੜਨਾ ਜਾਂ ਇੱਕਥੇ ਕਰਨਾ I","The word Yoga is derived from the Sanskrit root Yuj, meaning to join or to yoke or to unite.","English
From Sanskrit, ""yoga"" is derived from the root ""yuj"", which means to unite or join"
Punjabi,English,ਵਰਤਾਮਾਣ ਯੁੱਗ ਦਾ ਉੜੀਸੀ ਨਿਰਤ ਉੜੀਸਾ ਦੇ ਮੰਦਿਰਾਂ ਵਿੱਚ ਮੂਰਤੀਆਂ ਤੇ ਚਿਨ੍ਹਾਂ ਤੋ ਵਿਕਸਿਤ ਹੋਇਆਂ ਹੈ I,Today's Odissi has evolved from the endless sculptures in various motifs carved on the temple walls of Orissa.,"The sculptures and symbols in the temples of Odisha developed from the Vedic period to the modern era.
References.
<templatestyles src=""Reflist/styles.css"" />"
Punjabi,English,"ਵਸਿਸ਼ਥਾ ਨੇ ਹੁਣ ਰਾਜੇ ਵਲ ਮੁੜ ਤੇ ਕਿਹਾ,""`ਇਹ ਤੁਹਾਨੂੰ ਸ਼ੋਭਾ ਨਹੀਂ ਦਿੰਦਾ, ਇੱਕ ਵਾਰ ਵਾਅਦਾ ਕਰ ਕੇ ਮੁੜ ਮਨਾਂ ਕਰ ਦੇਣਾ I","Vasishtha now turned to the King and spoke gently: ""It ill becomes you, King, to refuse having promised once"".","Now Vishthā has said to the king, ""This does not give you glory, to promise again and again."""
Punjabi,English,ਜਦੋਂ ਕ੍ਰਿਸ਼ਣਾ ਨੂੰ ਅਰਜੂਨ ਦੀ ਮਾਯੂਸੀ ਦੀ ਸੀਮਾ ਦਾ ਬਾਂਤ ਲਗਦਾ ਹੈ ਓਦੋਂ ਹੀ ਉਹ ਆਪਣਾ ਰਵਿਆ ਬਦਲਦੇ ਹਨ ਅਤੇ ਉਸ ਨੂੰ ਧਾਰਮਿਕ ਕ੍ਰਿਆ ਦੇ ਰਹਸ ਬਾਰੇ ਗਿਆਨ ਦਿੰਦੇ ਹਨ I,Only when he realizes the extent of Arjuna's despondency does Krishna change his attitude and start teaching the mysteries of dharmic action in this world.,"When Krishna sees Arjuna's perplexity, he immediately changes his ways and teaches him the secrets of religious action"
Punjabi,English,ਜੀਵੇਂ - ਜੀਵੇਂ ਤੁਸੀ ਪਤੀਲੇ ਵਿੱਚ ਚਾਵਲ ਦਾ ਅੱਟਾ ਮਿਲਾ ਰਹੇ ਹੋ ਨਾਲ ਹੀ ਥੋੜਾ ਸੁਕਾ ਨਾਰੀਅਲ ਵੀ ਉਸ ਨਾਲ ਮਿਲਾ ਦੋ I,"As you add the rice flour into the container, in between, you may also add small quantities of grated coconut.","Live - Live is a Punjabi song by Patiala, Punjab, India-based singer and songwriter Gippy Grewal. The music is composed by Desi Crew while the lyrics are penned by Gippy Grewal himself. The song is produced by Gurpreet Singh Rehal and the video is directed by Baljit Singh Deo. The song was released on 18 May 2018. The song is about a man who lives a luxurious life and is addicted to alcohol. The song also talks about the side effects of alcohol. The music video was shot in Mumbai, India. The video features Gippy Grewal"
Punjabi,English,ਤੁਸੀ ਇੱਕ ਚਮਚ ਭਰ ਕੇ ਨਾਰੀਅਲ ਦਾ ਬੁਰਾਦਾ ਸਲੰਨਡਰ ਆਕਾਰ ਵਾਲੇ ਬਾਂਡੇ ਵਿੱਚ ਪਾਓ ਅਤੇ ਇਸ ਤੋ ਬਾਅਦ ਚਾਵਲ ਦਾ ਆਟਾ ਚੰਗੀ ਤਰ੍ਹਾ ਮਿਲਾਓ I,"You may begin by adding a spoonful of grated coconut into the cylindrical container, followed by the well-mixed rice flour.",You are a teaspoon full of coconut milk and put it in a bowl of burrata and then add rice flour to it and mix it well
Punjabi,English,ਮਹਾਰਾਜਾ ਰਣਜੀਤ ਸਿੰਘ ਦੀ ਪ੍ਰਤਿਭਾ ਹੇਠ ਨੈਨਡੇਡ ਵਿੱਚ 1935 ਈ ਦੇ ਲੱਗ - ਭਗ ਇੱਕ ਖੂਬਸੂਰਤ ਤੇ ਸ਼ਾਨਦਾਰ ਗੁਰਦੁਵਾਰਾ ਦੀ ਊਸਾਰੀ ਹੋਈ ਜਿਸ ਦਾ ਆਲੀਸ਼ਾਨ ਗੁੰਬਦ ਸੀ ਜਿਸ ਉਪਰ ਪੇਚੀਦਾ ਉੱਕਰਨ ਕਿਤਾ ਹੋਈਆਂ ਸੀ I,Maharaja Ranjit Singh's endowment saw the construction of a beautiful and breathtaking Gurudwara featuring an imposing golden dome with intricate carving at Nanded around 1835 A.D.,"Maharaja Ranjit Singh's Temple at Nanded in 1935
Maharaja Ranjit Singh's Temple at Nanded in 1935 is a magnificent and well-built gurdwara that was built in 1935 under the patronage of Maharaja Ranjit Singh. Its domed roof was adorned with pechidi sculptures.
The Maharaja Ranjit Singh's Temple at Nanded in 1935 is a magnificent and well-built gurdwara that was built in 1935 under the patronage of Maharaja Ranjit Singh. Its domed roof was adorned with pechidi sculptures.
References."
Punjabi,English,ਸਾਮਵੇਦਾਂ ਇਨ੍ਹਾਂ ਚੁਣੇ ਹੋਏ ਰੁੱਚਾ ਦਾ ਸੰਕਲਨ ਹੈ ਜੋ ਕਿ ਸਵਾਰਾਸ ਤੇ ਤੈਅ ਕਰ ਕੇ ਓਨ੍ਹਾਂ ਦੇ ਪ੍ਰਸਤਾਵਿਤ ਚੰਦਾ ਜਾਂ ਤਾਲਬੱਧ ਮੀਟਰ ਨੂੰ ਰੱਖ ਕੇ ਕਿਤਾ ਗਿਆ ਹੈ I,Samaveda is the compilation of these selected Ruchas set to Svaras keeping their proposed Chanda or rhythmic meters.,"These are the chosen rubrics that have been collected, which have been set by Swaraas and their proposed charge or mandatory meter."
Punjabi,English,ਵਾਲਮੀਕੀ ਦੀ ਕੋਸਾਲਾ ਰਾਜਧਾਨੀ ਦੇ ਵੇਰਵੇ ਤੋਂ ਇਹ ਗੱਲ ਸਾਫ਼ ਹੈ ਕਿ ਪ੍ਰਾਚੀਨ ਅਯੋਧਿਆ ਸਾਡੇ ਅੱਜ ਦੇ ਸ਼ਹਿਰਾ ਤੋਂ ਕੁੱਛ ਘਟ ਨਹੀਂ ਸੀ I,"From Valmiki's description of the capital of Kosala, it is clear that ancient Ayodhya was not inferior to our modern cities.",This is an assertion that the ancient city of Ayodhya was not far from the city of Ayodhya of today.
Punjabi,English,"ਇੱਕ ਵਾਰ 'ਮੈਂ ਕਰੂੰਗਾ' ਕਿਹ ਕੇ, ਤੁਹਾਡੇ ਕੋਲ ਉਸ ਨੂੰ ਕਰਨ ਤੋਂ ਇਲਾਵਾਂ ਹੋਰ ਕੋਈ ਵਿਕਲਪ ਨਹੀਂ ਹੈ I","Having once said, 'I will do', you have no option but to do it.","One time I'll do it, and you have no other option but to do it"
Punjabi,English,ਅੱਜ-ਕੱਲ ਦੇ ਦਿਨਾਂ ਵਿੱਚ ਰੁਪਏ ਦੇ ਐਕਸਚੇਂਜ ਭਾਅ ਨੂੰ ਲੈ ਕੇ ਅਤੇ ਆਪਣੇ ਫੋਰੇਕਸ ਰਿਜ਼ਰਵ ਦੀ ਸਮਰਥਾ ਨੂੰ ਲੈ ਕੇ ਅਲੱਗ-ਅਲੱਗ ਵਿਚਾਰ ਸਾਮਣੇ ਆ ਰਹੇ ਹਨ I,"In recent days, there have been divergent views on the exchange rate of the rupee and the adequacy of our forex reserves.","Today's day rupees exchange rate and taking their own forex reserve support, different views are coming out I"
Punjabi,English,ਜਦੋਂ ਕੋਈ ਉਧਾਰ ਕਾਰਡ ਖਾਤਾ ਤਿੰਨ ਦਿਨਾਂ ਤੋਂ ਵੱਧ ਪਿਚਲਾਂ ਬਕਾਇਆ ਦਿਖਾਂਦਾ ਹੈ ਸਿਰਫ਼ ਓਦੋਂ ਹੀ ਬੈਂਕ ਉਧਾਰ ਸੂਚ ਕੰਪਨੀਆਂ (ਸਿ.ਐਲ.ਸਿ) ਨੂੰ ਸੂਚਿਤ ਕਰ ਸਕਦਾ ਹੈ ਕਿ ਇਦਾਂ ਪਿਚਲਾਂ ਬਕਾਇਆ ਹੈ ਜਾਂ ਪਿਛੇਤੀ ਭੁਗਤਾਨ ਰਿਹੰਦਾ ਹੈ ਇਸਲਈ ਜ਼ੁਰਮਾਨਾ ਲੱਗ ਸਕਦਾ ਹੈ I,"Banks shall report a credit card account as past due to credit information companies (CICs) or levy penal charges, viz. late payment charges, etc., if any, only when a credit card account remains past due for more than three days.","When a credit card account has been delinquent for more than three days, Sirf then can notify the bank credit reporting companies (CLRs) that there is a delinquency or past due payment."
Punjabi,English,ਆਪਣੀ ਆਰਥਿਕ ਸਥਿਤੀ ਸੁਧਾਰਨ ਲਈ ਦੇਸ਼ ਅੰਦਰੋਂ ਹੀ ਸਿੱਧਾ ਨਿਵੇਸ਼ ਕਰਨ ਲਈ ਉਕਸਾ ਸਕਦਾ ਹੈ I,Countries may encourage inward direct investment to improve their finances.,Encourage the country to invest directly in improving its economic situation itself
Punjabi,English,"ਪਰੰਤੂ ਪ੍ਰੋਤਸਾਹਨ ਦੇ ਤੋਰ ਤੇ, ਗਠੜੀ ਦੀ ਛੇਤੀ ਤਾਮੀਲ ਦੇ ਲਈ , ਜੇ ਮਜ਼ੂਰਸ਼ੁਦਾ ਗਠੜੀ ਬੈਂਕ ਵਿਚੋਂ ਅਰਜ਼ੀ ਦੀ ਰਸੀਦ ਦੇ 90 ਦਿਨਾਂ ਵਿਚੋਂ ਲਾਗੂ ਹੋ ਜਾਂਦੀ ਹੈ, ਤਾਂ ਜਾਈਦਾਦ ਦਾ ਵਰਗੀਕਰਨ ਦਾ ਦਰਜਾ ਵਾਪਸ ਉਸੀ ਸਥਾਨ ਵਿੱਚ ਆ ਜਾਵੇਗਾ ਜਿਥੇ ਪਹਿਲਾਂ ਸੀ ਜਦੋਂ ਅਰਜ਼ੀ ਬੈਂਕ ਵਲੋਂ ਪ੍ਰਾਪਤ ਹੋਈ ਸੀ I","However, as an incentive for quick implementation of the package, if the approved package is implemented by the bank within 90 days from the date of receipt of the application by the bank, the asset classification status may be restored to the position which existed when the restructuring application was received by the bank.","But on a case-by-case basis, the committee may approve the Tamil language at an early stage, if the receipt of the arrears of the Murshidabad committee bank is applied within 90 days from the date of the receipt."
Punjabi,English,"ਕਿ ਨਿਜੀ ਧਨ ਸੰਚਿਤ ਕਰਣ ਨਾਲ ਧਨ ਕੁੱਛ ਹੀ ਲੋਕਾਂ ਕੋਲ ਆਉਂਦਾ ਹੈ ਜਾਂ ਪ੍ਰਗਤੀ,ਪ੍ਰਤਿਯੋਗਤਾ ਤੇ ਤਕਨੀਕੀ ਵਾਧਾ ਅਸਮਾਨਤਾ ਨੂੰ ਘਟਾ ਸਕਦਾ ਹੈ ?","Do the dynamics of private capital accumulation inevitably lead to the concentration of wealth in fewer hands, or do the balancing forces of growth, competition, and technological progress reduce inequality?","What happens when the rich hoard their wealth? Or, does progress, competition, and technical advancement reduce inequality?"
Punjabi,English,ਇਹ ਬਜ਼ਾਰ ਦੇ ਵਿੱਚ ਦਖਲ ਕਰ ਕੇ ਅਧਿਕ ਅਸਥਿਰਤਾ ਤੇ ਆਸ਼ਾਵਾਂ ਨੂੰ ਕਾਬੂ ਕਰਦਾ ਹੈ I,It intervenes in the market to curb excessive volatility and anchor expectations.,This entry was posted in Uncategorized. Bookmark the permalink.
Punjabi,English,ਦੂਜੇ ਭਾਗ ਦੇ ਵੱਧ ਵਾਰਵਾਰਤਾ ਦੇ ਅੰਕੜੇ ਇਹ ਦਰਸਾਂਦੇ ਹਨ ਕਿ ਆਰਥਿਕ ਕ੍ਰਿਆਸ਼ੀਲਤਾ ਇਕੋ ਜਗਾਹ ਥਮੀ ਹੋਈ ਹੈ I,High-frequency data for Q2 indicates that economic activity remains resilient.,Second part of the series on the increased frequency of economic activity shows that economic activity has stalled at one point
Punjabi,English,"ਸਮਸ਼ਟੀ ਅਰਥ ਸ਼ਾਸਤਰ ਦਾ ਅਧੀਨ ਆਮ ਤੋਰ ਤੇ ਇੱਕ ਰਾਸ਼ਟਰ ਬਾਰੇ ਹੁੰਦਾ ਹੈ ਅਤੇ ਕਿਵੇ ਸਾਰੇ ਬਜ਼ਾਰ ਇਕ ਹੋ ਕੇ ਵੱਡੀ ਅਸਚਰਜ ਘਟਨਾ ਪੈਦਾ ਕਰਦੇ ਹਨ ਜਿਸ ਨੂੰ ਅਰਥ ਵਿਗਿਆਨੀ "" ਏਗ੍ਰਿਗੇਟ ਵੇਰੀਬਲਜ਼"" ਕਹਿੰਦੇ ਹਨ I","In macroeconomics, the subject is typically a nation and how all markets interact to generate big phenomena that economists call aggregate variables.","A market crash is an event where exchange prices of a tradable asset or a financial instrument fall sharply and rapidly. A market crash usually refers to a dramatic drouth in a security market index, such as the Dow Jones Industrial Average or the Standard & Poor's 500 index, over a few days or weeks. The term can also be applied to an event where the price of a particular asset collapses, such as a stock or a commodity.
Market crashes are typically associated with a sudden and large sell-off of assets, which causes prices to fall sharply and rapidly. This sudden and large sell-off of assets can be caused by a variety"
Punjabi,English,ਦਿਵਾਲਾ ਨਿਕਲਣਾ ਉਸ ਨੂੰ ਕਹਿੰਦੇ ਹਨ ਜਿਸ ਹੱਦ ਤੱਕ ਆਰਥਿਕ ਸੰਪਤੀ ਪੂਰੇ ਬਜ਼ਾਰ ਦੇ ਭਾਵ ਨਾਲ ਘੱਟ ਸਮੇਂ ਵਿੱਚ ਵੇਚੀ ਜਾ ਸਕਦੀ ਹੈ I,Liquidity refers to the extent to which financial assets can be sold at close to full market value at short notice.,"Wall Street Journal
The Wall Street Journal is an American international business-focused daily newspaper based in New York City, with Asian and European editions, and a website, wsj.com. The Journal, along with its Asian and European editions, is published six days a week by Dow Jones & Company, a division of Rupert Murdoch's News Corp. The Journal has been published in the United States since July 8, 1889, by Charles Dow, Edward Jones, and Charles Bergstresser.
The Wall Street Journal is one of the largest newspapers in the United States with a circulation of about 2.4 million as of March 201"
Punjabi,English,"ਮੋਟਾ ਮੋਟੀ, ਆਮਦਨ ਪਛਾਣ ਦੀ ਨੀਤੀ ਬਾਹਰਮੁੱਖਤਾ ਹੋਣੀ ਚਾਹੀਦੀ ਹੈ ਅਤੇ ਇਹ ਵਿਅਕਤੀਗਤ ਲਿਹਾਜ਼ਾ ਦੀ ਥਾਂ ਵਸੂਲੀ ਦੇ ਦਸਤਾਵੇਜ਼ ਤੇ ਅਧਾਰਿਤ ਹੋਣੀ ਚਾਹੀਦੀ ਹੈ I","Broadly, the policy of income recognition should be objective and based on the record of recovery, rather than on any subjective considerations.","Motot Moti, Income Verification Policy Should Be Transparent and Based on Collection of Tax Documents Rather Than Individual Declaration"
Urdu,English,ظاہری صورت ملازم سے متعلق خصوصیات کا مجموعہ ہوتی ہے، جیسے ان کے جوتے، کپڑے، ٹائی، زیورات، بالوں کا انداز، میک اپ، گھڑی، کاسمیٹکس، عطر، وغیرہ۔,"An appearance is a bunch of attributes related to the service person, like their shoes, clothes, tie, jewellery, hairstyle, make-up, watch, cosmetics, perfume, etc.","External appearance is the overall impression of an employee, such as their shoes, clothes, tie, jewelry, hairstyle, makeup, watch, cosmetics, perfume, etc."
Urdu,English,اجنتا، جو مہاراشٹر کے اورنگ آباد ضلع میں واقع ہے، کے انتیس چیتیا اور وہارا غار ہیں جو پہلی صدی قبل مسیح سے پانچویں صدی عیسوی تک کے مجسموں اور پینٹگز سے مزین ہیں۔,"Ajanta, located in the Aurangabad District of Maharashtra has twenty-nine caitya and vihara caves decorated with sculptures and paintings from the first century B.C.E. to the fifth century C.E.","Government, which is located in Aurangabad district of Maharashtra, India, is a group of 115 chaitias and varaha caves that are adorned with sculptures and paintings from the first century BC to the fifth century AD."
Urdu,English,‏جسمانی رنگ بیرونی خط کے ساتھ ضم ہوجاتا ہے، جس سے حجم کا اثر پیدا ہوتا ہے۔‏,"Body colour gets merged with the outer line, creating the effect of volume.","External line with which the physical color is merged, resulting in a volumetric effect."
Urdu,English,‏اشوک نے مجسموں اور عظیم یادگاروں کے لیے پتھر کا وسیع پیمانے پر استعمال کرنا شروع کیا، جبکہ گذشتہ روایت لکڑی اور مٹی کے ساتھ کام کرنے پر مشتمل تھی۔‏,"Ashoka started making extensive use of stone for sculptures and great monuments, whereas the previous tradition consisted of working with wood and clay.","Ashoka began to use stone extensively for sculptures and great monuments, while the previous tradition was based on wood and clay."
Urdu,English,مصالحے ملے ہوئے آلووؑں کو، بیسن کے آٹے میں لپیٹ کر اچھی طرح گہرے برتن میں تل کر مہاراشٹر کی یہ مزیدار اور مشہور ڈش بنائی جاتی ہے۔‏,"Potatoes mixed in masalas, coated in besan batter and deep fried to perfection form this delicious and famous dish of Maharashtra.","Mashed potatoes with vegetables, wrapped in a basin of flour and baked in a deep pan, is a delicious and famous dish of Maharashtra."
Urdu,English,چیٹیناڈ پکوان ریاست تامل ناڈو کے چیٹیناڈ علاقے سے تعلق رکھنے والی ایک برادری کا پکوان ہے جسے ناٹوکوٹئی چیٹیار کہا جاتا ہے، یا ناگراتھر، جیسا کہ وہ خود کو کہتے ہیں۔,"Chettinad cuisine is the cuisine of a community called the Nattukotai Chettiars, or Nagarathars, as they call themselves, from the Chettinad region of Tamil Nadu state.","Chettinadu cuisine is a cuisine of a community from the Chettinad region of the state of Tamil Nadu, India, known as Nattukottai Chettiars, or Nagarathar, as they call themselves."
Urdu,English,‏دار چینی ہندوستان کی مقامی ہے اور اس بنا پر اس کا استعمال ذائقہ بڑھانے سے لے کر دواؤں کے عامل کے طور پر ہوتا ہے۔‏,"Cinnamon is native to India and, as such, its uses range from that of a flavoring agent to a medicinal agent.","Darjeeling tea is a tea from the Darjeeling district in West Bengal, India. It is named after the region Darjeeling, which is located in the foothills of the Himalayas. The tea is made from the Camellia sinensis plant and is known for its muscatel flavour. The tea is often used for its flavouring properties, but it is also used as a medicine."
Urdu,English,اسے ایک خشک پسنہارے سے یا پتھر کے موسل سے پیس کر سفوف بنالیں۔,Make this into powder with a dry grinder or in a stone pestle.,Dry grind the powder into flour using a mortar and pestle or a stone mill.
Urdu,English,پنجاب کے ہر شہر کی مختلف ترجیحات ہیں، جیسے امرتسر میں لوگ امرتسری کلچے، بھرواں پراٹھے اور دودھ کی مصنوعات کے خاص طور پر شوقین ہیں۔,"Each city in Punjab has varied preferences, like people in Amritsar are particularly fond of Amritsari kulche, stuffed paranthas and milk products.","Punjab has a different set of priorities for each city, such as Amritsaris who are particularly fond of Amritsar culture, bhurwaan prathas, and dairy products in general."
Urdu,English,رام کو سادھو کے ساتھ بھیج دو، اور لکشمن کو بھی۔,"Send Rama with the sage, and send Lakshmana too.","Ram, Send with Sadhu, and Laxman, too."
Urdu,English,لیکن منگل پانڈے کا دلیرانہ کارنامہ ایک اعلیٰ اور عظیم اصول کے تئیں لگن کے تحت انجام دیا گیا تھا۔,But Mangal Pandey's brave deed was done through devotion to a high and noble principle.,But the brave act of Monkey King was performed under the principle of high and great principle.
Urdu,English,ایک بار جب پیاز نیم شفاف ہو جائے، تو ہلدی کے پاؤڈر کے ساتھ مرینیٹ کیا ہوا مٹن شامل کرلیں اور کچھ دیر تک بھون لیں جب تک کہ پورے مصالحے مٹن میں جذب نہ ہوجائیں تقریباً 5-6 منٹ تک۔,"Once the onions are translucent, add the marinated mutton with turmeric powder and saute for some time until all the spices are absorbed in the mutton for about 5-6 minutes.","Once the onion is half transparent, add the marinated mutton with a sprinkle of turmeric powder and cook for some time until the spices are absorbed by the mutton, about 5-6 minutes."
Urdu,English,ہتوپدیشا، پرندوں، جانوروں اور انسانوں کے کرداروں کے ذریعے پیش کی گئی دنیوی حکمت کی ایک کتاب ہے۔,"Hitopadesa is a book of worldly wisdom presented through the characters of birds, animals, and humans.","Hathopadesha is a book of worldly wisdom presented through birds, animals and human characters."
Urdu,English,اس کتاب کا مقصد سنسکرت میں اظہار میں لیاقت اور دانشمندانہ رویے کے علم کو فروغ دینا معلوم ہوتا ہے۔,The purpose of the book appears to encourage proficiency in Sanskrit expression and the knowledge of wise behaviour.,The book appears to aim at promoting the knowledge of the science of expression and scholarly manners in Sanskrit.
Urdu,English,پروفیسر اسیت کمار بندیوپادھیائے نے 1994 اور 1995 میں اپنے آبائی شہر ہاوڑہ کی مکمل تاریخ مرتب کرنے میں رہنمایانہ کردار ادا کیا جس کا عنوان ہاوڑہ سہریر ایتیبریتو (پہلی اور دوسری جلد) ہے۔,Professor Asitkumar Bandyopadhyay played a pioneering role in compiling the complete history of his hometown Howrah titled as Howrah Saharer Itibrrito (First and Second Volume) in 1994 & 1995.,"Professor Asit Kumar Bandopadhyay authored a comprehensive history of his native city, Howrah, in 1994 and 1995, which is titled Howrah Saharer Itihas (Volume I and II)."
Urdu,English,‏چیتیا ہال کے سامنے ایک نیم دائروی چیتیا محراب کی امتیازی خصوصیت نمایاں ہے جس کے ساتھ ایک کھلا فرنٹ ہے جس میں لکڑی کا اگواڑہ ہے اور بعض صورتوں میں کوئی غالب چیتیا محرابی کھڑکی نہیں ہے۔‏,"The front of the caitya hall is dominated by the motif of a semi-circular caitya arch with an open front that has a wooden facade and, in some cases, there is no dominating caitya arch window.","##### Instruction:
Translate the Urdu input text into English.
##### Input:
‏چیتیا ہال کے سامنے ایک نیم دائروی چیتیا محراب کی امتیازی خصوصیت نمایاں ہے جس کے ساتھ ایک کھلا فرنٹ ہے جس میں لکڑی کا اگواڑہ ہے اور بعض صورتوں میں کوئی غالب چیتیا محرابی کھڑکی ن�"
Urdu,English,'مہاراج' اور 'خانساماؤں' (جیسا کہ ہندوستان میں ماہر باورچیوں کو روایتی طور پر کہا جاتا رہا ہے) کی نسلوں نے صدیاں گزرنے کے ساتھ ساتھ ترکیبوں کو کامل ترین بنا دیا اور یہ ترکیبیں ہزاروں سالوں کے دوران شفوی روایت کے ذریعے منتقل ہوئی ہیں۔,Generations of 'maharaj' and 'khansamas' (as expert chefs have traditionally been called in India) have perfected the recipes over centuries and these recipes have passed through oral tradition over thousands of years.,"'Maharaj' and 'khansamas' (as cooks in India have been traditionally referred to in Hindi) have evolved over centuries to create the most refined and nuanced versions of the curries, which have been passed down through oral tradition over thousands of years."
Urdu,English,تیاری روایتی طور پر واستا وازہ، یا صدر باورچی کے ذریعے، وازاؤں کی ایک جماعت یا باورچیوں کی مدد کے ساتھ کی جاتی ہے۔,"The preparation is traditionally done by a vasta waza, or head chef, with the assistance of a court of wazas, or chefs.","Traditionally, preparations are made by the hostess or the head chef, with the assistance of a caterer or cooks."
Urdu,English,پاو بھاجی: یہ مہاراشٹر کا ایک فاسٹ فوڈ پکوان ہے، جس میں گاڑھا سبزیوں کا سالن (بھاجی) ہوتا ہے جو عام طور پر مکھن میں بنایا جاتا ہے اور نرم روٹی کے رول (پاؤ) کے ساتھ پیش کیا جاتا ہے۔,"Pav Bhaji: It is a fast food dish from Maharashtra, consisting of a thick vegetable curry (bhaji) usually prepared in butter and served with a soft bread roll (pav).","Pav Bhaji: Pav Bhaji is a fast food dish from Maharashtra, consisting of a thick vegetable curry (bhaji) which is typically made in butter and served with soft rolls of bread (pav)."
Urdu,English,‏لال دید اور حبہ خاتون کی کشمیری تصانیف اپنی صوفیانہ چاشنی اور کرب کے شدت اظہار لیے مشہور ہیں، راجستھانی میں میرابائی کی نظمیں انوکھے بھکتی معیار کے لیے جانی جاتی ہیں، تمل میں اندل کی باطنیت اور کنڑا میں اکا مہادیوی کی واچنائیں اس وقت کے ادب میں خواتین کی عظیم حصہ داری کی گواہ ہیں۔‏,"The Kashmiri compositions of Lal Ded and Habba Khatoon are known for their mystical flavour and intense agony of expression, Mirabai's compositions in Rajasthani is known for unique devotional quality, Andal's mysticism in Tamil and Akka Mahadevi's vachanas in Kannnada are testimonies to the great contribution of women to the literature of the time.","Lal Ded and Habba Khatoon's Kashmiri compositions are known for their Sufi flavor and expression of intense suffering, Rajasthani Mirabai's verses are known for their unique bhakti standards, Tamil Andal's mysticism and Kannada Aka Mahadevi's vachanas are witnesses of the great share of women in the literature of that time."
Urdu,English,‏باگھ کے غار، جو بدھ مت کی دیواروں کی مصوری پر مشتمل ہیں، مدھیہ پردیش کے دھار ضلع سے 97 کلومیٹر کی دوری پر واقع ہیں۔‏,"The Bagh Caves, consisting of Buddhist mural paintings, are located 97 km from the Dhar district of Madhya Pradesh.","Bhagwa Caves, containing Buddhist wall paintings, are located 97 km away from Dhar district in Madhya Pradesh."
Urdu,English,سنسکرت ادب میں لفظ مول کا عمومی معنیٰ کسی پودے یا درخت کی جڑ ہوتا ہے، لیکن تمثیلی طور پر، کسی بھی چیز کا پایہ، نچلا حصہ یا پیندا ہوتا ہے۔,"The usual meaning of the word mula in Sanskrit literature is the root of a plant or tree, but figuratively, the foot or lowest part or bottom of anything.","Sanskrit literature
In Sanskrit literature, the word ""mool"" has a general meaning of the root of a plant or tree, but metaphorically, the base, lower part or foundation of any thing."
Urdu,English,‏وادی سندھ کی تہذیب مختلف شعبوں میں اپنی ٹکنالوجی کے علم کے لیے مشہور ہے۔‏,Indus Valley Civilisation is known for its technological knowledge in a variety of fields.,The Indus Valley Civilization was known for its expertise in various fields of technology.
Urdu,English,سارے کورو مر جاتے ہیں؛ صرف پانچ پانڈو بھائی اور کرشن زندہ بچ جاتے ہیں۔,All the Kauravas die; only the five Pandava brothers and Krishna survive.,All the cows are dead; only five Pandava brothers and Krishna are alive.
Urdu,English,‏یہ جنگ اٹھارہ دن تک جاری رہتی ہے اور کورووں کی شکست کے ساتھ ختم ہوتی ہے۔‏,The battle rages for eighteen days and ends with the defeat of the Kauravas.,This war lasts eighteen days and ends with the defeat of the Corsicans.
Urdu,English,مہابھارت کی مرکزی کہانی جدید دہلی کے شمال میں واقع ایک سلطنت ہستنا پورہ، جو بھرت کے نام سے معروف ایک قبیلے کی آبائی مملکت تھی، کے تخت کی جانشینی سے متعلق ایک تنازع ہے۔,"The central story of the Mahabharata is a conflict over succession to the throne of Hastinapura, a kingdom just north of modern Delhi that was the ancestral realm of a tribe most commonly known as the Bharatas.","The main story of the Mahabharata is a dispute over the succession to the throne of Hastinapur, a kingdom located in modern-day Delhi in the north, which was the ancestral kingdom of the Bharata clan."
Urdu,English,کرناٹک میں سبزی خوروں کی تعداد گوشت خوروں کی تعداد سے زیادہ ہے؛ اس لیے، ان کے کھانے بنیادی طور پر نباتی پکوانوں پر مشتمل ہوتے ہیں۔,"The number of vegetarians exceeds the number of non-vegetarians in Karnataka; therefore, their cuisine mainly consists of vegetarian dishes.","Vegetarians outnumber meat eaters in Karnataka, so their food is primarily vegetarian cuisine."
Urdu,English,‏اس کو سنجے جواب دیتا ہے، جو بتاتا ہے کہ میدان جنگ میں کیا ہو رہا ہے۔‏,"He is answered by Sanjaya, who relates what is happening on the battlefield.",None
Urdu,English,تامل زبان میں پائے جانے والے دو رزمیے سیلاپتھکارم اور منی میکلئی ہیں۔,The two epics found in Tamil are Cilapathikaram and Manimekalai.,Two epic poems in Tamil are Silappadikaram and Manimekalai.
Urdu,English,اس خطے میں مرچ کے سفوف کا استعمال احتیاط کے ساتھ کیا جاتا ہے۔,The use of chilli powder in this region is done cautiously.,"In this region, the use of chili powder is done with caution."
Urdu,English,لفظ یوگا سنسکرت کی جڑ یوج سے ماخوذ ہے، جس کا مطلب ہے ملانا یا جوڑنا یا متحد کرنا۔,"The word Yoga is derived from the Sanskrit root Yuj, meaning to join or to yoke or to unite.","The word ""yoga"" is derived from the Sanskrit root yuj, which means ""to join"" or ""to unite"" or ""to attach""."
Urdu,English,‏آج کی اوڈیسی اڑیسہ کے مندر کی دیواروں پر تراشے گئے مختلف نقوش میں لامتناہی مجسموں سے ارتقا پذیر ہوئی ہے۔‏,Today's Odissi has evolved from the endless sculptures in various motifs carved on the temple walls of Orissa.,Today's Odissi is derived from the sculptures carved on the walls of the temples of Odisha.
Urdu,English,"وششٹ اب راجا کی طرف مڑا اور آہستہ سے کہا: ""مہاراج، ایک بار وعدہ کرکے انکار کرنا آپ پر نہیں جچتا ہے""۔","Vasishtha now turned to the King and spoke gently: ""It ill becomes you, King, to refuse having promised once"".","Retreat to the King, and say slowly: ""Sire, it is not a good thing to break a promise once made."""
Urdu,English,‏جیسے ہی انھیں ارجن کی مایوسی کی حد کا احساس ہوتا ہے تب کرشن اپنا رویہ تبدیل کرتے ہیں اور اس دنیا میں دھارمک عمل کے اسرار سکھانا شروع کرتے ہیں۔‏,Only when he realizes the extent of Arjuna's despondency does Krishna change his attitude and start teaching the mysteries of dharmic action in this world.,"As soon as he realizes the extent of Arjun's disappointment, Krishan changes his approach and begins teaching dharma in the world."
Urdu,English,جیسے جیسے آپ برتن میں چاول کا آٹا ڈالتے ہیں، بیچ بیچ میں، آپ گھسے ہوئے ناریل کی تھوڑی سی مقدار بھی شامل کرسکتے ہیں۔,"As you add the rice flour into the container, in between, you may also add small quantities of grated coconut.","As you add rice flour to the pot, a little bit of grated coconut can also be added in between."
Urdu,English,آپ ایک اسطوانی برتن میں چمچ بھر گھسے ہوئے ناریل کو ڈال کر شروع کرسکتے ہیں اور پھر اچھی طرح سے ملایا ہوا چاول کا آٹا شامل کرسکتے ہیں۔,"You may begin by adding a spoonful of grated coconut into the cylindrical container, followed by the well-mixed rice flour.",You can start by scooping some coconuts in a glass jar and then adding well-mixed rice flour.
Urdu,English,مہاراجا رنجیت سنگھ کے عطیے سے 1835 کے آس پاس ناندیڑ میں نفیس نقاشی والے ایک خوبصورت اور دلکش گرودوارے کی تعمیر عمل میں آئی جس میں ایک عظیم الشان سنہری گنبد تھا۔‏,Maharaja Ranjit Singh's endowment saw the construction of a beautiful and breathtaking Gurudwara featuring an imposing golden dome with intricate carving at Nanded around 1835 A.D.,"The construction of a beautiful and enchanting gurdwara with a magnificent golden dome was underway in Nanded around 1835, courtesy of Maharaja Ranjit Singh's donation.‏"
Urdu,English,سام وید ان منتخبہ رُچاؤں کی تدوین ہے جنہیں ان کے مجوزہ چھندوں یا سُر کی بحروں کو برقرار رکھتے ہوئے سوراؤں میں ترتیب دیا گیا ہے۔,Samaveda is the compilation of these selected Ruchas set to Svaras keeping their proposed Chanda or rhythmic meters.,"Sam Weiss is a compilation of arrangements of songs from his proposed chord progressions or key signatures, arranged in songs.
References."
Urdu,English,‏والمیکی کے کوشل راجدھانی کے بارے میں بیان سے یہ بات واضح ہے کہ قدیم ایودھیا ہمارے جدید شہروں سے کسی طرح بھی کم نہیں تھا۔‏‏,"From Valmiki's description of the capital of Kosala, it is clear that ancient Ayodhya was not inferior to our modern cities.","From this description in the Valmiki Ramayana of the capital of Kosala, it is clear that ancient Ayodhya was no less than our modern cities."
Urdu,English,‏ایک بار یہ کہنے کے بعد کہ 'میں یہ کروں گا' آپ کے پاس اسے کرنے کے علاوہ کوئی اور متبادل نہیں رہ جاتا ہے۔‏,"Having once said, 'I will do', you have no option but to do it.","Once you say ""I will do it"" there is no other option left for you except to do it."
Urdu,English,حالیہ دنوں میں روپے کی شرح مبادلہ اور ہمارے زر مبادلہ کے ذخائر کی مقدار پر مختلف نظریات سامنے آئے ہیں۔,"In recent days, there have been divergent views on the exchange rate of the rupee and the adequacy of our forex reserves.",Recent days have seen different theories emerging on the exchange rate of rupees and the size of our foreign exchange reserves.
Urdu,English,بینک، کریڈٹ انفارمیشن کمپنیوں (سی آئی سیز) کو خارج المیعاد ہونے کے طور پر رپورٹ کریں گے یا تعزیری الزامات عائد کریں گے، یعنی تاخیری ادائیگی کے الزام، وغیرہ، اگر کچھ ہیں تو صرف اس صورت میں کہ کریڈٹ کارڈ کھاتا تین دن سے زیادہ عرصے تک خارج المیعاد رہتا ہے۔,"Banks shall report a credit card account as past due to credit information companies (CICs) or levy penal charges, viz. late payment charges, etc., if any, only when a credit card account remains past due for more than three days.","Credit Information Companies (CICs) will report an account as delinquent or charge a punitive penalty, i.e. a late payment charge, etc., only if the credit card account has been delinquent for three days or more."
Urdu,English,‏ممالک اپنی مالیات کو بہتر بنانے کے لیے اندرونی براہ راست سرمایہ کاری کی حوصلہ افزائی کرسکتے ہیں۔‏,Countries may encourage inward direct investment to improve their finances.,Countries can encourage domestic direct investment to improve their taxation.
Urdu,English,تاہم، پیکیج کے فوری نفاذ کے لیے ایک ترغیب کے طور پر، اگر منظور شدہ پیکیج کو بینک کے ذریعے درخواست موصول ہونے کی تاریخ سے سے 90 دن کے اندر بینک کی طرف سے نافذ کیا جاتا ہے، تو اثاثہ جات کی درجہ بندی کی حیثیت کو اس مقام پر بحال کیا جاسکتا ہے جو اس وقت تھا جب بینک کی طرف سے ری اسٹرکچرنگ کی درخواست موصول ہوئی تھی۔,"However, as an incentive for quick implementation of the package, if the approved package is implemented by the bank within 90 days from the date of receipt of the application by the bank, the asset classification status may be restored to the position which existed when the restructuring application was received by the bank.","However, for the purpose of encouraging immediate implementation of the package, if the proposed package is implemented by the bank within 90 days from the date of receipt of the request for restructuring by the bank, the asset classification status can be restored to the position it was at the time when the request for restructuring was received by the bank."
Urdu,English,کیا نجی سرمایہ جمع کرنے کی حرکیات لامحالہ طور پر چند ہاتھوں میں دولت کے ارتکاز کا سبب بنتی ہیں، یا کیا ترقی، مسابقت اور تکنیکی ترقی کی متوازن قوتیں عدم مساوات کو گھٹاتی ہیں؟,"Do the dynamics of private capital accumulation inevitably lead to the concentration of wealth in fewer hands, or do the balancing forces of growth, competition, and technological progress reduce inequality?","Are Private Equity Activism Efforts a Matter of a Few Hands in the Creation of Concentration of Wealth, or Do Progressive, Competitive, and Technological Forces Balance Inequality?"
Urdu,English,بہت زیادہ اتار چڑھاؤ پر قابو پانے اور توقعات باندھنے کے لیے یہ بازار میں مداخلت کرتا ہے۔,It intervenes in the market to curb excessive volatility and anchor expectations.,This market intervention stabilizes prices by intervening in the market when prices are very volatile.
Urdu,English,کیو2 کے لیے اعلیٰ تعدد کے ڈیٹا سے پتہ چلتا ہے کہ اقتصادی سرگرمی بدستور لچکدار ہے۔,High-frequency data for Q2 indicates that economic activity remains resilient.,The data from the high-frequency indicators for Q2 show that economic activity remains resilient.
Urdu,English,کلاں معاشیات میں، عام طور پر موضوع ایک ملک ہوتا ہے اور کس طرح سارے بازار بڑے مظاہر کو پیدا کرنے کے لیے تعامل کرتے ہیں جسے ماہرین معاشیات مجموعی متغیرات کہتے ہیں۔‏,"In macroeconomics, the subject is typically a nation and how all markets interact to generate big phenomena that economists call aggregate variables.","In economics, a subject is usually a country and how all markets interact to create the large manifestations that economists call aggregate variables.‏"
Urdu,English,سیالیت اس حد کی طرف اشارہ کرتی ہے جس تک مالیاتی اثاثوں کو مختصر نوٹس پر مکمل بازاری قدر کے قریب فروخت کیا جاسکتا ہے۔,Liquidity refers to the extent to which financial assets can be sold at close to full market value at short notice.,Solvency refers to the extent to which financial assets can be sold for cash at a near-market value.
Urdu,English,وسیع پیمانے پر، آمدنی کی شناخت کی پالیسی کسی بھی موضوعی التفات کے بجائے معروضی اور وصولی کے ریکارڈ پر مبنی ہونی چاہیے۔‏,"Broadly, the policy of income recognition should be objective and based on the record of recovery, rather than on any subjective considerations.","Wide-scale, an identity policy for arrivals should be based on objective and receipt records rather than any subject bias."
