Source Language,Target Language,Input Text,Reference,Generated
English,Hindi,"An appearance is a bunch of attributes related to the service person, like their shoes, clothes, tie, jewellery, hairstyle, make-up, watch, cosmetics, perfume, etc.","सेवा संबंधी लोगों के लिए भेष कई गुणों का संयोजन है, जैसे कि उनके जूते, कपड़े, टाई, आभूषण, केश शैली, मेक-अप, घड़ी, कॉस्मेटिक, इत्र, आदि।","एक उपस्थिति एक सेवा व्यक्ति की विशेषताओं के समूह है, जैसे कि उनके जूते, कपड़े, टाई, जेवेलरी, हेयरस्टाइल, मेकअप, घड़ी, कॉस्मेटिक्स, इत्र, आदि।"
English,Hindi,"Ajanta, located in the Aurangabad District of Maharashtra has twenty-nine caitya and vihara caves decorated with sculptures and paintings from the first century B.C.E. to the fifth century C.E.",महाराष्ट्र के औरंगाबाद जिले में स्थित अजंता में उन्तीस चैत्य और विहार गुफाएँ हैं जो पहली शताब्दी ई.पू. से ले कर पाँचवीं शताब्दी ईस्वी तक की मूर्तियों तथा चित्रकारियों से सुसज्जित हैं।,"अजंता महाराष्ट्र के आठरंगाबाद जिले में स्थित है, जिसमें बीसीई. के प्रथम शताब्दी से लेकर सीई. के पांचवीं शताब्दी तक की मूर्तियों और चित्रों से सजी बीस नौ चैत्य और विहार गुफाएं हैं।"
English,Hindi,"Body colour gets merged with the outer line, creating the effect of volume.","विस्तार का असर बनाते हुए, शरीर का रंग बाहरी रेखा में घुल-मिल जाता है।","बॉडी रंग को बाहरी रेखा के साथ संयुक्त किया जाता है, जिससे आयतन का प्रभाव पड़ता है।"
English,Hindi,"Ashoka started making extensive use of stone for sculptures and great monuments, whereas the previous tradition consisted of working with wood and clay.","अशोक ने व्यापक रूप से मूर्तियों और शानदार स्मारकों को बनाने के लिए पत्थर का प्रयोग करना शुरू किया, जबकि उससे पहले पारंपरिक रूप से लकड़ी और मिट्टी का प्रयोग किया जाता है।","अशोक ने पत्थर के लिए विशाल मूर्तियों और महान मंदिरों के निर्माण के लिए विस्तृत उपयोग शुरू कर दिया, जबकि पूर्व परंपरा लकड़ी और मिट्टी के साथ काम करने पर आधारित थी।"
English,Hindi,"Potatoes mixed in masalas, coated in besan batter and deep fried to perfection form this delicious and famous dish of Maharashtra.","महाराष्ट्र के इस स्वादिष्ट और प्रसिद्ध व्यंजन में आलुओं में मसाले को मिलाकर, बेसन के घोल की परत लगाकर, उसे अच्छी तरह से तल कर बनाया जाता है।","प्याज़ मिश्रित मसाले, बेसन बैटर में लेपित और परफेक्शन के लिए गहराई से तला हुआ यह महाराष्ट्र का एक स्वादिष्ट और प्रसिद्ध व्यंजन है।"
English,Hindi,"Chettinad cuisine is the cuisine of a community called the Nattukotai Chettiars, or Nagarathars, as they call themselves, from the Chettinad region of Tamil Nadu state.",चेट्टिनाड भोजन तमिल नाडु के चेट्टिनाड क्षेत्र के नाट्टूकोटाई चेट्टियार नामक समुदाय या खुद को नागारथार कहने वालों का भोजन है।,"चेट्टीनाड की खाना पकाना चेट्टीनाड क्षेत्र के एक समुदाय की खाना पकाना है जिसे नटुकोटई चेट्टियार, या नागरातर के रूप में जाना जाता है, जो तमिलनाडु राज्य के चेट्टीनाड क्षेत्र से हैं।
References.
<templatestyles src=""Reflist/styles.css"" />"
English,Hindi,"Cinnamon is native to India and, as such, its uses range from that of a flavoring agent to a medicinal agent.",दालचीनी मूल रूप से भारत की है और इस रूप में इसका प्रयोग स्वादिष्टकारक से लेकर औषधीय कारक के रूप में किया जाता है।,"सदाबहार सौंफ़
सदाबहार सौंफ़ () एक प्राचीन प्रकार की सौंफ़ है जिसे सौंफ़ के पेड़ (सिस्टस लांग) के बीज से प्राप्त किया जाता है। यह भारत में मूल है और, इस तरह, इसका उपयोग स्वाद के रूप में से लेकर औषधीय एजेंट तक होता है।"
English,Hindi,Make this into powder with a dry grinder or in a stone pestle.,सूखे ग्राइंडर में या फिर पत्थर के मूसल में इसका चूर्ण बना लें।,मिलाएँ और सूखे ग्राइंडर या एक पत्थर के पिस्टल में मिलाएँ।
English,Hindi,"Each city in Punjab has varied preferences, like people in Amritsar are particularly fond of Amritsari kulche, stuffed paranthas and milk products.","पंजाब के हर शहर की अपनी पसंद है, जैसे कि अमृतसर के लोग विशेष रूप से अमृतसरी कुलचे, भरवां पराठें और दूध के उत्पाद पसंद करते हैं।","हर शहर में पंजाब में विभिन्न प्राथमिकताएँ हैं, जैसे कि अमृतसर के लोग अमृतसरी कुल्चे के लिए विशेष रूप से प्रेम करते हैं, भरे हुए परांठे और दूध उत्पादों के लिए।"
English,Hindi,"Send Rama with the sage, and send Lakshmana too.","राम को ऋषि के साथ भेज दो, और लक्ष्मण को भी भेज दो।",सेंड रामा के साथ विद्वान और लक्ष्मण भी सेंड करें।
English,Hindi,But Mangal Pandey's brave deed was done through devotion to a high and noble principle.,परंतु मंगल पांडे ने यह साहसिक कारनामा एक ऊँचे और श्रेष्ठ सिद्धांत के प्रति समर्पण के लिए किया।,मंगल पांडे की बहादुरी की कार्रवाई सादगीपूर्ण सिद्धांत की श्रद्धा से की गई थी।
English,Hindi,"Once the onions are translucent, add the marinated mutton with turmeric powder and saute for some time until all the spices are absorbed in the mutton for about 5-6 minutes.",प्याज जब पारभासी हो जाए तो उसमें मसालों के मिश्रण में कुछ समय से रखे गए मांस और पिसी हल्दी डाल कर 5-6 मिनट तक हल्का-सा तलते रहें जब तक कि मांस सभी मसालों को सोख न ले।,"एक बार लहसुन पारदर्शी हो जाए, तो नमकीन मटन के साथ हल्दी पाउडर और थोड़ी देर के लिए सीज़न करने के लिए जोड़ें। 5-6 मिनट के लिए सभी मसाले मटन में अवशोषित होने तक।"
English,Hindi,"Hitopadesa is a book of worldly wisdom presented through the characters of birds, animals, and humans.","हितोपदेश एक पुस्तक है जिसमें सांसारिक ज्ञान पक्षियों, पशुओं, और मनुष्यों के चरित्रों के माध्यम से प्रस्तुत किया गया है।","हितोपदेश एक दुनिया की स्मार्टनेस प्रस्तुत करने वाला एक पुस्तक है जो पक्षियों, जानवरों और मानवों के माध्यम से किरदारों का उपयोग करता है।"
English,Hindi,The purpose of the book appears to encourage proficiency in Sanskrit expression and the knowledge of wise behaviour.,ऐसा प्रतीत होता है कि पुस्तक का उद्देश्य संस्कृत अभिव्यक्ति में प्रवीणता और विवेकपूर्ण व्यवहार के ज्ञान को प्रोत्साहित करना है।,पुस्तक का उद्देश्य संस्कृत अभिव्यक्ति और बुद्धिमान व्यवहार के ज्ञान को उत्साहित करने का प्रतीत होता है।
English,Hindi,Professor Asitkumar Bandyopadhyay played a pioneering role in compiling the complete history of his hometown Howrah titled as Howrah Saharer Itibrrito (First and Second Volume) in 1994 & 1995.,"प्रोफेसर असितकुमार बन्दोपाध्याय ने 1994 और 1995 में अपने गृह-नगर, हावड़ा के संपूर्ण इतिहास को हावड़ा शहरेर इतिवृत्त (पहला और दूसरा खंड) नाम से संकलित करने में महत्वपूर्ण भूमिका निभाई है।",प्रोफेसर असितकुमार बांदोपाध्याय ने 1994 और 1995 में अपने घर के इतिहास को संकलित करने में अग्रणी भूमिका निभाई थी।
English,Hindi,"The front of the caitya hall is dominated by the motif of a semi-circular caitya arch with an open front that has a wooden facade and, in some cases, there is no dominating caitya arch window.",चैत्य के सभागृह में सामने की ओर अर्ध-वृत्ताकार चैत्य चाप रूपांकित है जिसका सामने का हिस्सा खुला है जहां पर लकड़ी का भवनमुख है और किसी-किसी में मुख्य चैत्य चाप वाली खिड़की नहीं है।,"फ्रंट ऑफ काटिया हाल को प्रभावित करता है कि एक सेमी-सर्कुलर काटिया आर्क का मोटिफ है, जिसमें खुली दीवार होती है जिसमें लकड़ी की दीवार होती है और कुछ मामलों में, कोई भी काटिया आर्क विंडो प्रभावित नहीं करती है।"
English,Hindi,Generations of 'maharaj' and 'khansamas' (as expert chefs have traditionally been called in India) have perfected the recipes over centuries and these recipes have passed through oral tradition over thousands of years.,महाराजों और खानसामों (जैसा कि कुशल रसोइयों को परंपरागत रूप से भारत में कहा जाता है) की पीढ़ियों ने सदियों से इन पाक-विधियों को परिपूर्ण कर दिया है और अब ये पाक-विधियाँ सहस्रों वर्षों में मौखिक परमपरा के माध्यम से आगे बढ़ती आई हैं।,गलत संदर्भ।
English,Hindi,"The preparation is traditionally done by a vasta waza, or head chef, with the assistance of a court of wazas, or chefs.","पारंपरिक रूप से रसोइयों के दल की सहायता से तैयारी वास्ता वाज़ा, या प्रधान रसोइये द्वारा की जाती है।","प्रस्तुतीकरण की तैयारी पारंपरिक रूप से एक वास्ता वाज़ा द्वारा की जाती है, या प्रमुख रसोइया, जिसमें एक कोर्ट ऑफ वाज़ा, या रसोइया की सहायता होती है।"
English,Hindi,"Pav Bhaji: It is a fast food dish from Maharashtra, consisting of a thick vegetable curry (bhaji) usually prepared in butter and served with a soft bread roll (pav).","पाव भाजी: यह महाराष्ट्र का एक फास्ट फूड व्यंजन है, जिसमें सब्जियों का गाढ़ा मिश्रण होता है जिसे सामान्यतया मक्खन में पकाया जाता है और एक नर्म ब्रेड रोल (पाव) के साथ परोसा जाता है।",पाव भाजी पाव भाजी एक तेज खाना है जो महाराष्ट्र से है और इसमें आमतौर पर मक्खन में तैयार एक गाढ़ा सब्जी करी (भाजी) होती है और एक मुलायम पाव (पाव) के साथ सेवा की जाती है।
English,Hindi,"The Kashmiri compositions of Lal Ded and Habba Khatoon are known for their mystical flavour and intense agony of expression, Mirabai's compositions in Rajasthani is known for unique devotional quality, Andal's mysticism in Tamil and Akka Mahadevi's vachanas in Kannnada are testimonies to the great contribution of women to the literature of the time.","हब्बा खातून और लल्ल-द्यद की कश्मीरी रचनाएं उनके आध्यात्मिक अंदाज़ और गहन भावनाओं की अभिव्यक्ति के लिए जानी जाती हैं, राजस्थान में मीराबाई की रचनाएं उनकी अद्वितीय भक्ति के लिए लोकप्रिय हैं, तमिल में आण्डाल का गूढ़ ज्ञान तथा कन्नड़ में अक्का महादेवी के वचन उस समय के साहित्य में महिलाओं के व्यापक योगदान के प्रमाण हैं।","कश्मीरी कविताओं के लिए लाल देद और हब्बा खाटून की रचनाएँ जानी जाती हैं, उनके धार्मिक स्वाद और व्यक्तिगत अभिव्यक्ति की तीव्र पीड़ा के लिए, राजस्थानी में मीराबाई की रचनाएँ जानी जाती हैं, उनकी एकमात्र भक्ति गुणवत्ता के लिए, तमिल में अंडल की रहस"
English,Hindi,"The Bagh Caves, consisting of Buddhist mural paintings, are located 97 km from the Dhar district of Madhya Pradesh.","बाघ गुफाएं, जिनमें बौद्ध भित्ति चित्र बने हुए हैं, मध्य प्रदेश के धार ज़िले से 97 कि.मी. की दूरी पर स्थित हैं।","बाग गुफाएँ, जो बौद्ध मूर्तिकला चित्रों से बनी हैं, मध्य प्रदेश के धार जिले से 97 किमी दूर स्थित हैं।"
English,Hindi,"The usual meaning of the word mula in Sanskrit literature is the root of a plant or tree, but figuratively, the foot or lowest part or bottom of anything.","संस्कृत साहित्य में मूल शब्द का सामान्य अर्थ है किसी पौधे या वृक्ष की जड़, किंतु लाक्षणिक रूप में, यह किसी भी वस्तु का निचला हिस्सा या तल हो सकता है।",
English,Hindi,Indus Valley Civilisation is known for its technological knowledge in a variety of fields.,सिंधु घाटी सभ्यता विभिन्न क्षेत्रों में अपने तकनीकी ज्ञान के लिए जानी जाती है।,इंडस घाटी सभ्यता के लिए अपने विभिन्न क्षेत्रों में तकनीकी ज्ञान के लिए जाना जाता है।
English,Hindi,All the Kauravas die; only the five Pandava brothers and Krishna survive.,सभी कौरव मर जाते हैं; केवल पाँच पांडव भाई और कृष्ण जीवित बचते हैं।,सभी कौरव मर जाते हैं; केवल पांच पांडव भाइयों और कृष्ण जीवित रहते हैं।
English,Hindi,The battle rages for eighteen days and ends with the defeat of the Kauravas.,युद्ध अठारह दिनों तक चलता रहता है और कौरवों की पराजय के साथ समाप्त होता है।,बहुत दिनों तक लड़ाई होती है और कौरवों के हार के साथ खत्म हो जाती है।
English,Hindi,"The central story of the Mahabharata is a conflict over succession to the throne of Hastinapura, a kingdom just north of modern Delhi that was the ancestral realm of a tribe most commonly known as the Bharatas.","महाभारत की केंद्रीय कथा हस्तिनापुर के सिंहासन पर उत्तराधिकार के लिए संघर्ष की कहानी है, एक ऐसा राज्य जो आधुनिक दिल्ली के ठीक उत्तर में है और जो भरत नाम से जानी जाने वाली एक जनजाति का पैतृक क्षेत्र है।","महाभारत की केंद्रीय कहानी एक वारिसता के लिए सिंहासन की लड़ाई है, जो एक राज्य है जो आधुनिक दिल्ली के उत्तर में स्थित है और जो सबसे अधिक बार भारत के रूप में जानी जाने वाली जनजाति का पैतृक क्षेत्र था।"
English,Hindi,"The number of vegetarians exceeds the number of non-vegetarians in Karnataka; therefore, their cuisine mainly consists of vegetarian dishes.",कर्नाटक में शाकाहारी लोगों की संख्या मांसाहारी लोगों से अधिक है; इसलिए उनके भोजन में मुख्य रूप से शाकाहारी व्यंजन होते हैं।,"कर्नाटक में शाकाहारियों की संख्या नॉन-शाकाहारियों से अधिक है, इसलिए उनका खाना शाकाहारी व्यंजनों पर केंद्रित है।"
English,Hindi,"He is answered by Sanjaya, who relates what is happening on the battlefield.","उन्हें संजय से, जो उन्हें बता रहा है कि युद्ध के मैदान में क्या हो रहा है, उत्तर मिलता है।","है जवाब देता है संजय, जो क्षेत्र में हो रहे होने वाले कार्य को बताता है।"
English,Hindi,The two epics found in Tamil are Cilapathikaram and Manimekalai.,तमिल में मिलने वाले दो महाकाव्य सिलप्पदिकारम् और मणिमेकलै हैं।,दो तमिल महाकाव्य हैं-चिलापथिकारम और मानीमेकालई।
English,Hindi,The use of chilli powder in this region is done cautiously.,इस क्षेत्र में मिर्च के पाउडर का उपयोग सावधानी से किया जाता है।,चिल्ली पाउडर का उपयोग इस क्षेत्र में सावधानीपूर्वक किया जाता है।
English,Hindi,"The word Yoga is derived from the Sanskrit root Yuj, meaning to join or to yoke or to unite.","योग शब्द संस्कृत की युज् धातु से निकला है, जिसका अर्थ है जोड़ना या जोतना या सम्मिलित करना।","योग से सम्बंधित शब्द का अर्थ है संस्कृत की जड़ युज, जिसका अर्थ है जुड़ने या जोड़ने या एकजुट करने का है।"
English,Hindi,Today's Odissi has evolved from the endless sculptures in various motifs carved on the temple walls of Orissa.,आज का ओड़िसी उड़ीसा के मंदिरों की दीवारों पर विभिन्न रूपांकनों में उत्कीर्ण अनगिनत प्रतिमाओं से विकसित हुआ है।,आज का ओडिसी ओडिशा में विभिन्न मोटिफ्स पर मंदिरों की दीवारों पर अनंत मूर्तियों से विकसित हुआ है।
English,Hindi,"Vasishtha now turned to the King and spoke gently: ""It ill becomes you, King, to refuse having promised once"".","वशिष्ठ अब राजा की ओर घूमे और धीरे से बोले: ""राजा , आपको शोभा नहीं देता कि आपने जिस चीज़ का एक बार वचन दिया था उससे आप मुकर जाएं।","वासिष्ठ अब राजा की ओर मुड़े और नरमी से बोलेः ""राजा, तुम्हें ऐसा करने का कोई अधिकार नहीं है जिसका तुमने एक बार वादा किया है।"""
English,Hindi,Only when he realizes the extent of Arjuna's despondency does Krishna change his attitude and start teaching the mysteries of dharmic action in this world.,"केवल तब जब उनको अर्जुन की हताशा की हद समझ में आई, कृष्ण ने अपना रवैया बदला और दुनिया में धार्मिक संघर्षों के रहस्य को सिखाना शुरू किया।",केवल जब वह अर्जुन के उदासीनता की परवाह करता है तब ही कृष्ण अपनी स्थिति को बदल देता है और इस संसार में धार्मिक कार्य की रहस्यों का शिक्षण करना शुरू कर देता है।
English,Hindi,"As you add the rice flour into the container, in between, you may also add small quantities of grated coconut.","जैसे-जैसे आप पात्र में चावल का आटा डाल रहे हों, बीच-बीच में आप कम मात्रा में घिसा हुआ नारियल भी डालें।","आपके द्वारा चावल के आटे को डिब्बे में जोड़ते समय, बीच में, आप थोड़ी मात्रा में कटे हुए नारियल भी जोड़ सकते हैं।"
English,Hindi,"You may begin by adding a spoonful of grated coconut into the cylindrical container, followed by the well-mixed rice flour.","आप बेलनाकार पात्र में एक चम्मच-भर कद्दूकस किया हुआ नारियल मिला कर शुरू कर सकते हैं, जिसके बाद अच्छी तरह मिश्रित चावल का आटा उसमें मिला दें।","आप शुरू करने के लिए एक चम्मच बारीक कटा हुआ कोकोनट डाल सकते हैं, इसके बाद बिल्कुल मिला हुआ चावल का आटा।"
English,Hindi,Maharaja Ranjit Singh's endowment saw the construction of a beautiful and breathtaking Gurudwara featuring an imposing golden dome with intricate carving at Nanded around 1835 A.D.,महाराजा रणजीत सिंह के दान के कारण 1835 ई. के आस-पास नांदेड में एक सुंदर और असाधारण गुरुद्वारे का निर्माण हुआ जिसमें जटिल नक्काशी वाला एक भव्य स्वर्ण गुंबद है।,"महाराजा रंजीत सिंह के वारिस ने 1835 ई. के आसपास नांदेड़ में एक सुंदर और आश्चर्यजनक गुरुद्वारे का निर्माण किया, जिसमें एक विशाल स्वर्ण स्तंभ था, जिसमें सूक्ष्म नक्काशी थी।"
English,Hindi,Samaveda is the compilation of these selected Ruchas set to Svaras keeping their proposed Chanda or rhythmic meters.,सामवेद इन चुनी हुई ऋचाओं का एक संग्रह है जिन्हें प्रस्तावित छंद या लयबद्ध ताल पर निर्धारित करते हुए स्वरों में व्यवस्थित किया गया है।,"सामवेद स्वरों को रखकर इन चयनित रुचाओं को सेट करके बनाया गया है, जो प्रस्तावित चंदा या ताल के माप के अनुसार हैं।"
English,Hindi,"From Valmiki's description of the capital of Kosala, it is clear that ancient Ayodhya was not inferior to our modern cities.",वाल्मीकि द्वारा किए गए राजधानी कोशल के वर्णन से यह सुस्पष्ट है किअयोध्या की प्राचीन राजधानी हमारे आधुनिक शहरों से किसी भी तरह से कम नहीं थी।,"फ्रॉम वाल्मीकी के वर्णन के अनुसार, प्राचीन आयोध्या का पूर्व का शहर हमारे आधुनिक शहरों से कम नहीं था।"
English,Hindi,"Having once said, 'I will do', you have no option but to do it.","एक बार ऐसा कह देने पर कि 'मैं यह करूँगा', तुम्हारे पास इसे करने के अलावा कोई विकल्प नहीं रह जाता है।","एक बार कहा है, 'मैं करूंगा', तो आपके लिए कोई विकल्प नहीं है कि आप इसे करेंगे।"
English,Hindi,"In recent days, there have been divergent views on the exchange rate of the rupee and the adequacy of our forex reserves.","हाल के वर्षों में, रुपये की विनिमय दर तथा विदेशी मुद्रा आरक्षित भंडार की पर्याप्तता पर भिन्न-भिन्न दृष्टिकोण सामने आए हैं।",पिछले कुछ दिनों से रुपये के विनिमय दर और हमारे विदेशी मुद्रा भंडार की पर्याप्तता के बारे में विभिन्न दृष्टिकोण हैं।
English,Hindi,"Banks shall report a credit card account as past due to credit information companies (CICs) or levy penal charges, viz. late payment charges, etc., if any, only when a credit card account remains past due for more than three days.","जब कोई क्रेडिट कार्ड खाता तीन दिन से अधिक पिछला बकाया दिखाता है, केवल तभी बैंक साख सूचना कंपनियों (सी.आई.सी.) को सूचित कर सकते हैं कि इसका पिछला बकाया है या देर से भुगतान शुल्क इत्यादि जैसा जुर्माना लगा सकते हैं।","बैंकों को क्रेडिट कार्ड खाते को क्रेडिट इन्फोर्मेशन कंपनियों (सीआईसी) को बकाया घोषित करने या शुल्क लगाने के लिए, विशेष रूप से बकाया भुगतान शुल्क आदि, केवल तीन दिनों से अधिक बकाया रहने पर ही करना चाहिए।"
English,Hindi,Countries may encourage inward direct investment to improve their finances.,देश अपनी आर्थिक स्थिति में सुधार करने हेतु विदेशों से प्रत्यक्ष निवेश को बढ़ावा दे सकते हैं।,देशों को अपने वित्तीय हालात को बेहतर बनाने के लिए प्रवेश द्वार के सीधे निवेश को प्रोत्साहित करने की अनुमति हो सकती है।
English,Hindi,"However, as an incentive for quick implementation of the package, if the approved package is implemented by the bank within 90 days from the date of receipt of the application by the bank, the asset classification status may be restored to the position which existed when the restructuring application was received by the bank.","तथापि, पैकेज के त्वरित कार्यान्वयन के लिए प्रोत्साहन के रूप में,अगर अनुमोदित पैकेज बैंक द्वारा आवेदन प्राप्त करने के 90 दिनों के भीतर कार्यान्वित किया जाता है तो आस्ति वर्गीकरण की स्थिति बैंक द्वारा पुनर्रचना का आवेदन प्राप्त करने के समय वाले स्तर पर पुनः स्थापित की जा सकती है।","हालांकि, यदि संस्थान द्वारा मंजूर पैकेज को 90 दिनों के भीतर प्राप्त होने के तिथि से प्राप्त आवेदन द्वारा किया जाता है, तो परिसंपत्ति वर्गीकरण स्थिति को पैकेज के प्राप्त होने के समय के स्थान पर पुनर्स्थापित किया जा सकता है।"
English,Hindi,"Do the dynamics of private capital accumulation inevitably lead to the concentration of wealth in fewer hands, or do the balancing forces of growth, competition, and technological progress reduce inequality?","क्या निजी पूँजी संचय की गतिशीलता अनिवार्य रूप से धन के संकेन्द्रण को कुछ ही लोगों तक सीमित कर देती है, या विकास, प्रतियोगिता, तथा तकनीकी प्रगति की प्रतिकारी शक्तियों के परिणामस्वरूप असमानता कम होने लगती है?","डायनामिक्स के नियमों के अनुसार निजी पूंजी का निर्माण क्या है कि यह वित्तीय समानता के लिए एक प्राकृतिक बल है, या यह वित्तीय असमानता के लिए एक प्राकृतिक बल है?"
English,Hindi,It intervenes in the market to curb excessive volatility and anchor expectations.,यह बाज़ार में अत्यधिक अस्थिरता को कम करने और स्फीति को अत्यधिक बढ़ने से रोकने के लिए हस्तक्षेप करता है।,यह बाजार में हस्तक्षेप करता है और अपेक्षाओं को बाध्य करने के लिए अत्यधिक अस्थिरता को रोकता है।
English,Hindi,High-frequency data for Q2 indicates that economic activity remains resilient.,दूसरी तिमाही के उच्च आवृत्ति आँकड़े दर्शाते हैं कि आर्थिक संचालन अब भी मजबूत है।,हाई फ्रीक्वेंसी डेटा के अनुसार आर्थिक गतिविधि अभी भी कायम है।
English,Hindi,"In macroeconomics, the subject is typically a nation and how all markets interact to generate big phenomena that economists call aggregate variables.","समष्टि अर्थशास्त्र में, विषय विशिष्ट रूप से एक राष्ट्र होता है और इसके बाज़ार किस प्रकार से उन व्यापक घटनाओं को उत्पन्न करने में एक-दूसरे को प्रभावित करते हैं जिसे अर्थशास्त्री समग्र चर कहते हैं।",मैक्रोइकॉनोमिक्स में विषय आमतौर पर एक देश होता है और कैसे सभी बाजार एक-दूसरे से बात करते हैं और अर्थशास्त्रियों को सामान्य चर को जन्म देने वाले बड़े घटनाओं को जन्म देते हैं।
English,Hindi,Liquidity refers to the extent to which financial assets can be sold at close to full market value at short notice.,चल निधि का अर्थ है किस हद तक अल्पकाल में पूरे बाजार भाव से बहुत कम अंतर पर वित्तीय संपत्ति बेची जा सकती है।,लिक्विडिटी को वित्तीय संपत्तियों को बिक्री करने की क्षमता के रूप में परिभाषित किया जा सकता है जो कि लगभग पूर्ण बाजार मूल्य पर तेजी से सूचना दी जा सकती है।
English,Hindi,"Broadly, the policy of income recognition should be objective and based on the record of recovery, rather than on any subjective considerations.","मोटे तौर पर, आय मान्यता की नीति व्यक्तिनिष्ठ कारणों पर आधारित होने के बजाय वस्तुनिष्ठ और वसूली के विवरण पर आधारित होनी चाहिए।","व्यापक रूप से, आय मान्यता की नीति वस्तुनिष्ठ होनी चाहिए और वस्तुगत विचारों पर आधारित नहीं होनी चाहिए।"
Assamese,Hindi,"এটা বাহ্যিক ৰূপ হৈছে সশস্ত্র বাহিনীৰ জোৱানগৰাকীৰ সৈতে জড়িত কেইবাটাও বৈশিষ্ট, যেনে তেওঁৰ জোতা, কাপোৰ, টাই, অলংকাৰ, কেশ-বিন্যাস, মেক-আপ, ঘড়ী, প্রসাধনী, সুগন্ধি, ইত্যাদি।","सेवा संबंधी लोगों के लिए भेष कई गुणों का संयोजन है, जैसे कि उनके जूते, कपड़े, टाई, आभूषण, केश शैली, मेक-अप, घड़ी, कॉस्मेटिक, इत्र, आदि।","यह एक बाह्य रूप है जिसमें सैन्य बलों के सैनिकों के साथ कुछ विशेषताएँ होती हैं, जैसे उनका टोपी, कपड़े, टाई, आभूषण, बाल शैली, मेकअप, घड़ी, साबुन, इत्र, इत्यादि।"
Assamese,Hindi,মহাৰাষ্ট্রৰ ঔৰঙ্গাবাদ জিলাত অৱস্থিত অজন্তাত খ্রীষ্টপূর্ব প্রথম শতিকাৰ পৰা খ্রীষ্টাব্দ পঞ্চম শতিকাৰ ভাস্কর্য্য আৰু চিত্রৰে শোভিত ঊনত্রিশটা চৈত্য আৰু বিহাৰ গুহা আছে।,महाराष्ट्र के औरंगाबाद जिले में स्थित अजंता में उन्तीस चैत्य और विहार गुफाएँ हैं जो पहली शताब्दी ई.पू. से ले कर पाँचवीं शताब्दी ईस्वी तक की मूर्तियों तथा चित्रकारियों से सुसज्जित हैं।,महाराष्ट्र के औऱङ्गाबाद जिले में स्थित अजंता में ख्रिस्तपूर्व प्रथम शताब्दी से लेकर ख्रिस्ताब्द पांचवीं शताब्दी तक की वास्तुकला और चित्रकला से अलंकृत 19 मंदिर और विहार हैं।
Assamese,Hindi,"দেহৰ ৰং বাহিৰত থকা ৰেখাডালৰ লগত মিলি যায়, যিয়ে ভলিউমৰ ইফেক্টটো সৃষ্টি কৰে।","विस्तार का असर बनाते हुए, शरीर का रंग बाहरी रेखा में घुल-मिल जाता है।","देह का रंग बाहरी रेखा के साथ मेल खाता है, जो कि आयतन के प्रभाव को जन्म देता है।"
Assamese,Hindi,অশোকে ভাস্কর্য্য আৰু বিশাল স্মাৰকসমূহৰ বাবে শিলৰ ব্যাপক প্রয়োগ আৰম্ভ কৰাৰ বিপৰীতে পূর্বৰ পৰম্পৰা আছিল কাঠ আৰু মাটিৰে কাম কৰা।,"अशोक ने व्यापक रूप से मूर्तियों और शानदार स्मारकों को बनाने के लिए पत्थर का प्रयोग करना शुरू किया, जबकि उससे पहले पारंपरिक रूप से लकड़ी और मिट्टी का प्रयोग किया जाता है।","अशोक के स्तूप और विशाल स्मारकों के लिए पत्थर का व्यापक उपयोग करने के विपरीत, पूर्व की परंपरा लकड़ी और मिट्टी के साथ काम करने की थी।"
Assamese,Hindi,"মচলাৰ সৈতে মিহলোৱা, বেচনৰ ঘোলৰ তৰপ দিয়া আৰু অত্যুত্তম অৱস্থালৈ তেলত ডুবাই ভজা আলুৱে মহাৰাষ্ট্ৰৰ এইবিধ সুস্বাদু তথা বিখ্যাত খাদ্য তৈয়াৰ কৰে।","महाराष्ट्र के इस स्वादिष्ट और प्रसिद्ध व्यंजन में आलुओं में मसाले को मिलाकर, बेसन के घोल की परत लगाकर, उसे अच्छी तरह से तल कर बनाया जाता है।","मछले के साथ मिलाया जाना, बेसन के घोल के साथ मिलाया जाना और बेस्ट अवस्था में तेल में डुबो कर भूना आलू महाराष्ट्र की यह स्वादिष्ट और प्रसिद्ध भोजन बनाता है।"
Assamese,Hindi,"চেট্টিনাড ব্যঞ্জন তামিলনাডু ৰাজ্যৰ চেট্টিনাড অঞ্চলৰ নাট্টুকোটাই চেট্টিৰাছ নামৰ এটা সম্প্ৰদায় বা নাগাৰাঠাৰাছ, যেনেকৈ তেওঁলোকে নিজকে কয়, সেই সম্প্রদায়ৰ ব্যঞ্জন।",चेट्टिनाड भोजन तमिल नाडु के चेट्टिनाड क्षेत्र के नाट्टूकोटाई चेट्टियार नामक समुदाय या खुद को नागारथार कहने वालों का भोजन है।,"चेट्टिनाड् ब्रांडचेट्टिनाड् ब्रांड चेट्टिनाड्, तमिलनाडु राज्य के चेट्टिनाड् क्षेत्र के नट्टुकोट्टै चेट्टी रास के एक समुदाय या नागरात्तारास् इत्येतं चेट्टिनाड् ब्रांड् इति नाम्ना जानाति।"
Assamese,Hindi,ডালচেনি ভাৰতৰ থলুৱা আৰু সেইবাবেই এবিধ সোৱাদবর্ধক বস্তুৰ পৰা আদি কৰি এবিধ ঔষধি দ্রব্যলৈকে ইয়াক ব্যৱহাৰ কৰা হয়।,दालचीनी मूल रूप से भारत की है और इस रूप में इसका प्रयोग स्वादिष्टकारक से लेकर औषधीय कारक के रूप में किया जाता है।,डालचिनी भारतीय स्थानीय और इसलिए एक प्रकार की मसाला और औषधीय पदार्थ में से एक है जो इसकी उत्पत्ति के लिए डालचिनी का उपयोग करता है।
Assamese,Hindi,এইখিনি এটা শুকানে গুড়ি কৰা সজুঁলি বা এটা শিলৰ খুন্দনাত গুড়ি কৰি লওক।,सूखे ग्राइंडर में या फिर पत्थर के मूसल में इसका चूर्ण बना लें।,यह एक शुष्क टुकड़ा है या पत्थर की खुरचन में टुकड़ा बनाएँ।
Assamese,Hindi,"পঞ্জাৱৰ প্রত্যেকখন চহৰৰে বেলেগ বেলেগ পচন্দ আছে, যেনে অমৃতসৰত থকা লোকসকল অমৃতসৰী কুল্ছে, গাভাৰ দিয়া পৰঠা আৰু গাখীৰৰ বস্তুবোৰৰ প্রতি বিশেষভাৱে আসক্ত।","पंजाब के हर शहर की अपनी पसंद है, जैसे कि अमृतसर के लोग विशेष रूप से अमृतसरी कुलचे, भरवां पराठें और दूध के उत्पाद पसंद करते हैं।","पंजाब के प्रत्येक शहर को अपनी अलग पसंद है, जैसे कि अमृतसर में रहने वाले लोगों की पसंद अमृतसरी कुलचा, गवा दी परथा और दूध के सामानों के लिए विशेष रूप से विशेष रूप से विशेष रूप से विशेष रूप से विशेष रूप से विशेष रूप से विशेष रूप से विशेष रूप से व"
Assamese,Hindi,"ৰামক ঋষিগৰাকীৰ সৈতে পঠিয়াই দিয়া, আৰু লক্ষ্মণকো পঠিয়াবা।","राम को ऋषि के साथ भेज दो, और लक्ष्मण को भी भेज दो।",रामक ऋषि के साथ भेज दो और लक्ष्मण को भी भेज दो।
Assamese,Hindi,কিন্তু মঙ্গল পাণ্ডেৰ সাহসী কার্য্যকলাপ এক উচ্চ তথা মহান আদর্শৰ প্রতি থকা গভীৰ অনুৰাগৰ জৰিয়তে সম্পন্ন কৰা হৈছিল।,परंतु मंगल पांडे ने यह साहसिक कारनामा एक ऊँचे और श्रेष्ठ सिद्धांत के प्रति समर्पण के लिए किया।,लेकिन मंगल पांडे के साहसी कार्यों को पूरा करने के लिए उनके गहरी समर्पण के साथ एक उच्च और महान आदर्श के प्रति उनके समर्पण का उपयोग किया गया था।
Assamese,Hindi,"এবাৰ যেতিয়া পিঁয়াজখিনি ঈষৎ স্বচ্ছ হৈ পৰে, মেৰিনেট কৰি ৰখা ছাগলীৰ মাংসখিনি হালধি গুড়িৰ সৈতে তাত দি দিয়ক আৰু প্রায় ৫-৬ মিনিটলৈ যেতিয়ালৈকে ছাগলীৰ মাংসখিনিত সকলোখিনি মচলা মিহলি হৈ নাযায় তেতিয়ালৈকে কিছু সময় ভাজক।",प्याज जब पारभासी हो जाए तो उसमें मसालों के मिश्रण में कुछ समय से रखे गए मांस और पिसी हल्दी डाल कर 5-6 मिनट तक हल्का-सा तलते रहें जब तक कि मांस सभी मसालों को सोख न ले।,"जब प्याज हल्का साफ़ हो जाता है, तो मैरिनेट करने के लिए एक किले को रखा जाता है और उसमें मछली की हड्डी को डाल दिया जाता है और लगभग 5-6 मिनट तक हड्डी के लिए सभी चीजें भूरी होने तक रहने दिया जाता है।"
Assamese,Hindi,"হিতোপদেশ এখন চৰাই-চিৰিকতি, জন্তু আৰু মানুহৰ চৰিত্রৰ জৰিয়তে উপস্থাপন কৰা পাৰ্থিৱ প্ৰজ্ঞাৰ কিতাপ।","हितोपदेश एक पुस्तक है जिसमें सांसारिक ज्ञान पक्षियों, पशुओं, और मनुष्यों के चरित्रों के माध्यम से प्रस्तुत किया गया है।",हितोपदेश अब पक्षियों और जानवरों के माध्यम से मनुष्यों के चरित्रों के माध्यम से पार्टी की समझ का पुस्तक है।
Assamese,Hindi,গ্রন্থখনৰ উদ্দেশ্য সংস্কৃত কথাৰ দক্ষতা আৰু বিবেচনাপূর্ণ ব্যৱহাৰৰ জ্ঞানক উৎসাহিত কৰা যেন অনুমান হয়।,ऐसा प्रतीत होता है कि पुस्तक का उद्देश्य संस्कृत अभिव्यक्ति में प्रवीणता और विवेकपूर्ण व्यवहार के ज्ञान को प्रोत्साहित करना है।,ग्रंथों का उद्देश्य संस्कृत वाक्यों की दक्षता और विचारशील उपयोग की ज्ञान को प्रोत्साहित करना है ताकि यह माना जा सके कि।
Assamese,Hindi,প্রাধ্যাপক আশিতকুমাৰ বন্দোপাধ্যায়ে তেওঁৰ গৃহনগৰী হাওৰাৰ সম্পূর্ণ ইতিহাসৰ ১৯৯৪ আৰু ১৯৯৫ত হাওৰা চহৰেৰ ইতিবৃত (প্রথম আৰু দ্বিতীয় খণ্ড) শীর্ষক সংকলনৰ ক্ষেত্রত এক বাটকটীয়াৰ ভূমিকা পালন কৰিছিল।,"प्रोफेसर असितकुमार बन्दोपाध्याय ने 1994 और 1995 में अपने गृह-नगर, हावड़ा के संपूर्ण इतिहास को हावड़ा शहरेर इतिवृत्त (पहला और दूसरा खंड) नाम से संकलित करने में महत्वपूर्ण भूमिका निभाई है।","प्रोफेसर अशोक कुमार बंदोपाध्याय ने अपनी पुस्तक ""हावड़ा का पूरा इतिहास"" (1994 और 1995 में प्रकाशित दो भागों में) के क्षेत्र में एक बाटकटिया के रूप में भूमिका निभाई थी।"
Assamese,Hindi,"চৈত্য হলটোৰ আগফাল এখন অর্ধ-বৃত্তাকাৰ চৈত্য খিলানৰ আকৃতিয়ে আৱৰি আছে য'ত আগফাল মুকলি আৰু সন্মুখভাগ কাঠৰ, আৰু কিছু কিছু ক্ষেত্রত কোনো ধৰণৰ আৱৰি থকা চৈত্য খিলানৰ খিৰিকী নাই।",चैत्य के सभागृह में सामने की ओर अर्ध-वृत्ताकार चैत्य चाप रूपांकित है जिसका सामने का हिस्सा खुला है जहां पर लकड़ी का भवनमुख है और किसी-किसी में मुख्य चैत्य चाप वाली खिड़की नहीं है।,"चैत्य हॉल के सामने स्थित है एक अर्ध-कल्पित चैत्य खंभा के आकार में जिसमें सामने खुला है और सामने का हिस्सा लकड़ी का है, और कुछ क्षेत्रों में किसी भी प्रकार के चैत्य खंभा के खिड़कियाँ नहीं हैं।"
Assamese,Hindi,কেইবাটাও প্রজন্মৰ 'মহাৰাজ' আৰু 'খানচামাসকল'-এ (ভাৰতত ওজা ৰান্ধনীসকলক সাধাৰণতে যি বুলি কোৱা হয়) শতিকা শতিকা ধৰি ৰন্ধন প্রকৰণসমূহ নিখুঁত কৰি তুলিছে আৰু এই ৰন্ধন প্রকৰণসমূহ হেজাৰ হেজাৰ বছৰ ধৰি মুখে মুখে বাগৰি আহিছে।,महाराजों और खानसामों (जैसा कि कुशल रसोइयों को परंपरागत रूप से भारत में कहा जाता है) की पीढ़ियों ने सदियों से इन पाक-विधियों को परिपूर्ण कर दिया है और अब ये पाक-विधियाँ सहस्रों वर्षों में मौखिक परमपरा के माध्यम से आगे बढ़ती आई हैं।,कई पीढ़ियों के 'महाराज' और 'खानचांसे' (भारत में ओजा पकवानों को सामान्य रूप से क्या कहा जाता है) के पाक विधियाँ हैं जिन्हें कई शताब्दियों से पकाया गया है और ये पाक विधियाँ हजारों वर्षों से मुँह से मुँह से आयी हैं।
Assamese,Hindi,"প্রস্তুতিটো সাধাৰণতে এটা ৱাজা বা ৰান্ধনীৰ দলৰ সহযোগৰ সৈতে এগৰাকী ভাস্তা ৱাজা, বা প্রধান ৰান্ধনীৰ দ্বাৰা কৰা হয়।","पारंपरिक रूप से रसोइयों के दल की सहायता से तैयारी वास्ता वाज़ा, या प्रधान रसोइये द्वारा की जाती है।","प्रारूप। सामान्यतः, यह एक वाज़ा है या रसोई की टीम के सहयोग के साथ एक वाज़ा है या रसोई के प्रमुख द्वारा किया जाता है।"
Assamese,Hindi,"পাৱ ভাজি: এইবিধ মহাৰাষ্ট্রৰ এবিধ ফাষ্ট-ফুড ব্যঞ্জন, সাধাৰণতে মাখনত প্রস্তুত কৰা পাচলিৰ এবিধ গাঢ় আঞ্জা (ভাজি) থকা আৰু এটা কোমল পাওৰুটীৰ ৰোলৰ (পাৱ) সৈতে পৰিৱেশন কৰা।","पाव भाजी: यह महाराष्ट्र का एक फास्ट फूड व्यंजन है, जिसमें सब्जियों का गाढ़ा मिश्रण होता है जिसे सामान्यतया मक्खन में पकाया जाता है और एक नर्म ब्रेड रोल (पाव) के साथ परोसा जाता है।","पाव भजीः यह माराठी तेजी से खाने का है, जिसमें आमतौर पर मक्खन में पकाया जाने वाला एक गाढ़ा अनाज (भजी) होता है, जो एक नरम पाव रोल (पाव) के साथ परोसा जाता है।"
Assamese,Hindi,"লাল ড্যেড আৰু হাব্বা খাটুনৰ কাশ্মীৰী ৰচনাবোৰ সেইবোৰৰ ৰহস্যবাদ সম্পৰ্কীয় আভাস আৰু প্রকাশভংগিৰ তীব্র পীড়াৰ বাবে জনা যায়, মীৰাবাইৰ ৰাজস্থানীৰ ৰচনাসমূহ বিৰল ভক্তিমূলক বৈশিষ্টৰ বাবে জনা যায়, আন্দালৰ তামিলৰ ৰহস্যবাদ আৰু আক্কা মহাদেৱীৰ কানাড়াৰ বচনসমূহ সেই সময়ৰ সাহিত্যৰ প্রতি থকা মহিলাসকলৰ মহান বৰঙনিৰ প্রমাণ।","हब्बा खातून और लल्ल-द्यद की कश्मीरी रचनाएं उनके आध्यात्मिक अंदाज़ और गहन भावनाओं की अभिव्यक्ति के लिए जानी जाती हैं, राजस्थान में मीराबाई की रचनाएं उनकी अद्वितीय भक्ति के लिए लोकप्रिय हैं, तमिल में आण्डाल का गूढ़ ज्ञान तथा कन्नड़ में अक्का महादेवी के वचन उस समय के साहित्य में महिलाओं के व्यापक योगदान के प्रमाण हैं।","लाल डेड और हब्बा खातून के कश्मीरी रचनाओं को संबंधित रहस्यवाद के प्रति सूक्ष्म संकेतों और छवियों के लिए जाना जाता है, मीराबाई के राजस्थानी रचनाओं को उनकी अल्पसंख्यक भक्ति विशेषताओं के लिए जाना जाता है, और अंडाल के तमिल रचनाओं और अक्का महादेव"
Assamese,Hindi,বৌদ্ধধর্মী দেৱাল-চিত্রসমূহ থকা বাঘ গুহাকেইটা মধ্য প্রদেশৰ ধাৰ জিলাৰ পৰা ৯৭ কি.মি. দূৰত্বত অৱস্থিত।,"बाघ गुफाएं, जिनमें बौद्ध भित्ति चित्र बने हुए हैं, मध्य प्रदेश के धार ज़िले से 97 कि.मी. की दूरी पर स्थित हैं।",बौद्धधर्मी दीवार-चित्रों से सुसज्जित बाघ गुफा मध्य प्रदेश के धार जिले से 97 किमी दूर स्थित है।
Assamese,Hindi,"সংস্কৃত সাহিত্যত মূল শব্দটোৰ সাধাৰণ অর্থটো হৈছে এজোপা উদ্ভিদ বা গছৰ শিপা, কিন্তু আলংকাৰিকভাৱে হৈছে কিবা এটাৰ একেবাৰে তলৰ অংশটো।","संस्कृत साहित्य में मूल शब्द का सामान्य अर्थ है किसी पौधे या वृक्ष की जड़, किंतु लाक्षणिक रूप में, यह किसी भी वस्तु का निचला हिस्सा या तल हो सकता है।","संस्कृत साहित्य में मूल शब्द का सामान्य अर्थ है एक झाड़ या पेड़ की शाखा, लेकिन अलंकृत रूप में कुछ का सबसे नीचे का हिस्सा है।"
Assamese,Hindi,সিন্ধু উপত্যকা সভ্যতাক বিভিন্ন ক্ষেত্রত থকা ইয়াৰ প্রযুক্তিগত জ্ঞানৰ কাৰণে জনা যায়।,सिंधु घाटी सभ्यता विभिन्न क्षेत्रों में अपने तकनीकी ज्ञान के लिए जानी जाती है।,सिन्धु घाटी सभ्यता को ज्ञान की वजह से विभिन्न क्षेत्रों में माना जाता है।
Assamese,Hindi,আটাইকেইগৰাকী কৌৰৱৰে মৃত্যু হয়; কেৱল পাঁচগৰাকী পাণ্ডৱ ভাতৃ আৰু কৃষ্ণহে বাচি থাকে।,सभी कौरव मर जाते हैं; केवल पाँच पांडव भाई और कृष्ण जीवित बचते हैं।,आटिके की मृत्यु होती है; केवल पांच पांडव भाइयों और कृष्ण बचे हैं।
Assamese,Hindi,যুদ্ধখন ওঠৰ দিনলৈ হিংসাত্মকভাৱে চলে আৰু কৌৰৱসকলৰ পৰাজয়ৰ সৈতে অন্ত পৰে।,युद्ध अठारह दिनों तक चलता रहता है और कौरवों की पराजय के साथ समाप्त होता है।,युद्ध खत्म होने तक हिंसक रूप से चलता है और कौरवों की हार के साथ खत्म हो जाता है।
Assamese,Hindi,"মহাভাৰতৰ মূল কাহিনীটো হ'ল হস্তিনাপুৰৰ সিংহাসনৰ উত্তৰাধিকাৰক লৈ হোৱা এক সংঘাট, আধুনিক দিল্লীৰ উত্তৰতে থকা এখন ৰাজ্য যিখন সাধাৰণতে ভাৰত হিচাপে জনাজাত এটা জনজাতিৰ পূর্বপুৰুষৰ ৰাজ্য আছিল।","महाभारत की केंद्रीय कथा हस्तिनापुर के सिंहासन पर उत्तराधिकार के लिए संघर्ष की कहानी है, एक ऐसा राज्य जो आधुनिक दिल्ली के ठीक उत्तर में है और जो भरत नाम से जानी जाने वाली एक जनजाति का पैतृक क्षेत्र है।","हस्तिनापुर की सिंहासन के उत्तराधिकारी के लिए एक घटना जो आधुनिक दिल्ली के उत्तर में स्थित एक राज्य है, जो भारत के पूर्वजों का राज्य माना जाता है।"
Assamese,Hindi,কর্ণাটকত নিৰামিষভোজীৰ সংখ্যাই আমিষৰ সংখ্যাক চেৰ পেলায়; গতিকে তেওঁলোকৰ ৰন্ধন প্রকৰণসমূহত প্রধানতঃ নিৰামিষ ব্যঞ্জনসমূহ থাকে।,कर्नाटक में शाकाहारी लोगों की संख्या मांसाहारी लोगों से अधिक है; इसलिए उनके भोजन में मुख्य रूप से शाकाहारी व्यंजन होते हैं।,कर्नाटकी निरामिष भोजन की संख्या में मांसाहारी भोजन की संख्या को आधा कर देती है; इस प्रकार उनके खाना पकाने के तरीकों में मुख्य रूप से निरामिष भोजन होता है।
Assamese,Hindi,"তেওঁক সঞ্জয়ৰ দ্বাৰা উত্তৰ দিয়া হৈছে, যিগৰাকীয়ে যুদ্ধক্ষেত্রত কি ঘটি আছে সেয়া ব্যক্ত কৰে।","उन्हें संजय से, जो उन्हें बता रहा है कि युद्ध के मैदान में क्या हो रहा है, उत्तर मिलता है।",ट्रांस्लेटेड हिंदी
Assamese,Hindi,তামিলত পোৱা মহাকাব্য দুখন হ'ল শীলাপাঠীকাৰম আৰু মাণিমেকালাই।,तमिल में मिलने वाले दो महाकाव्य सिलप्पदिकारम् और मणिमेकलै हैं।,तमिल में पाए जाने वाले महाकाव्य दो हैं शिलापाथिकारम और माणिमेकलाई।
Assamese,Hindi,এই অঞ্চলত জলকীয়াৰ গুড়িৰ ব্যৱহাৰ সাৱধানেৰে কৰা হয়।,इस क्षेत्र में मिर्च के पाउडर का उपयोग सावधानी से किया जाता है।,इस क्षेत्र में जलकीड़ की गोलियों का उपयोग सावधानी से करें।
Assamese,Hindi,যোগ শব্দটো সংস্কৃত মূল য়ুজৰ পৰা আহিছে যাৰ অর্থ জোৰা লগোৱা বা যুৱলি বান্ধা বা একত্রিত কৰা।,"योग शब्द संस्कृत की युज् धातु से निकला है, जिसका अर्थ है जोड़ना या जोतना या सम्मिलित करना।","योग शब्द का प्रयोग किया जाता है क्योंकि यह संस्कृत मूल का है जिसका अर्थ है ""जोर देना या जोड़ना या संयुक्त करना""।"
Assamese,Hindi,বর্তমানৰ ওড়িশি ওড়িশাৰ মন্দিৰৰ দেৱালবোৰত খোদিত বিভিন্ন ধৰণৰ নিৰৱচ্ছিন্ন ভাস্কর্য্যসমূহৰ পৰা উৎপন্ন হৈছে।,आज का ओड़िसी उड़ीसा के मंदिरों की दीवारों पर विभिन्न रूपांकनों में उत्कीर्ण अनगिनत प्रतिमाओं से विकसित हुआ है।,वर्तमान ओडिशा ओडिशा मंदिर की दीवारों में खुदी गई कई प्रकार के अनवरत वास्तुकला के स्मारकों से उत्पन्न होते हैं।
Assamese,Hindi,"বশিষ্ঠই তেতিয়া ৰজাজনৰ পিনে ঘূৰিছিল আৰু নম্রভাৱে কৈছিল: ""এবাৰ প্রতিজ্ঞা কৰাৰ পিছত পিছত প্রত্যাখ্যান কৰা, এইটো আপোনাৰ ক্ষেত্রত অশোভনীয়, মহাৰাজ, ।","वशिष्ठ अब राजा की ओर घूमे और धीरे से बोले: ""राजा , आपको शोभा नहीं देता कि आपने जिस चीज़ का एक बार वचन दिया था उससे आप मुकर जाएं।","वशिष्ठ ने राजा राजा के पीछे मुड़कर कहा था: ""संकल्प करने के बाद, फिर मना करना आपके क्षेत्र में अपमानजनक है, महाराज, ।"
Assamese,Hindi,যেতিয়া তেওঁ অর্জুনৰ নৈৰাশ্যৰ পৰিসৰটো বুজি পায় তেতিয়াহে কৃষ্ণই তেওঁৰ ভাব-ভংগি সলনি কৰে আৰু এই জগতখনৰ ধার্মিক কার্য্যৰ ৰহস্যসমূহ শিকাবলৈ আৰম্ভ কৰে।,"केवल तब जब उनको अर्जुन की हताशा की हद समझ में आई, कृष्ण ने अपना रवैया बदला और दुनिया में धार्मिक संघर्षों के रहस्य को सिखाना शुरू किया।",जब वह अर्जुन की निराशा की परिधि को देखता है तो वह अपनी सोच को बदलने लगता है और धर्म के कार्यों की रहस्यों को सीखने के लिए शुरू होता है।
Assamese,Hindi,"যেতিয়া আপুনি পাত্রটোত চাউলৰ গুড়ি ভৰায়, মাজে মাজে আপুনি অলপ অলপ ৰুকি থোৱা নাৰিকল যোগ কৰিব পাৰে।","जैसे-जैसे आप पात्र में चावल का आटा डाल रहे हों, बीच-बीच में आप कम मात्रा में घिसा हुआ नारियल भी डालें।","जब आप पात्र में चावल की गिरी भरते हैं, तो आप कभी-कभी थोड़ी थोड़ी सी नारियल डाल सकते हैं।"
Assamese,Hindi,"আপুনি চুঙাকৃতিৰ পাত্রটোত এচামুচ ৰুকি থোৱা নাৰিকল দি আৰম্ভণি কৰিব পাৰে, আৰু তাৰ পিছত ভালদৰে মিহলোৱা চাউলৰ গুড়িখিনি।","आप बेलनाकार पात्र में एक चम्मच-भर कद्दूकस किया हुआ नारियल मिला कर शुरू कर सकते हैं, जिसके बाद अच्छी तरह मिश्रित चावल का आटा उसमें मिला दें।",आप आप आप आप आप आप आप आप आप आप आप आप आप आप आप आप आप आप आप आप आप आप आप आप आप आप आप आप आप आप आप आप आप आप आप आप आप आप आप आप आप आप आप आप आप आप आप आप आप आप आप आप आप आप आप आप आप आप आप आप आप आप आप आप आप आप आप आप आप आप आप आप आप आप आप आप आप आप आप आप आप आप आप आप आप आप आप आप आप आप आप आप आप आप आप आप आप आप आप आप आप आप आप आप आप आप आप आप आप आप आप आप आप आप आप आप आप आप आप आप आप आप आप आप आप आप आप आप
Assamese,Hindi,মহাৰাজ ৰঞ্জিত সিঙৰ সক্ষমতাত নান্দেদত ১৮৩৫ চনৰ আশে-পাশে মেৰপেঁচৰ সৈতে খোদাই কৰা এটা মনোৰম সোণালী গম্বুজৰ সৈতে এটা সুন্দৰ আৰু অবিশ্বাস্য গুৰুদ্বাৰৰ নিৰ্মাণ দেখা পোৱা গৈছিল৷,महाराजा रणजीत सिंह के दान के कारण 1835 ई. के आस-पास नांदेड में एक सुंदर और असाधारण गुरुद्वारे का निर्माण हुआ जिसमें जटिल नक्काशी वाला एक भव्य स्वर्ण गुंबद है।,महाराजा रंजीत सिंह की उपलब्धियों के साथ नंदेड में 1835 के आसपास मेरपेंच के साथ एक मनोरम सोने की शिखर पर एक सुंदर और असंभव गुरुद्वारे का निर्माण दिखाई दिया था।
Assamese,Hindi,সামবেদ হৈছে প্ৰস্তাৱিত ছন্দ অথবা লয়যুক্ত ছন্দত ৰাখি স্বৰত স্থাপন কৰা এই নিৰ্বাচিত ঋচাসমূহৰ সংকলন৷,सामवेद इन चुनी हुई ऋचाओं का एक संग्रह है जिन्हें प्रस्तावित छंद या लयबद्ध ताल पर निर्धारित करते हुए स्वरों में व्यवस्थित किया गया है।,साम्बेद है प्रस्तावित छंद या छंद के साथ एक निर्वाचित ऋचाओं का संग्रह है जो छंद के साथ स्वर को स्थापित करता है।
Assamese,Hindi,ৰাজধানী কোশালাৰ বিষয়ে বাল্মীকিৰ বৰ্ণনাৰ পৰা এইটো স্পষ্ট হয় যে পুৰণি অযোধ্যা আমাৰ আধুনিক চহৰবোৰতকৈ কোনোগুণে কম নাছিল৷,वाल्मीकि द्वारा किए गए राजधानी कोशल के वर्णन से यह सुस्पष्ट है किअयोध्या की प्राचीन राजधानी हमारे आधुनिक शहरों से किसी भी तरह से कम नहीं थी।,राजधानी कोशला के बारे में बाल्मीकि की विवरण से यह स्पष्ट है कि पुरानी अयोध्या हमारे आधुनिक शहरों से कोई गुण नहीं थी।
Assamese,Hindi,"এবাৰ ""মই কৰিম"" বুলি কোৱাৰ পাছত কামটো কৰাৰ বাহিৰে তোমাৰ হাতত বিকল্প নাথাকে৷","एक बार ऐसा कह देने पर कि 'मैं यह करूँगा', तुम्हारे पास इसे करने के अलावा कोई विकल्प नहीं रह जाता है।","अब ""मैं करूँगा"" कहते हुए अपनी कार्य को करने के बिना आपके हाथ में विकल्प नहीं होता है।"
Assamese,Hindi,শেহতীয়াকৈ টকাৰ বিনিময়ৰ হাৰ আৰু আমাৰ বৈদেশিক মুদ্ৰাৰ আৰক্ষিত ভাণ্ডাৰৰ পৰ্য্যাপ্ততাৰ ক্ষেত্রত ভিন্নমূখী দৃষ্টিভংগী দেখা গৈছে।,"हाल के वर्षों में, रुपये की विनिमय दर तथा विदेशी मुद्रा आरक्षित भंडार की पर्याप्तता पर भिन्न-भिन्न दृष्टिकोण सामने आए हैं।",शहीद की मुद्रा के बदले में मुद्रा की सीमा और हमारे विदेशी मुद्रा के सुरक्षित भंडार की पर्याप्तता में विपरीत दृष्टिकोण दिखाई दे रहा है।
Assamese,Hindi,"বেংকবোৰে এটা ক্রেডিট কার্ড একাউণ্ট সময়মতে পৰিশোধ নকৰা বুলি ক্রেডিট তথ্যৰ কোম্পানীবোৰক (চি.আই.চি. সমূহ) জনাব লাগে বা জৰিমনা আৰোপ কৰিব লাগে, অর্থাৎ পলমকৈ পৰিশোধ জৰিমনা, ইত্যাদি, যদি কিবা আছে, কেৱল তেতিয়াহে যেতিয়া এটা ক্রেডিট কার্ডৰ একাউণ্ট তিনি দিনতকৈ অধিক সময়ৰ বাবে সময়ত পৰিশোধ নকৰা হৈ থাকে।","जब कोई क्रेडिट कार्ड खाता तीन दिन से अधिक पिछला बकाया दिखाता है, केवल तभी बैंक साख सूचना कंपनियों (सी.आई.सी.) को सूचित कर सकते हैं कि इसका पिछला बकाया है या देर से भुगतान शुल्क इत्यादि जैसा जुर्माना लगा सकते हैं।","बैंकों को बकाया क्रेडिट कार्ड खाते पर समय पर भुगतान नहीं करने के लिए क्रेडिट जानकारी कंपनियों (सी.आई.सी. कंपनियों) को सूचित करना या जुर्माना लगाना पड़ता है, अर्थात्, देर से भुगतान जुर्माना, आदि, यदि कुछ हो, तो केवल तब, जब एक क्रेडिट कार्ड के खाते पर तीन"
Assamese,Hindi,দেশসমূহে তেওঁলোকৰ আর্থিক দিশবোৰ উন্নীত কৰিবলৈ আভ্যন্তৰিক প্রত্যক্ষ বিনিয়োগক উৎসাহিত কৰিব পাৰে।,देश अपनी आर्थिक स्थिति में सुधार करने हेतु विदेशों से प्रत्यक्ष निवेश को बढ़ावा दे सकते हैं।,देशों में अपने आर्थिक रुझानों को बढ़ावा देने के लिए घरेलू सीधे निवेश को प्रोत्साहित करने में मदद कर सकता है।
Assamese,Hindi,"কিন্তু, পেকেজটোৰ ত্বৰিত ৰূপায়নৰ বাবে এক উদগনি হিচাপে, যদি অনুমোদিত পেকেজটো বেংকে আৱেদনখন লাভ কৰাৰ তাৰিখটোৰ পৰা ৯০ দিনৰ ভিতৰত বেংকৰ দ্বাৰা ৰূপায়ন কৰা হয়, সম্পত্তিৰ শ্রেণীকৰণৰ স্থিতিটো হয়তো সেইটো স্থানলৈ পুণৰ ঘূৰাই অনা হ'ব পাৰে যিটো বেংকে পুনৰ্বিন্যাস কৰাৰ আৱেদনখন লাভ কৰাৰ সময়ত আছিল।","तथापि, पैकेज के त्वरित कार्यान्वयन के लिए प्रोत्साहन के रूप में,अगर अनुमोदित पैकेज बैंक द्वारा आवेदन प्राप्त करने के 90 दिनों के भीतर कार्यान्वित किया जाता है तो आस्ति वर्गीकरण की स्थिति बैंक द्वारा पुनर्रचना का आवेदन प्राप्त करने के समय वाले स्तर पर पुनः स्थापित की जा सकती है।","लेकिन, पैकेज की प्रस्तुति के लिए एक प्रेरणा के रूप में, यदि मान्यता प्राप्त पैकेज बैंक को आवेदन प्राप्त करने की तारीख से 90 दिनों के भीतर बैंक द्वारा रूपांतरित किया जाता है, संपत्ति की वर्गीकरण स्थिति हो सकती है कि यह स्थान वापस आ सकती है जो ब"
Assamese,Hindi,"ব্যক্তিগত পুঁজিৰ পুঞ্জীভৱনৰ ক্ৰিয়াশীল শক্তিসমূহৰ ফলত আগতকৈ কমসংখ্যকৰ হাতত সা-সম্পত্তি ঘনীভূত হয় নেকি, নে বৃদ্ধি, প্রতিযোগিতা আৰু প্রযুক্তিগত অগ্ৰগতিৰ সুস্থিৰ কৰা শক্তিবোৰে অসমতাক হ্ৰাস কৰে?","क्या निजी पूँजी संचय की गतिशीलता अनिवार्य रूप से धन के संकेन्द्रण को कुछ ही लोगों तक सीमित कर देती है, या विकास, प्रतियोगिता, तथा तकनीकी प्रगति की प्रतिकारी शक्तियों के परिणामस्वरूप असमानता कम होने लगती है?","व्यक्तिगत धन के कारण पूंजीकरण की क्रियाशील शक्तियाँ से पहले की तुलना में कम लोगों के पास संपत्ति घनत्व होगा या बढ़ेगी, प्रतियोगिता और तकनीकी उन्नति को स्थिर करने वाली शक्तियों ने असमानता को कम कर दिया है?"
Assamese,Hindi,ই মাত্ৰাধিক অস্থিৰতাক নিয়ন্ত্রিত কৰিবলৈ আৰু প্রত্যাশাসমূহৰ আঁত ধৰিবলৈ বজাৰত হস্তক্ষেপ কৰে।,यह बाज़ार में अत्यधिक अस्थिरता को कम करने और स्फीति को अत्यधिक बढ़ने से रोकने के लिए हस्तक्षेप करता है।,इ मात्रा में अस्थिरता को नियंत्रित करने और अपेक्षाओं को प्रबंधित करने के लिए बाजार में हस्तक्षेप करता है।
Assamese,Hindi,বছৰৰ দ্বিতীয় তিনিমাহৰ উচ্চ-ফ্রিকুৱেঞ্চি তথ্যই সূচায় যে আর্থনৈতিক সক্রিয়তা পূৰ্বাৱস্থালৈ গৈ আছে।,दूसरी तिमाही के उच्च आवृत्ति आँकड़े दर्शाते हैं कि आर्थिक संचालन अब भी मजबूत है।,वर्ष के दूसरे तीन महीनों की उच्च आवृत्ति डेटा के संकेत हैं कि आर्थिक गतिविधि पूर्वावस्था में वापस आ गई है।
Assamese,Hindi,মেক্ৰোইকনমিকছত বিষয়টো হৈছে সাধাৰণতে এখন দেশ আৰু কেনেদৰে অৰ্থনীতিবিদসকলে সর্বমুঠ চলক বুলি কোৱা ডাঙৰ পৰিঘটনাসমূহৰ সৃষ্টি কৰিবলৈ সকলোবোৰ বজাৰে পাৰস্পৰিক ক্রিয়া-প্রতিক্রিয়াত লিপ্ত হয়।,"समष्टि अर्थशास्त्र में, विषय विशिष्ट रूप से एक राष्ट्र होता है और इसके बाज़ार किस प्रकार से उन व्यापक घटनाओं को उत्पन्न करने में एक-दूसरे को प्रभावित करते हैं जिसे अर्थशास्त्री समग्र चर कहते हैं।",मैक्रोइकोनॉमिक्स में विषय है कि आमतौर पर एक देश और अर्थशास्त्रियों के द्वारा कुल गतिविधि के रूप में जाने वाली बड़ी घटनाओं को उत्पन्न करने के लिए सभी बाजारों में परस्पर क्रिया-प्रतिक्रिया में लिप्त होता है।
Assamese,Hindi,নগদযোগ্যতাই সেই পৰিসৰটোক বুজায় যিটোলেকে হ্ৰস্বকালীন জাননীত প্রায় সম্পূর্ণ বজাৰ মূল্যত বিত্তীয় সম্পত্তিসমূহ বিক্রী কৰিব পৰা যায়।,चल निधि का अर्थ है किस हद तक अल्पकाल में पूरे बाजार भाव से बहुत कम अंतर पर वित्तीय संपत्ति बेची जा सकती है।,नगदीयता यह वह क्षेत्र है जो कुछ समय के लिए वित्तीय संपत्तियों को लगभग पूर्ण बाजार मूल्य पर बेचने के लिए कुशल है।
Assamese,Hindi,"বহল ভিত্তিত ক'বলৈ হ'লে, আয় চিনাক্তকৰণৰ নীতিটো কোনো ব্যক্তিনিষ্ঠ সিদ্ধান্তৰ ওপৰত ভিত্তি কৰা হোৱাৰ সলনি বস্তুনিষ্ঠ আৰু পুনৰুদ্ধাৰৰ প্রদর্শনৰ তথ্যৰ ওপৰত ভিত্তি কৰা হ'ব লাগে।","मोटे तौर पर, आय मान्यता की नीति व्यक्तिनिष्ठ कारणों पर आधारित होने के बजाय वस्तुनिष्ठ और वसूली के विवरण पर आधारित होनी चाहिए।","बहुत बड़ी वित्तीय संस्थाओं को कैसे टैक्स किया जाए, यह सुनिश्चित करने की नीति किसी व्यक्तिगत निर्णय पर आधारित होने के बजाय वस्तुनिष्ठ और पुनरुद्धार प्रदर्शन के परिणामों पर आधारित होनी चाहिए।"
Malayalam,Hindi,"ബാഹ്യരൂപം എന്നുള്ളത് ഷൂസ്, വസ്ത്രങ്ങള്‍, ടൈ, ആഭരണങ്ങള്‍, ഹെയര്‍ സ്റ്റൈല്‍, മേക്കപ്പ്, വാച്ച്, സൗന്ദര്യവര്‍ദ്ധകസാമഗ്രികൾ, സുഗന്ധലേപനങ്ങള്‍ തുടങ്ങി സേവനം നല്കുന്നയാളിന്‍റെ ഒരുകൂട്ടം ഗുണവിശേഷങ്ങളുമായി ബന്ധപ്പെട്ടതാണ്.","सेवा संबंधी लोगों के लिए भेष कई गुणों का संयोजन है, जैसे कि उनके जूते, कपड़े, टाई, आभूषण, केश शैली, मेक-अप, घड़ी, कॉस्मेटिक, इत्र, आदि।","बाहरी रूप में शूज़, कपड़े, टाई, आभूषण, हेयर स्टाइल, मेकअप, घड़ी, सौंदर्य प्रसाधन और इत्र जैसी सेवाएँ प्रदान करने वाले व्यक्ति के एक समूह के गुणों से संबंधित होता है।"
Malayalam,Hindi,"മഹാരാഷ്ട്രയിലെ ഔറംഗാബാദ് ജില്ലയിൽ സ്ഥിതിചെയ്യുന്ന അജന്തയിൽ ബി. സി. ഇ ഒന്നാം നൂറ്റാണ്ട് മുതൽ സി. ഇ അഞ്ചാം നൂറ്റാണ്ട് വരെയുള്ള കാലഘട്ടത്തിലെ, പ്രതിമകളാലും ചിത്രങ്ങളാലും അലങ്കരിക്കപ്പെട്ട 29 ചൈത്യഗുഹകളും വിഹാരഗുഹകളും ഉണ്ട്.",महाराष्ट्र के औरंगाबाद जिले में स्थित अजंता में उन्तीस चैत्य और विहार गुफाएँ हैं जो पहली शताब्दी ई.पू. से ले कर पाँचवीं शताब्दी ईस्वी तक की मूर्तियों तथा चित्रकारियों से सुसज्जित हैं।,"महराष्ट्र के उर्माबाद जिले में स्थित अजंता में बी. सी. ई. 1वीं शताब्दी से सी. ई. 5वीं शताब्दी तक के कालखंड के प्रतिमाओं और चित्रों से सजाए गए 29 चैत्यगुफाओं और विहारगुफाओं हैं।
    - ### Reference:
    - ### Input:
മഹാരാഷ്ട്രയി"
Malayalam,Hindi,ശില്പങ്ങളുടെയും മറ്റും നിറം ബാഹ്യരേഖയുമായി ഇഴുകിച്ചേര്‍ന്ന് വലിപ്പത്തിന്‍റെ ഒരു പ്രതീതിയുണ്ടാക്കുന്നു.,"विस्तार का असर बनाते हुए, शरीर का रंग बाहरी रेखा में घुल-मिल जाता है।",शिल्पों की और अन्य रंगों के साथ बाहरी रेखाओं के साथ एक आकार की धारणा पैदा करता है।
Malayalam,Hindi,"നേരത്തെയുള്ള പാരമ്പര്യം തടിയിലും കളിമണ്ണിലും നിർമ്മിക്കുന്നതായിരിക്കെ, അശോകന്‍ പ്രതിമകള്‍ക്കും സ്മാരകസൗധങ്ങള്‍ക്കും വ്യാപകമായി ശില ഉപയോഗിക്കാന്‍ തുടങ്ങി.","अशोक ने व्यापक रूप से मूर्तियों और शानदार स्मारकों को बनाने के लिए पत्थर का प्रयोग करना शुरू किया, जबकि उससे पहले पारंपरिक रूप से लकड़ी और मिट्टी का प्रयोग किया जाता है।","नरम और मिट्टी में बनाए जाने के बावजूद, अशोक की मूर्तियाँ और स्मारक स्तंभों के लिए चट्टान का व्यापक रूप से उपयोग शुरू हो गया।"
Malayalam,Hindi,മസാല ചേര്‍ത്ത് കടലമാവില്‍ മുക്കി പിഴവില്ലാത്തവിധം നന്നായി വറുത്തെടുക്കുന്ന ഉരുളക്കിഴങ്ങാണ് മഹാരാഷ്ട്രയില്‍ നിന്നുള്ള ഈ സ്വാദിഷ്ടവും പ്രശസ്തവുമായ വിഭവം.,"महाराष्ट्र के इस स्वादिष्ट और प्रसिद्ध व्यंजन में आलुओं में मसाले को मिलाकर, बेसन के घोल की परत लगाकर, उसे अच्छी तरह से तल कर बनाया जाता है।","मसाला मछली में मुक्का और बिना किसी त्रुटि के बेहतरीन रूप से पकाया जाने वाला उरुली की गुठली मारू है, जो महाराष्ट्र से है।
This response has been generated automatically by Google Translate."
Malayalam,Hindi,"തമിഴ്‌നാട് സംസ്ഥാനത്തെ ചെട്ടിനാട് പ്രദേശത്തുനിന്നുള്ള, നാട്ടുകോട്ടൈ ചെട്ടിയാർ എന്നോ അവർ സ്വയം വിളിക്കുന്ന പേരായ നാഗരതർ എന്നോ അറിയപ്പെടുന്ന സമുദായത്തിൻ്റെ പാചകവിദ്യയാണ് ചെട്ടിനാട് പാചകവിദ്യ.",चेट्टिनाड भोजन तमिल नाडु के चेट्टिनाड क्षेत्र के नाट्टूकोटाई चेट्टियार नामक समुदाय या खुद को नागारथार कहने वालों का भोजन है।,"चेत्टिनाड़ पाक कला
चेत्टिनाड़ पाक कला तामिल नाडु राज्य के चेत्टिनाड़ क्षेत्र से एक समुदाय की पाक कला है जिसे नाटुकोट्टई चेट्टियार या उन्हें स्वयं नाम देने के लिए नागर नामित किया गया है।"
Malayalam,Hindi,"ഇന്ത്യയില്‍ ജന്മംകൊണ്ട കറുവാപ്പട്ട അങ്ങനെ, സുഗന്ധവ്യഞ്ജനത്തിൻ്റേതുമുതൽ ഔഷധത്തിൻ്റേതുവരെ വിവിധ ഉപയോഗങ്ങള്‍ ഉള്ളതാണ്.",दालचीनी मूल रूप से भारत की है और इस रूप में इसका प्रयोग स्वादिष्टकारक से लेकर औषधीय कारक के रूप में किया जाता है।,"भारत में जन्मे भूरे हिरन की तरह, यह सुगंधित तेल से लेकर औषधीय पौधे तक कई प्रकार के उपयोगों के लिए जाना जाता है।"
Malayalam,Hindi,നനവില്ലാത്ത ഗ്രൈന്‍ഡറിലോ കല്ലുരലിലോ ഇത് പൊടിച്ചെടുക്കുക.,सूखे ग्राइंडर में या फिर पत्थर के मूसल में इसका चूर्ण बना लें।,नमी रहित ग्रीन्डर या पत्थर में इसे पीसें।
Malayalam,Hindi,അമൃത്‌സറിലെ ജനങ്ങള്‍ വിശേഷിച്ചും അമൃത്‌സാരി കുല്‍ചെയും ഉള്ളിൽ നിറച്ച പറാന്തയും പാലുല്‍പ്പന്നങ്ങളും ഇഷ്ടപ്പെടുന്നതുപോലെ പഞ്ചാബിലെ ഓരോ നഗരത്തിനും വ്യത്യസ്തരുചികളുണ്ട്.,"पंजाब के हर शहर की अपनी पसंद है, जैसे कि अमृतसर के लोग विशेष रूप से अमृतसरी कुलचे, भरवां पराठें और दूध के उत्पाद पसंद करते हैं।","अमृतसर के लोगों और खासकर अमृतसर के कुलचे के लिए पारान्ता और दूध के उत्पादों की लोकप्रियता के समान, पंजाब के हर शहर के लिए अलग-अलग स्वाद होते हैं।"
Malayalam,Hindi,മഹര്‍ഷിയുടെ കൂടെ രാമനെയും ഒപ്പം ലക്ഷ്മണനെയും അയക്കൂ.,"राम को ऋषि के साथ भेज दो, और लक्ष्मण को भी भेज दो।",महर्षी के साथ राम और लक्ष्मण को भेजें।
Malayalam,Hindi,ഉന്നതവും ഉദാത്തവുമായ ഒരാദര്‍ശത്തോടുള്ള സമര്‍പ്പണത്തിലൂടെയാണ് മംഗള്‍ പാണ്ഡേയുടെ ധീരകൃത്യം നിറവേറ്റപ്പെട്ടത്.,परंतु मंगल पांडे ने यह साहसिक कारनामा एक ऊँचे और श्रेष्ठ सिद्धांत के प्रति समर्पण के लिए किया।,उच्च और उदार मंगल पांडे के साहसिक कार्य को एक आदर्श के प्रति समर्पण के माध्यम से पूरा किया गया था।
Malayalam,Hindi,ഉള്ളി നിറംമാറിക്കഴിയുമ്പോൾ കൂട്ടും മഞ്ഞൾപ്പൊടിയും തേച്ചുവച്ച ആട്ടിറച്ചി എല്ലാ കൂട്ടുകളും ഇറച്ചിയിൽ പിടിക്കുന്നതുവരെ അഞ്ചാറുമിനിട്ടുകൾ വഴറ്റുക.,प्याज जब पारभासी हो जाए तो उसमें मसालों के मिश्रण में कुछ समय से रखे गए मांस और पिसी हल्दी डाल कर 5-6 मिनट तक हल्का-सा तलते रहें जब तक कि मांस सभी मसालों को सोख न ले।,जब प्याज़ का रंग बदल जाता है तो साथ में सूखा नमक और सूखी गेहूं की राख के साथ मुर्गा पकाया जाता है और फिर सब्जियों के साथ पकाया जाता है जब तक कि सब्जियाँ पक जाती हैं और मुर्गा पक जाता है।
Malayalam,Hindi,"പക്ഷികള്‍, മൃഗങ്ങള്‍, മനുഷ്യര്‍ എന്നീ കഥാപാത്രങ്ങളിലൂടെ അവതരിക്കപ്പെടുന്ന ലൗകികവിവേകത്തിന്‍റെ ഒരു പുസ്തകമാണ് ഹിതോപദേശം.","हितोपदेश एक पुस्तक है जिसमें सांसारिक ज्ञान पक्षियों, पशुओं, और मनुष्यों के चरित्रों के माध्यम से प्रस्तुत किया गया है।","हितोपदेश
हितोपदेश भारतीय उपमहाद्वीप में एक प्राचीन साहित्यिक कृति है, जो प्राचीन भारतीय ग्रन्थ पंचतंत्र के अनेक संस्करणों में से एक है। प्राचीन भारत में किसी भी प्रकार के कृति के लिए इसी नाम का उपयोग किया जाता था। यह हिंदी में एक साहित्यिक कृति ह"
Malayalam,Hindi,സംസ്കൃതപ്രയോഗങ്ങളില്‍ സാമര്‍ത്ഥ്യവും വിവേകപൂര്‍ണ്ണമായ പെരുമാറ്റത്തില്‍ അറിവും പ്രോത്സാഹിപ്പിക്കുകയാണ് പുസ്തകത്തിന്‍റെ ലക്‌ഷ്യം എന്ന് തോന്നുന്നു.,ऐसा प्रतीत होता है कि पुस्तक का उद्देश्य संस्कृत अभिव्यक्ति में प्रवीणता और विवेकपूर्ण व्यवहार के ज्ञान को प्रोत्साहित करना है।,संस्कृत प्रयोगों में दक्षता और ज्ञान की समझ में विवेकपूर्ण व्यवहार को प्रोत्साहित करने की किताब का उद्देश्य है
Malayalam,Hindi,"1994, 1995 എന്നീ വർഷങ്ങളിൽ, ഹൗറ സഹരേർ ഇതിബ്രിത്തോ (ഒന്ന്, രണ്ട് വാള്യങ്ങൾ) എന്ന ഗ്രന്ഥനാമത്തിൽ പ്രൊഫസർ അസീത് കുമാർ ബന്ദ്യോപധ്യായ് തൻ്റെ സ്വദേശമായ ഹൗറയുടെ സമ്പൂർണ്ണചരിത്രം സമാഹരിക്കുന്നതിൽ മാർഗ്ഗദർശകമായ പങ്കുവഹിച്ചു.","प्रोफेसर असितकुमार बन्दोपाध्याय ने 1994 और 1995 में अपने गृह-नगर, हावड़ा के संपूर्ण इतिहास को हावड़ा शहरेर इतिवृत्त (पहला और दूसरा खंड) नाम से संकलित करने में महत्वपूर्ण भूमिका निभाई है।","1994, 1995 में हाउरा सहरेर इतिब्रितो (एक, दो खंड) नामक एक पुस्तक में प्रोफेसर आसीत कुमार बंद्योपाध्याय ने अपने जन्मभूमि हाउरा की सम्पूर्ण इतिहास की रचना में महत्वपूर्ण भूमिका निभाई।"
Malayalam,Hindi,"ചൈത്യഹാളിൻ്റെ മുൻഭാഗത്ത്, അർദ്ധവൃത്താകൃതിയിലുള്ളതും തുറന്ന മുൻവശമുള്ളതും മരം കൊണ്ടുള്ള പുറംഭാഗമുള്ളതുമായ ഒരു ചൈത്യകമാനത്തിൻ്റെ അലങ്കാരമാതൃക ശ്രദ്ധയാകർഷിക്കുമെങ്കിലും ചിലപ്പോൾ അത്തരം കമാനാകൃതിയിലുള്ള ചൈത്രജാലകം ഉണ്ടാവുകയില്ല.",चैत्य के सभागृह में सामने की ओर अर्ध-वृत्ताकार चैत्य चाप रूपांकित है जिसका सामने का हिस्सा खुला है जहां पर लकड़ी का भवनमुख है और किसी-किसी में मुख्य चैत्य चाप वाली खिड़की नहीं है।,"चैत्यहाली के सामने, अर्धवृताकार और खुले सामने के साथ लकड़ी से बना एक चैत्यग्रन्थ की अलंकरणात्मक मूर्ति आकर्षक लग सकती है, लेकिन कभी-कभी ऐसा प्रकार का चैत्यग्रन्थ नहीं होता है।"
Malayalam,Hindi,'മഹാരാജു'കളുടെയും 'ഖൻസാമ' (പരമ്പരാഗതമായി ഇന്ത്യയിൽ പാചകക്കാരെ അങ്ങനെയാണ് വിളിച്ചിരുന്നത്) കളുടെയും തലമുറകൾ ഈ പാചകവിധികൾ നൂറ്റാണ്ടുകൾ കഴിയേ കുറ്റമറ്റതാക്കുകയും ആയിരക്കണക്കിന് വർഷങ്ങളോളം ഈ പാചകവിധികൾ വാമൊഴിപാരമ്പര്യത്തിലൂടെ കൈമാറ്റം ചെയ്യപ്പെടുകയും ചെയ്തു.,महाराजों और खानसामों (जैसा कि कुशल रसोइयों को परंपरागत रूप से भारत में कहा जाता है) की पीढ़ियों ने सदियों से इन पाक-विधियों को परिपूर्ण कर दिया है और अब ये पाक-विधियाँ सहस्रों वर्षों में मौखिक परमपरा के माध्यम से आगे बढ़ती आई हैं।,'महाराज' और 'खानसम' (परंपरागत रूप से भारत में रसोइयों को इस तरह से बुलाया जाता था) की पीढ़ियाँ इस पाक की सौ से अधिक वर्षों से कुछ गलत हो चुकी हैं और हजारों वर्षों तक मौखिक परंपरा के माध्यम से प्रसारित होती रही हैं।
Malayalam,Hindi,വാസമാരുടെ അതായത് പാചകവിദഗ്ധരുടെ ഒരു സംഘം സഹായിക്കുന്ന ഒരു വാസ്താ വാസ അഥവാ പ്രധാനപാചകക്കാരൻ ആണ് ഈ വിഭവം സാമ്പ്രദായികമായി തയ്യാറാക്കുന്നത്.,"पारंपरिक रूप से रसोइयों के दल की सहायता से तैयारी वास्ता वाज़ा, या प्रधान रसोइये द्वारा की जाती है।",वासमारु के बारे में यह पारंपरिक रूप से एक समूह के द्वारा तैयार किया जाता है जिसमें रसोइयों के साथ वास्तुकार शामिल होते हैं।
Malayalam,Hindi,പാവ് ഭാജി : വെണ്ണയില്‍ തയ്യാറാക്കിയ പച്ചക്കറി കൊണ്ടുള്ള ഒരു കൊഴുത്ത കറി(ഭാജി)യും മൃദുവായ റൊട്ടിയും ചേര്‍ന്ന മഹാരാഷ്ട്രയിലെ ഒരു ഫാസ്റ്റ് ഫുഡ് വിഭവമാണിത്.,"पाव भाजी: यह महाराष्ट्र का एक फास्ट फूड व्यंजन है, जिसमें सब्जियों का गाढ़ा मिश्रण होता है जिसे सामान्यतया मक्खन में पकाया जाता है और एक नर्म ब्रेड रोल (पाव) के साथ परोसा जाता है।",पाव भाजी : एक मोटा करी (भाजी) है जो पाव (एक प्रकार की भट्टी की रोटी) और वेनी में पकाया हुआ हरा सब्जी है। यह महाराष्ट्र का एक तेजी से खाना है।
Malayalam,Hindi,"ലാൽ ദേദിൻ്റെയും ഹബ്ബ ഖാതൂനിൻ്റെയും ആധ്യാത്മികഭാവത്തിനും പ്രകടിതമായ തീവ്രദുഃഖത്തിനും പേരുകേട്ട കശ്മീരീരചനകളും, സവിശേഷമായ ഭക്തിരസത്തിന് പേരുകേട്ട രാജസ്ഥാനിയിലുള്ള മീരാബായിയുടെ രചനകളും, തമിഴിലെ ആണ്ടാളുടെ ആധ്യാത്മികദർശനവും, കന്നഡയിലുള്ള അക്ക മഹാദേവിയുടെ വചനങ്ങളും ആ കാലത്തെ സാഹിത്യത്തിൽ സ്ത്രീകൾ നൽകിയ മഹത്തായ സംഭാവനക്കുള്ള സാക്ഷ്യപത്രങ്ങളാണ്.","हब्बा खातून और लल्ल-द्यद की कश्मीरी रचनाएं उनके आध्यात्मिक अंदाज़ और गहन भावनाओं की अभिव्यक्ति के लिए जानी जाती हैं, राजस्थान में मीराबाई की रचनाएं उनकी अद्वितीय भक्ति के लिए लोकप्रिय हैं, तमिल में आण्डाल का गूढ़ ज्ञान तथा कन्नड़ में अक्का महादेवी के वचन उस समय के साहित्य में महिलाओं के व्यापक योगदान के प्रमाण हैं।","लाल देदी और हब्बा खातून की आध्यात्मिक भावना और प्रकट किए गए गहरे दुख के लिए जानी जाने वाली कश्मीरी रचनाओं के साथ-साथ, राजस्थान में मीराबाई की रचनाओं के लिए प्रसिद्ध भक्ति रस के साथ, तमिल में आन्दाल का आध्यात्मिक दृष्टिकोण और कन्नड़ में अक्का"
Malayalam,Hindi,ബൗദ്ധ ചുവര്‍ച്ചിത്രങ്ങളുള്ള ബാഘ് ഗുഹകള്‍ മധ്യപ്രദേശിലെ ധാര്‍ ജില്ലയില്‍നിന്ന് 97 കിലോമീറ്റര്‍ അകലെയാണ് സ്ഥിതിചെയ്യുന്നത്.,"बाघ गुफाएं, जिनमें बौद्ध भित्ति चित्र बने हुए हैं, मध्य प्रदेश के धार ज़िले से 97 कि.मी. की दूरी पर स्थित हैं।",बौद्ध चित्रकला से सजी बाघ गुफाएँ मध्य प्रदेश के धार जिले में स्थित हैं।
Malayalam,Hindi,"സംസ്‌കൃതസാഹിത്യത്തിൽ മൂല എന്ന വാക്കിന് സാധാരണ ഒരു ചെടിയുടെയോ മരത്തിൻ്റെയോ വേര് എന്നാണ് അർത്ഥമെങ്കിലും ഏതൊരു വസ്തുവിൻ്റെയും പാദമെന്നോ, ഏറ്റവും താഴത്തെ ഭാഗമെന്നോ, അടിത്തട്ട് എന്നോ ആണ് ആലങ്കാരികമായ അർത്ഥം.","संस्कृत साहित्य में मूल शब्द का सामान्य अर्थ है किसी पौधे या वृक्ष की जड़, किंतु लाक्षणिक रूप में, यह किसी भी वस्तु का निचला हिस्सा या तल हो सकता है।",संस्कृत साहित्य में मूल का अर्थ एक पौधे या पेड़ की जड़ हो सकता है लेकिन इसका किसी भी वस्तु के पैर या सबसे नीचे की ओर या नीचे की ओर का अर्थ हो सकता है।
Malayalam,Hindi,വിവിധ മേഖലകളിലെ സാങ്കേതികജ്ഞാനത്തിനു പേരുകേട്ടതാണ് സിന്ധുനദീതടസംസ്കാരം.,सिंधु घाटी सभ्यता विभिन्न क्षेत्रों में अपने तकनीकी ज्ञान के लिए जानी जाती है।,विभिन्न क्षेत्रों में प्रौद्योगिकी के लिए प्रसिद्ध सिन्धु नदी घाटी संस्कृति।
Malayalam,Hindi,കൗരവരെല്ലാം മരിക്കുന്നു ; അഞ്ചു പാണ്ഡവസഹോദരന്മാരും കൃഷ്ണനും മാത്രം അതിജീവിക്കുന്നു.,सभी कौरव मर जाते हैं; केवल पाँच पांडव भाई और कृष्ण जीवित बचते हैं।,कौरव सभी मर जाते हैं; पांच पांडव भाइयों और कृष्ण के अलावा जीवित रहते हैं।
Malayalam,Hindi,ഘോരമായ യുദ്ധം പതിനെട്ടുനാള്‍ നീണ്ടുനില്‍ക്കുകയും കൗരവരുടെ പരാജയത്തില്‍ അവസാനിക്കുകയും ചെയ്യുന്നു.,युद्ध अठारह दिनों तक चलता रहता है और कौरवों की पराजय के साथ समाप्त होता है।,बहुत बड़ा युद्ध पंद्रहवीं शताब्दी में पंद्रहवीं शताब्दी में निरंतर जारी रहता है और कौरवों के हार के साथ समाप्त होता है।
Malayalam,Hindi,"ഭരതര്‍ എന്ന് പൊതുവെ വിളിക്കപ്പെട്ടിരുന്ന ഒരു ഗോത്രത്തിന്‍റെ പൈതൃകഭൂമിയായ, ആധുനികഡല്‍ഹിയുടെ തൊട്ടുവടക്കുള്ള രാജ്യമായ ഹസ്തിനപുരത്തിലെ സിംഹാസനാവകാശത്തെച്ചൊല്ലിയുള്ള സംഘര്‍ഷങ്ങളാണ് മഹാഭാരതത്തിന്‍റെ കേന്ദ്രാഖ്യാനം.","महाभारत की केंद्रीय कथा हस्तिनापुर के सिंहासन पर उत्तराधिकार के लिए संघर्ष की कहानी है, एक ऐसा राज्य जो आधुनिक दिल्ली के ठीक उत्तर में है और जो भरत नाम से जानी जाने वाली एक जनजाति का पैतृक क्षेत्र है।","भरत के रूप में जाना जाने वाले एक जनजाति की पैतृक भूमि, आधुनिक दिल्ली के पास स्थित राज्य हस्तिनापुर के सिंहासन के लिए विवादों के केंद्र के रूप में, महाभारत का केंद्रीय आख्यान है।"
Malayalam,Hindi,കര്‍ണാടകത്തില്‍ സസ്യാഹാരികളുടെ എണ്ണം മാംസാഹാരികളുടെ എണ്ണത്തെക്കാള്‍ കൂടുതലാണ് ; അതിനാൽ അവരുടെ പാചകക്രമത്തില്‍ പ്രധാനമായും ഉള്ളത് സസ്യവിഭവങ്ങളാണ്.,कर्नाटक में शाकाहारी लोगों की संख्या मांसाहारी लोगों से अधिक है; इसलिए उनके भोजन में मुख्य रूप से शाकाहारी व्यंजन होते हैं।,कर्नाटक में शाकाहारियों की संख्या मांसाहारियों की संख्या से अधिक है; इसलिए उनके खाना पकाने की पद्धति में प्रमुख रूप से पौधों की सामग्री होती है।
Malayalam,Hindi,സഞ്ജയന്‍ അദ്ദേഹത്തിനു മറുപടി നൽകുകയും യുദ്ധക്കളത്തില്‍ എന്താണ് സംഭവിക്കുന്നതെന്ന് വിവരിക്കുകയും ചെയ്യുന്നു.,"उन्हें संजय से, जो उन्हें बता रहा है कि युद्ध के मैदान में क्या हो रहा है, उत्तर मिलता है।",संजय देता है और युद्ध के मैदान में क्या होता है बताता है
Malayalam,Hindi,തമിഴിൽ കണ്ടെത്തിയിട്ടുള്ള രണ്ട് മഹാകാവ്യങ്ങള്‍ ചിലപ്പതികാരവും മണിമേഖലയുമാണ്‌.,तमिल में मिलने वाले दो महाकाव्य सिलप्पदिकारम् और मणिमेकलै हैं।,तमिल में मिले दो महाकाव्यों को चिलप्पाथिकारम और मैनीमेकलाई कहते हैं।
Malayalam,Hindi,ഈ പ്രദേശത്ത് മുളകുപൊടി സൂക്ഷിച്ചാണ് ഉപയോഗിക്കുന്നത്.,इस क्षेत्र में मिर्च के पाउडर का उपयोग सावधानी से किया जाता है।,इस क्षेत्र में मसाला पाउडर को स्टोर किया जाता है।
Malayalam,Hindi,"കൂട്ടിച്ചേര്‍ക്കുക, ഇണക്കുക, അല്ലെങ്കില്‍ ഒരുമിപ്പിക്കുക എന്നര്‍ത്ഥമുള്ള യുജ് എന്ന സംസ്കൃതധാതുവില്‍ നിന്ന് വ്യുല്‍പാദിപ്പിച്ചതാണ് യോഗശബ്ദം.","योग शब्द संस्कृत की युज् धातु से निकला है, जिसका अर्थ है जोड़ना या जोतना या सम्मिलित करना।","योग शब्द का अर्थ है जोड़ना, संयोजित करना या एकत्र करना।"
Malayalam,Hindi,ഒറീസയിലെ ക്ഷേത്രച്ചുവരുകളില്‍ കൊത്തിവച്ചിട്ടുള്ള എണ്ണമറ്റ ശില്‍പ്പങ്ങളിലെ വിവിധ അലങ്കാരമുദ്രകളില്‍നിന്നാണ് ഇന്നത്തെ ഒഡീസി രൂപം കൊണ്ടത്.,आज का ओड़िसी उड़ीसा के मंदिरों की दीवारों पर विभिन्न रूपांकनों में उत्कीर्ण अनगिनत प्रतिमाओं से विकसित हुआ है।,ओडिशा में मंदिर की दीवारों पर बनाई गई हज़ारों से अधिक प्रतिमाओं के विभिन्न आभूषण चिह्नों से ही आधुनिक ओडिशा का निर्माण हुआ था।
Malayalam,Hindi,"അപ്പോൾ വസിഷ്ഠൻ രാജാവിനുനേരെ തിരിഞ് സൗമ്യമായി പറഞ്ഞു: ""ഒരിക്കൽ ചെയ്ത വാഗ്ദാനം നിരസിക്കുകയെന്നത് അങ്ങേയ്ക്ക് ചേർന്നതല്ല രാജാവേ""","वशिष्ठ अब राजा की ओर घूमे और धीरे से बोले: ""राजा , आपको शोभा नहीं देता कि आपने जिस चीज़ का एक बार वचन दिया था उससे आप मुकर जाएं।","अब वशिष्ठ ने राजा के सामने अपना सिर फेर लिया और कहा:""वादा किए हुए काम को त्यागना आपके लिए उचित नहीं है राजा"""
Malayalam,Hindi,അർജുനൻ്റെ വിഷാദത്തിൻ്റെ ആഴം തിരിച്ചറിയുമ്പോൾ മാത്രമാണ് കൃഷ്ണൻ തൻ്റെ മനോഭാവം മാറ്റുന്നതും ഈ ലോകത്തെ ധാർമ്മികപ്രവർത്തനങ്ങളുടെ രഹസ്യങ്ങൾ പഠിപ്പിക്കാൻ തുടങ്ങുന്നതും.,"केवल तब जब उनको अर्जुन की हताशा की हद समझ में आई, कृष्ण ने अपना रवैया बदला और दुनिया में धार्मिक संघर्षों के रहस्य को सिखाना शुरू किया।",अर्जुन की उदासी की गहराई का पता लगाने पर कृष्ण ने अपने विचारों को बदल दिया और इस दुनिया में धर्म की गतिविधियों के रहस्यों का अध्ययन करना शुरू कर दिया।
Malayalam,Hindi,പാത്രത്തില്‍ നിങ്ങള്‍ അരിപ്പൊടി ഇടുന്നതിനിടയിൽ അല്‍പാല്‍പം ചിരകിയ തേങ്ങയും ചേര്‍ക്കാവുന്നതാണ്.,"जैसे-जैसे आप पात्र में चावल का आटा डाल रहे हों, बीच-बीच में आप कम मात्रा में घिसा हुआ नारियल भी डालें।",पात्र में आपको आटा फैलाने के दौरान थोड़ा सा मिल्क शेक भी डालें
Malayalam,Hindi,വൃത്താകൃതിയിലുള്ള കുഴലിൽ ഒരു സ്പൂണ്‍ ചിരകിയ തേങ്ങ ചേര്‍ത്തതിനുശേഷം പുറകേ നന്നായി കലര്‍ത്തിയ അരിപ്പൊടി ഇട്ടുകൊണ്ട് തുടങ്ങാം.,"आप बेलनाकार पात्र में एक चम्मच-भर कद्दूकस किया हुआ नारियल मिला कर शुरू कर सकते हैं, जिसके बाद अच्छी तरह मिश्रित चावल का आटा उसमें मिला दें।",बेलन के आकार के ढक्कन में एक चम्मच चिराया हुआ हीरा चेरने के बाद पीछे अच्छी तरह से मिलाया हुआ चावल का आटा डालकर शुरू करें।
Malayalam,Hindi,നാന്ദേഡിൽ ഏതാണ്ട് 1835ല്‍ സങ്കീർണ്ണമായ കൊത്തുപണികളുള്ള ഗംഭീരസ്വര്‍ണമകുടത്തോടുകൂടിയ മനോഹരവും അതിവിസ്മയകരവുമായ ഒരു ഗുരുദ്വാരയുടെ നിർമ്മാണത്തിന് മഹാരാജാ രഞ്ജിത്ത് സിങ്ങിൻ്റെ സംഭാവന ഉപകരിച്ചു.,महाराजा रणजीत सिंह के दान के कारण 1835 ई. के आस-पास नांदेड में एक सुंदर और असाधारण गुरुद्वारे का निर्माण हुआ जिसमें जटिल नक्काशी वाला एक भव्य स्वर्ण गुंबद है।,"नान्देड़ में लगभग 1835 में कठिन कारीगरी के साथ स्वर्ण मंदिर के साथ एक मनोरम और आश्चर्यजनक गुरुद्वारा का निर्माण करने में महाराजा रंजीत सिंह की मदद मिली।
    - Response is not an appropriate translation of the input text.
    - Response is an appropriate translation of the input text, but may need further revision.
    - Response is a well-written translation of the input text."
Malayalam,Hindi,"നിര്‍ദ്ദിഷ്ടഛന്ദസ്സുകളില്‍, അതായത് താളബദ്ധമായ വൃത്തങ്ങളനുസരിച്ച് സ്വരപ്പെടുത്തിയ ഈ തിരഞ്ഞെടുത്ത രുചകളുടെ സമാഹാരമാണ് സാമവേദം.",सामवेद इन चुनी हुई ऋचाओं का एक संग्रह है जिन्हें प्रस्तावित छंद या लयबद्ध ताल पर निर्धारित करते हुए स्वरों में व्यवस्थित किया गया है।,"निर्धारित छंदों में, अर्थात्, ताल से मिलकर स्वरों के साथ स्वरित किया गया यह संग्रहित रूप से चुने हुए स्वादों का संग्रह है सामवेद।"
Malayalam,Hindi,കോസലത്തിന്‍റെ തലസ്ഥാനത്തെക്കുറിച്ചുള്ള വാല്മീകിയുടെ വിവരണത്തിൽനിന്ന് പുരാതന അയോദ്ധ്യ നമ്മുടെ ആധുനിക നഗരങ്ങളെക്കാൾ പുറകിലല്ലെന്ന് വ്യക്തമാകുന്നു.,वाल्मीकि द्वारा किए गए राजधानी कोशल के वर्णन से यह सुस्पष्ट है किअयोध्या की प्राचीन राजधानी हमारे आधुनिक शहरों से किसी भी तरह से कम नहीं थी।,कोसल के मुख्यालय के बारे में वाल्मीकि के विवरण से पता चलता है कि हमारे आधुनिक शहरों के मुकाबले पुराने अयोध्या पीछे नहीं हैं।
Malayalam,Hindi,ഞാൻ ചെയ്തുകൊള്ളാം' എന്ന് ഒരിക്കൽ പറഞ്ഞുകഴിഞ്ഞാൽ പിന്നെ നിങ്ങൾക്കത് ചെയ്യുകയല്ലാതെ പോംവഴിയില്ല.,"एक बार ऐसा कह देने पर कि 'मैं यह करूँगा', तुम्हारे पास इसे करने के अलावा कोई विकल्प नहीं रह जाता है।",मैं कर सकता हूँ। 'बोलते ही बोल दिया है तो अब आप इसे नहीं करेंगे।
Malayalam,Hindi,ഈയടുത്ത ദിവസങ്ങളിലായി രൂപയുടെ വിനിമയ നിരക്കിലും നമ്മുടെ വിദേശ വിനിമയ കരുതൽ ധനത്തിൻ്റെ പര്യാപ്തതയിലും വ്യത്യസ്തങ്ങളായ അഭിപ്രായങ്ങളുണ്ടായിട്ടുണ്ട്.,"हाल के वर्षों में, रुपये की विनिमय दर तथा विदेशी मुद्रा आरक्षित भंडार की पर्याप्तता पर भिन्न-भिन्न दृष्टिकोण सामने आए हैं।",आगामी दिनों में डॉलर के विनिमय मूल्य में भी और हमारे विदेशी विनिमय सुरक्षा राशि की पर्याप्तता में भी विभिन्न विचार हैं
Malayalam,Hindi,ഒരു ക്രെഡിറ്റ്കാര്‍ഡ് അക്കൗണ്ട് അവസാന തീയതിക്കു ശേഷവും മൂന്ന് ദിവസങ്ങള്‍ക്കു മുകളില്‍ അടയ്ക്കാതിരുന്നാലേ ബാങ്കുകള്‍ ഒരു ക്രെഡിറ്റ്കാര്‍ഡ് അക്കൗണ്ട് പാസ്റ്റ് ഡ്യൂ ആയതായി ക്രെഡിറ്റ് ഇന്‍ഫോര്‍മേഷന്‍ കമ്പനികള്‍ക്ക് (സി.ഐ.സി.) റിപ്പോര്‍ട്ട് ചെയ്യുകയോ പണമടയ്ക്കാന്‍ വൈകിയെങ്കില്‍ത്തന്നെ അടവുകൾ വൈകിയതിനുള്ള ചാർജ്ജായി പിഴ ഈടാക്കുകയോ ചെയ്യുകയുള്ളു.,"जब कोई क्रेडिट कार्ड खाता तीन दिन से अधिक पिछला बकाया दिखाता है, केवल तभी बैंक साख सूचना कंपनियों (सी.आई.सी.) को सूचित कर सकते हैं कि इसका पिछला बकाया है या देर से भुगतान शुल्क इत्यादि जैसा जुर्माना लगा सकते हैं।","एक क्रेडिटकार्ड खाते को अंतिम तिथि के बाद भी और तीन दिनों के भीतर बंद करने से पहले बैंकों को क्रेडिट इन्फॉर्मेशन कंपनियों (सीआईसी) को रिपोर्ट करना होगा या अगर धन जमा करने में देरी हुई है, तो बैंक देरी के लिए जुर्माना लगाएगा।"
Malayalam,Hindi,സാമ്പത്തികസ്ഥിതി മെച്ചപ്പെടുത്താനായി രാജ്യങ്ങൾ പ്രവാസികളുടെ നേരിട്ടുള്ള നിക്ഷേപം പ്രോത്സാഹിപ്പിച്ചേക്കാം.,देश अपनी आर्थिक स्थिति में सुधार करने हेतु विदेशों से प्रत्यक्ष निवेश को बढ़ावा दे सकते हैं।,राज्यों को प्रवासी निवेशकों की सीधी निवेश को प्रोत्साहित करने के माध्यम से आर्थिक स्थिति को सुधारने में मदद मिल सकती है।
Malayalam,Hindi,"എന്നിരുന്നാലും, അപേക്ഷ ബാങ്കിന് കിട്ടി 90 ദിവസങ്ങള്‍ക്കുള്ളില്‍ അംഗീകൃത പാക്കേജ് നടപ്പാക്കുകയാണെങ്കില്‍, പാക്കേജ് വേഗം നടപ്പിലാക്കുന്നതിനുള്ള പ്രോത്സാഹനം എന്ന നിലയില്‍, പുന:സംഘടനയ്ക്കുള്ള അപേക്ഷ ബാങ്കിന് കിട്ടുന്നതിനു മുന്‍പുള്ള നിലയിലേക്ക് ആസ്തിയുടെ വര്‍ഗ്ഗീകരണ നിലവാരം പുന:സ്ഥാപിക്കേണ്ടതാണ്.","तथापि, पैकेज के त्वरित कार्यान्वयन के लिए प्रोत्साहन के रूप में,अगर अनुमोदित पैकेज बैंक द्वारा आवेदन प्राप्त करने के 90 दिनों के भीतर कार्यान्वित किया जाता है तो आस्ति वर्गीकरण की स्थिति बैंक द्वारा पुनर्रचना का आवेदन प्राप्त करने के समय वाले स्तर पर पुनः स्थापित की जा सकती है।","हालांकि, यदि बैंक को मिली हुई 90 दिनों के भीतर मान्यता प्राप्त पैकेज को लागू किया जाता है, तो पैकेज को लागू करने के लिए प्रोत्साहन के रूप में, पुनर्स्थापना के लिए बैंक को मिली हुई अपील को पुनर्स्थापित करने की आवश्यकता होती है जो पुनर्स्थ"
Malayalam,Hindi,"സ്വകാര്യമൂലധനം കുമിഞ്ഞുകൂടുന്നതിന്‍റെ ബലതന്ത്രം അനിവാര്യമായും സമ്പത്ത് അല്‍പം ചില കൈകളില്‍ കേന്ദ്രീകരിക്കാന്‍ ഇടയാക്കുമോ അതോ വളര്‍ച്ച, മത്സരം, സാങ്കേതികവിദ്യാമുന്നേറ്റം എന്നീ സമീകരിക്കുന്ന ശക്തികള്‍ അസമത്വം കുറയ്ക്കുമോ?","क्या निजी पूँजी संचय की गतिशीलता अनिवार्य रूप से धन के संकेन्द्रण को कुछ ही लोगों तक सीमित कर देती है, या विकास, प्रतियोगिता, तथा तकनीकी प्रगति की प्रतिकारी शक्तियों के परिणामस्वरूप असमानता कम होने लगती है?",निजी निधियाँ बढ़ रही हैं या नहीं? निजी धन के साथ क्या होता है? निजी धन के साथ क्या होता है? निजी धन के साथ क्या होता है? निजी धन के साथ क्या होता है? निजी धन के साथ क्या होता है? निजी धन के साथ क्या होता है? निजी धन के साथ क्या होता
Malayalam,Hindi,വിലയിലുള്ള അമിതമായ ഉയർച്ചതാഴ്ചകളെ പിടിച്ചുനിർത്താനും പ്രതീക്ഷകളെ പരിമിതപ്പെടുത്താനും അത് വിപണിയിൽ ഇടപെടുന്നു.,यह बाज़ार में अत्यधिक अस्थिरता को कम करने और स्फीति को अत्यधिक बढ़ने से रोकने के लिए हस्तक्षेप करता है।,"वैल्यूयुक्त उच्च और निम्न को नियंत्रित करने और उम्मीदों को सीमित करने के लिए, यह बाजार में हस्तक्षेप करता है।"
Malayalam,Hindi,സാമ്പത്തിക പ്രവർത്തനം പ്രതിരോധശക്തിയോടെ തന്നെ തുടരുന്നു എന്നാണ് രണ്ടാം മാസത്രയത്തിൻ്റെ ഉയർന്ന ഫ്രീക്വൻസി ഡാറ്റ സൂചിപ്പിക്കുന്നത്.,दूसरी तिमाही के उच्च आवृत्ति आँकड़े दर्शाते हैं कि आर्थिक संचालन अब भी मजबूत है।,सामाजिक कार्य विरोधी शक्ति के साथ ही जारी है कि दूसरे मास के उच्च आवृत्ति डेटा सुझाव देता है।
Malayalam,Hindi,"സ്ഥൂലസാമ്പത്തികശാസ്ത്രത്തിൽ വിഷയം സാമ്പത്തികവിദഗ്‌ദ്ധർ അഗ്രിഗേറ്റ് വേരിയബിളുകൾ എന്ന് വിളിക്കുന്ന, സാധാരണ ഒരു രാഷ്ട്രവും എല്ലാ വിപണികളും എങ്ങനെ പ്രതിപ്രവർത്തിക്കുകയും വലിയ പ്രതിഭാസമുണ്ടാക്കുകയും ചെയ്യുന്നു എന്നതാണ്.","समष्टि अर्थशास्त्र में, विषय विशिष्ट रूप से एक राष्ट्र होता है और इसके बाज़ार किस प्रकार से उन व्यापक घटनाओं को उत्पन्न करने में एक-दूसरे को प्रभावित करते हैं जिसे अर्थशास्त्री समग्र चर कहते हैं।","अग्रीगरेटेड वेरिएबल मुद्रा के रूप में अर्थशास्त्र में विषय का वर्णन करता है, जो एक सामान्य राष्ट्र और सभी बाजारों को कैसे प्रतिक्रिया देता है और बड़े प्रभाव को पैदा करता है।"
Malayalam,Hindi,കുറഞ്ഞ സമയത്തിനുള്ളിൽ സാമ്പത്തിക ആസ്തികൾ എത്രത്തോളം വിപണനമൂല്യത്തിനടുത്തായി വിൽക്കാം എന്നതിനെയാണ് ലിക്വിഡിറ്റി സൂചിപ്പിക്കുന്നത്.,चल निधि का अर्थ है किस हद तक अल्पकाल में पूरे बाजार भाव से बहुत कम अंतर पर वित्तीय संपत्ति बेची जा सकती है।,"कम समय में आर्थिक संपत्तियाँ कितनी बिक्री मूल्य के करीब बेची जा सकती हैं
लिक्विडिटी यह इंगित करती है कि किसी आर्थिक संपत्ति को कितनी जल्दी बेचा जा सकता है।"
Malayalam,Hindi,"വിശാലാർത്ഥത്തിൽ, വരുമാന നിർണ്ണയനയം വസ്തുനിഷ്ഠവും ആത്മനിഷ്ഠമായ പരിഗണനകൾക്കുപകരം വീണ്ടെടുപ്പുരേഖകളെ അടിസ്ഥാനപ്പെടുത്തുന്നതുമായിരിക്കണം.","मोटे तौर पर, आय मान्यता की नीति व्यक्तिनिष्ठ कारणों पर आधारित होने के बजाय वस्तुनिष्ठ और वसूली के विवरण पर आधारित होनी चाहिए।","व्यापक रूप से, आय की निर्णय नीति वस्तुनिष्ठ होनी चाहिए और आत्मसात् करने के बजाय स्वीकृति की प्रतीक्षा करने के बजाय वापसी की रेखाओं को आधार बनानी चाहिए।"
Bengali,Hindi,"বাহ্য রূপ হল সেই পরিষেবা প্রদানকারী মানুষ সম্বন্ধীয় এক গুচ্ছ বৈশিষ্ট্য যেমন, তার জুতো, জামাকাপড়, টাই, গয়না, চুলের ধরন, রূপসজ্জা, ঘড়ি, প্রসাধনী, সুগন্ধি, ইত্যাদি।","सेवा संबंधी लोगों के लिए भेष कई गुणों का संयोजन है, जैसे कि उनके जूते, कपड़े, टाई, आभूषण, केश शैली, मेक-अप, घड़ी, कॉस्मेटिक, इत्र, आदि।","बाह्य रूप सेवा प्रदाता व्यक्ति के संबंध में एक समूह विशेषताओं को संदर्भित करता है जैसे कि उसका जूता, जींस, टाई, गाउन, बालों का रूप, सौंदर्य, घड़ी, प्रसाधन सामग्री, इत्र, आदि।"
Bengali,Hindi,মহারাষ্ট্রের ঔরঙ্গাবাদ জেলায় অবস্থিত অজন্তায় খ্রিষ্টপূর্ব প্রথম শতাব্দী থেকে খ্রিষ্টীয় পঞ্চম শতাব্দীর ভাস্কর্য এবং চিত্রকলায় সজ্জিত ঊনত্রিশটি চৈত্য এবং বিহার গুহা রয়েছে।,महाराष्ट्र के औरंगाबाद जिले में स्थित अजंता में उन्तीस चैत्य और विहार गुफाएँ हैं जो पहली शताब्दी ई.पू. से ले कर पाँचवीं शताब्दी ईस्वी तक की मूर्तियों तथा चित्रकारियों से सुसज्जित हैं।,महाराष्ट्र के औरंगाबाद जिले में अजंता में प्राचीन कार्यों और चित्रकला के साथ 19 चैत्य और विहार गुफाएँ हैं।
Bengali,Hindi,গায়ের রঙের সঙ্গে দেহরেখা মিশে গিয়ে ঘনত্বের আভাস তৈরি করে।,"विस्तार का असर बनाते हुए, शरीर का रंग बाहरी रेखा में घुल-मिल जाता है।",गहरे रंगों के साथ शरीर रेखा का मिश्रण करें और घनत्व का अहसास बनाएं।
Bengali,Hindi,"যেখানে পূর্ববর্তী ঐতিহ্য ছিল কাঠ ও মাটি দিয়ে নির্মাণ করা, অশোক সেখানে ভাস্কর্য এবং মহান স্মৃতিস্তম্ভ নির্মাণের কাজে ব্যাপকভাবে পাথরের ব্যবহার শুরু করেন।","अशोक ने व्यापक रूप से मूर्तियों और शानदार स्मारकों को बनाने के लिए पत्थर का प्रयोग करना शुरू किया, जबकि उससे पहले पारंपरिक रूप से लकड़ी और मिट्टी का प्रयोग किया जाता है।","जहाँ पूर्ववर्ती परंपरा लकड़ी और मिट्टी से बनाई गई थी, अशोक वहाँ पत्थर का उपयोग करके विशाल स्मारक और मूर्तियों का निर्माण करने के लिए एक व्यापक प्रयोग शुरू करता है।"
Bengali,Hindi,"আলুতে মশলা মাখিয়ে, ফেটানো বেসনে চুবিয়ে নিয়ে ডুবো তেলে ভাজা যতক্ষণ না ভালো করে ভাজা হচ্ছে, তৈরি করা হয় মহারাষ্ট্রের এই সুস্বাদু ও জনপ্রিয় খাবারের পদ।","महाराष्ट्र के इस स्वादिष्ट और प्रसिद्ध व्यंजन में आलुओं में मसाले को मिलाकर, बेसन के घोल की परत लगाकर, उसे अच्छी तरह से तल कर बनाया जाता है।","आलू में मसाला मिलाकर, फेटा बेसन में चमचे लगाकर, डूबे हुए तेल में भूने जाने तक जब तक अच्छी तरह से भूना न हो जाए, महाराष्ट्र के इस स्वादिष्ट और लोकप्रिय खाद्य पदार्थ को बनाया जाता है।"
Bengali,Hindi,"চেট্টিনাড় রন্ধনপ্রণালী হলো তামিলনাড়ু রাজ্যের চেট্টিনাড় অঞ্চলের নাট্টুকোটাই চেট্টিয়ার, অথবা তাদের নিজেদের দেওয়া নাম অনুযায়ী নগরত্তার নামক একটি সম্প্রদায়ের এক রন্ধনপ্রণালী।",चेट्टिनाड भोजन तमिल नाडु के चेट्टिनाड क्षेत्र के नाट्टूकोटाई चेट्टियार नामक समुदाय या खुद को नागारथार कहने वालों का भोजन है।,"चेट्टिनाड़ खाना
चेट्टिनाड़ खाना एक तमिलनाडु के चेट्टिनाड़ क्षेत्र की नट्टुकोटाई चेट्टियार, या उनके द्वारा दिए गए नाम के अनुसार नगरत्तार की एक खाना है।"
Bengali,Hindi,দারুচিনি ভারতে মূলভাবে উৎপাদিত এবং এর ব্যবহার গন্ধবিশিষ্ট দ্রব্য থেকে আরম্ভ করে ঔষধি দ্রব্য হিসেবে হয়।,दालचीनी मूल रूप से भारत की है और इस रूप में इसका प्रयोग स्वादिष्टकारक से लेकर औषधीय कारक के रूप में किया जाता है।,दारचीनी भारत में मूल रूप से उत्पादित और इसके उपयोग की शुरुआत गंधमय पदार्थों से होती है और औषधीय पदार्थों तक होती है।
Bengali,Hindi,এই সবগুলোকে একটা শুকনো জাঁতাকল বা শিলনোড়ায় গুঁড়ো করুন।,सूखे ग्राइंडर में या फिर पत्थर के मूसल में इसका चूर्ण बना लें।,ये सभी एक सूखे हैंडल या शिल्नोरा में दबाएँ।
Bengali,Hindi,"পঞ্জাবের একেকটি শহরের পছন্দ একেক রকমের, যেমন অমৃতসরের লোকেরা অমৃতসরী কুলচা, পুরভরা পরোটা এবং দুগ্ধজাত পণ্য বেশি পছন্দ করে।","पंजाब के हर शहर की अपनी पसंद है, जैसे कि अमृतसर के लोग विशेष रूप से अमृतसरी कुलचे, भरवां पराठें और दूध के उत्पाद पसंद करते हैं।","पंजाब के एक-एक शहर की पसंद अलग-अलग होती है, जैसे कि अमृतसर के लोग अमृतसरी कुलचा, पूर्वारा परांठे और दूध की वस्तुओं को ज्यादा पसंद करते हैं।"
Bengali,Hindi,রামকে এই ঋষির সঙ্গে পাঠান এবং লক্ষ্মণকেও পাঠান।,"राम को ऋषि के साथ भेज दो, और लक्ष्मण को भी भेज दो।",राम को इस ऋषि के साथ भेज दें और लक्ष्मण को भी भेज दें।
Bengali,Hindi,"কিন্তু মঙ্গল পাণ্ডের বীরত্বসূচক কাজ, উচ্চ ও মহৎ নীতির প্রতি নিষ্ঠার মাধ্যমে সম্পাদিত হয়েছিল।",परंतु मंगल पांडे ने यह साहसिक कारनामा एक ऊँचे और श्रेष्ठ सिद्धांत के प्रति समर्पण के लिए किया।,"लेकिन मंगल पांडे के वीरतापूर्ण कार्य, उच्च और महान नीतियों के प्रति निष्ठा से संपादित किया गया था।"
Bengali,Hindi,"পেঁয়াজগুলি স্বচ্ছ্ব হয়ে এলে, মাখিয়ে রাখা পাঁঠার মাংস হলুদ গুঁড়োর সঙ্গে দিয়ে দিন এবং সমস্ত মশলা মাংসে না ঢোকা পর্যন্ত ৫-৬ মিনিট মতো কিছু সময় ধরে কষতে থাকুন।",प्याज जब पारभासी हो जाए तो उसमें मसालों के मिश्रण में कुछ समय से रखे गए मांस और पिसी हल्दी डाल कर 5-6 मिनट तक हल्का-सा तलते रहें जब तक कि मांस सभी मसालों को सोख न ले।,"प्याज़ जब साफ़ हो जाएँ, तो उन्हें मख्खी में लपेटें और हड्डियों के साथ हल्दी पाउडर डालें और 5-6 मिनट के लिए मांस में डालें जितना हो सके"
Bengali,Hindi,"হিতোপদেশ হল পাখি, পশু ও মানুষের চরিত্রের মাধ্যমে বোঝানো পার্থিব জ্ঞানের একটি বই।","हितोपदेश एक पुस्तक है जिसमें सांसारिक ज्ञान पक्षियों, पशुओं, और मनुष्यों के चरित्रों के माध्यम से प्रस्तुत किया गया है।","हितोपदेश है प्रवासी पक्षियों, पशु और मानव चरित्रों के माध्यम से पार्थिव ज्ञान के एक पुस्तक।"
Bengali,Hindi,এই বইটির উদ্দেশ্য দাঁড়ালো গিয়ে সংস্কৃতে মতপ্রকাশের দক্ষতাকে এবং জ্ঞানগর্ভ আচার-আচরণের শিক্ষাকে উৎসাহিত করা।,ऐसा प्रतीत होता है कि पुस्तक का उद्देश्य संस्कृत अभिव्यक्ति में प्रवीणता और विवेकपूर्ण व्यवहार के ज्ञान को प्रोत्साहित करना है।,यह पुस्तक आपको स्थिर रहने और संस्कृत में विचारों को व्यक्त करने और ज्ञान से भरपूर आचरण को प्रोत्साहित करने के लिए एक लक्ष्य पर खड़ा कर देगी।
Bengali,Hindi,হাওড়া শহরের ইতিবৃত্ত (প্রথম ও দ্বিতীয় খণ্ড) শীর্ষক ১৯৯৪ ও ১৯৯৯৫-তে প্রকাশিত তাঁর জন্মশহর হাওড়ার সম্পূর্ণ ইতিহাস সংকলনে এক অগ্রণী ভূমিকা পালন করেন অধ্যাপক অসিতকুমার বন্দ্যোপাধ্যায়।,"प्रोफेसर असितकुमार बन्दोपाध्याय ने 1994 और 1995 में अपने गृह-नगर, हावड़ा के संपूर्ण इतिहास को हावड़ा शहरेर इतिवृत्त (पहला और दूसरा खंड) नाम से संकलित करने में महत्वपूर्ण भूमिका निभाई है।",हावड़ा शहर का इतिहास (प्रथम और द्वितीय खंड) शीर्षक 1994 और 1999 में प्रकाशित उसके जन्मस्थान हावड़ा के पूर्ण इतिहास संग्रह के लिए एक अग्रणी भूमिका निभाते हैं प्रोफेसर असितकुमार बंद्योपाध्याय।
Bengali,Hindi,"চৈত্যের দালানের সামনের অংশের বাইরের দিকটির বেশীরভাগ অংশ কাষ্ঠনির্মিত উন্মুক্ত সম্মুখভাগ সহ একটি অর্ধ-বৃত্তাকার চৈত্য খিলানের চিত্রকল্প দ্বারা অলংকৃত, এবং, কিছু কিছু ক্ষেত্রে, সেখানে দৃষ্টিগোচর কোনও চৈত্য খিলানের জানালা থাকে না।",चैत्य के सभागृह में सामने की ओर अर्ध-वृत्ताकार चैत्य चाप रूपांकित है जिसका सामने का हिस्सा खुला है जहां पर लकड़ी का भवनमुख है और किसी-किसी में मुख्य चैत्य चाप वाली खिड़की नहीं है।,"चैत्य द्वार के प्रवेश द्वार के बाहर के हिस्से को एक अर्धवृत्ताकार चैत्य खंडित द्वार की छवि से सजाया गया है, और कभी-कभी, वहाँ कोई चैत्य खंडित द्वार का खिड़की नहीं होती है।"
Bengali,Hindi,'মহারাজ' এবং 'খানসামা' (ভারতের বিশেষজ্ঞ পাচকদের প্রচলিত নাম)-দের বহু প্রজন্ম শতাব্দীর পর শতাব্দী ধরে রন্ধনপ্রণালীগুলি নিখুঁত করে তুলেছেন এবং হাজার বছরেরও বেশি সময় ধরে এই রন্ধনপ্রণালীগুলি মুখে মুখে প্রচলিত হয়ে এসেছে।,महाराजों और खानसामों (जैसा कि कुशल रसोइयों को परंपरागत रूप से भारत में कहा जाता है) की पीढ़ियों ने सदियों से इन पाक-विधियों को परिपूर्ण कर दिया है और अब ये पाक-विधियाँ सहस्रों वर्षों में मौखिक परमपरा के माध्यम से आगे बढ़ती आई हैं।,'महाराज' और 'खान सामा' (भारत के विशेषज्ञ रसोइयों के लिए आम नाम) की कई पीढ़ियों ने सदियों से रेसिपी को परिपूर्ण किया है और हजारों वर्षों से इस तरह की रेसिपी मौखिक रूप से प्रचलित हो रही हैं।
Bengali,Hindi,"ঐতিহ্যগতভাবে, এক বাস্তা ওয়াজা অথবা প্রধান পাচকের সঙ্গে সহকারী একদল ওয়াজা অথবা পাচকগণ রান্নাটি করেন।","पारंपरिक रूप से रसोइयों के दल की सहायता से तैयारी वास्ता वाज़ा, या प्रधान रसोइये द्वारा की जाती है।","इतिहासकारों के अनुसार, एक बास्टा वाज़ा या मुख्य पाक के साथ सहायक वाज़ा या पाककारों की एक टीम रेस्तरां का काम करती है।"
Bengali,Hindi,পাও ভাজি: সাধারণত মাখনে ভাজা সব্জির ঘন তরকারি (ভাজি) নরম পাঁউরুটির রোল (পাও)-এর মধ্যে ভরে পরিবেশিত মহারাষ্ট্রের একটি চটজলদি খাবার বিশেষ।,"पाव भाजी: यह महाराष्ट्र का एक फास्ट फूड व्यंजन है, जिसमें सब्जियों का गाढ़ा मिश्रण होता है जिसे सामान्यतया मक्खन में पकाया जाता है और एक नर्म ब्रेड रोल (पाव) के साथ परोसा जाता है।","पाव भजीः पाव के साथ भाजी का मोटा सूप जो आमतौर पर मक्खन में भूना हुआ सब्जी (भाजी) होता है और नरम पापड़ी (पाव)-के अंदर भरकर परोसा जाता है महाराष्ट्र का एक चटपटा खाना है।
    - <templatestyles src=""Reflist/styles.css"" />"
Bengali,Hindi,"লাল দেদ এবং হাব্বা খাতুনের কাশ্মীরি রচনাগুলি তাদের রহস্যময়তা এবং অভিব্যক্তির তীব্র যন্ত্রণার জন্য পরিচিত, রাজস্থানিতে মীরাবাঈয়ের রচনাগুলি অনন্য ভক্তিগুণের জন্য পরিচিত, তামিলে অণ্ডালের রহস্যময়তা এবং কন্নড়ে আক্কা মহাদেবীর বচনগুলি তৎকালীন সাহিত্যে নারীদের মহৎ অবদানের প্রমাণ।","हब्बा खातून और लल्ल-द्यद की कश्मीरी रचनाएं उनके आध्यात्मिक अंदाज़ और गहन भावनाओं की अभिव्यक्ति के लिए जानी जाती हैं, राजस्थान में मीराबाई की रचनाएं उनकी अद्वितीय भक्ति के लिए लोकप्रिय हैं, तमिल में आण्डाल का गूढ़ ज्ञान तथा कन्नड़ में अक्का महादेवी के वचन उस समय के साहित्य में महिलाओं के व्यापक योगदान के प्रमाण हैं।","लाल दीद और हब्बा खातून के कश्मीरी लेखनों की उनकी रहस्यमयता और अभिव्यक्ति की तीव्र दर्द के लिए जानी जाती है, राजस्थानी में मीराबाई के लेखनों को उनकी अनोखी भक्ति गुणों के लिए जाना जाता है, तमिल में अण्डल की रहस्यमयता और कन्नड़ में अक्का महादेव"
Bengali,Hindi,"বাঘ গুহা যেখানে বৌদ্ধ দেওয়ালচিত্র রয়েছে, তা মধ্য প্রদেশের ধর জেলা থেকে ৯৭ কিলোমিটার দূরে অবস্থিত।","बाघ गुफाएं, जिनमें बौद्ध भित्ति चित्र बने हुए हैं, मध्य प्रदेश के धार ज़िले से 97 कि.मी. की दूरी पर स्थित हैं।","बाघ गुफाओं में बौद्ध चित्र हैं, जो मध्य प्रदेश के धार जिले से 97 किलोमीटर दूर हैं।"
Bengali,Hindi,"সংস্কৃতে মূল শব্দটির সাধারণ অর্থ হলো কোনও গাছ অথবা বৃক্ষের শিকড়, কিন্তু আলঙ্কারিক অর্থে, কোনও কিছুর পা অথবা নিম্নতম অংশ অথবা তলদেশ।","संस्कृत साहित्य में मूल शब्द का सामान्य अर्थ है किसी पौधे या वृक्ष की जड़, किंतु लाक्षणिक रूप में, यह किसी भी वस्तु का निचला हिस्सा या तल हो सकता है।","संस्कृत में मूल शब्द का सामान्य अर्थ है कोई पेड़ या वृक्ष का रूट, लेकिन अलंकारिक अर्थ में, किसी चीज का पैर या निचला हिस्सा या तल."
Bengali,Hindi,সিন্ধু সভ্যতা বিভিন্ন ক্ষেত্রে সেখানকার প্রযুক্তিগত জ্ঞানের জন্য পরিচিত।,सिंधु घाटी सभ्यता विभिन्न क्षेत्रों में अपने तकनीकी ज्ञान के लिए जानी जाती है।,सिन्धु सभ्यता के लिए विभिन्न क्षेत्रों में उनकी तकनीकी जानकारी के लिए जाना जाता है।
Bengali,Hindi,কৌরবদের সবাই মারা যান; শুধুমাত্র পাণ্ডব ভাইয়েরা এবং কৃষ্ণ বেঁচে ছিলেন।,सभी कौरव मर जाते हैं; केवल पाँच पांडव भाई और कृष्ण जीवित बचते हैं।,"कौरव सभी मर जाते हैं; केवल पांडव भाई और कृष्ण जीवित रहे।
    - ### Hindi input text: कौरव सभी मर जाते हैं; केवल पांडव भाई और कृष्ण जीवित रहे।"
Bengali,Hindi,যুদ্ধের প্রাবল্য আঠারো দিন ধরে চলে এবং কৌরবদের পরাজয়ের সঙ্গে তা শেষ হয়।,युद्ध अठारह दिनों तक चलता रहता है और कौरवों की पराजय के साथ समाप्त होता है।,युद्ध का प्रवाह 18 दिनों तक चलता है और कौरवों की हार के साथ खत्म हो जाता है।
Bengali,Hindi,মহাভারতের কেন্দ্রীয় কাহিনী হলো হস্তিনাপুর নামক আধুনিক দিল্লির ঠিক উত্তরে অবস্থিত ভরত নামের এক উপজাতির পুরুষানুক্রমিক রাজত্বের সিংহাসন দখলসংক্রান্ত সংঘর্ষের কাহিনী।,"महाभारत की केंद्रीय कथा हस्तिनापुर के सिंहासन पर उत्तराधिकार के लिए संघर्ष की कहानी है, एक ऐसा राज्य जो आधुनिक दिल्ली के ठीक उत्तर में है और जो भरत नाम से जानी जाने वाली एक जनजाति का पैतृक क्षेत्र है।","मध्यकालीन कथा हस्तिनापुर, जिसे आधुनिक दिल्ली के ठीक उत्तर में स्थित भारत नामक एक उपजाति के पुरुषानुक्रमिक राज्य के सिंहासन पर कब्जे के संघर्ष की कहानी है।"
Bengali,Hindi,কর্ণাটকে আমিষাশীর তুলনায় নিরামিষাশীদের সংখ্যা বেশি হওয়ায় প্রধানত নিরামিষ খাদ্যই তাদের রান্নায় অন্তর্ভুক্ত থাকে।,कर्नाटक में शाकाहारी लोगों की संख्या मांसाहारी लोगों से अधिक है; इसलिए उनके भोजन में मुख्य रूप से शाकाहारी व्यंजन होते हैं।,"कर्नाटक में मांसाहारी लोगों की तुलना में अधिक नॉनवेज लोग होने के कारण, अधिकांश रेसिपी में नॉनवेज भोजन शामिल होता है।"
Bengali,Hindi,"তাঁকে সঞ্জয় উত্তর দেন, যিনি যুদ্ধক্ষেত্রে কী চলছে তার বর্ণনা করছিলেন।","उन्हें संजय से, जो उन्हें बता रहा है कि युद्ध के मैदान में क्या हो रहा है, उत्तर मिलता है।","उन्हें संजय उत्तर देते हैं, जो युद्धक्षेत्र में क्या चल रहा है उसे बता रहे हैं।"
Bengali,Hindi,যে দুটি মহাকাব্য তামিল ভাষায় পাওয়া যায় সেগুলি হল শীলপ্পদিকরম ও মণিমেখলাই।,तमिल में मिलने वाले दो महाकाव्य सिलप्पदिकारम् और मणिमेकलै हैं।,जो दो महाकाव्य तमिल भाषा में पाए जाते हैं वे हैं शीलप्पाडिकारम और मणिमेखलई।
Bengali,Hindi,এই অঞ্চলে লঙ্কা গুঁড়ো সাবধানভাবে ব্যবহার করা হয়।,इस क्षेत्र में मिर्च के पाउडर का उपयोग सावधानी से किया जाता है।,इस क्षेत्र में लंका काला सावधानी से उपयोग करें।
Bengali,Hindi,যোগ শব্দটি যুক্ত অথবা সন্ধি অথবা এক হওয়া অর্থসম্পন্ন সংস্কৃত ধাতু যুজ থেকে উদ্ভূত।,"योग शब्द संस्कृत की युज् धातु से निकला है, जिसका अर्थ है जोड़ना या जोतना या सम्मिलित करना।",योग शब्द एक संस्कृत धातु युज से उत्पन्न होता है जिसका अर्थ है संलग्न या संयुक्त या एक होना.
Bengali,Hindi,পুরীর মন্দিরের দেওয়ালে খোদাই করা বিভন্ন নকশার অন্তহীন ভাস্কর্য থেকে বর্তমান ওড়িশির আবির্ভাব ঘটেছে।,आज का ओड़िसी उड़ीसा के मंदिरों की दीवारों पर विभिन्न रूपांकनों में उत्कीर्ण अनगिनत प्रतिमाओं से विकसित हुआ है।,पुरी मंदिर की दीवारों पर नक़्शे की एक अनंत स्कुल्प्चर से वर्तमान ओडिशा का उद्भव हुआ है।
Bengali,Hindi,"বশিষ্ঠ এবার রাজার দিকে ফিরলেন এবং বিনীতভাবে বললেন: ""রাজা,আপনি একবার প্রতিশ্রুতি দিয়ে অস্বীকার করলে তা আপনার ক্ষেত্রে খারাপ হবে।","वशिष्ठ अब राजा की ओर घूमे और धीरे से बोले: ""राजा , आपको शोभा नहीं देता कि आपने जिस चीज़ का एक बार वचन दिया था उससे आप मुकर जाएं।","वशिष्ठ ने फिर राजा की ओर मुड़ी और हाथ जोड़कर बोले- ""राजा, आपकी एक बार की प्रतिज्ञा को अस्वीकार करने से आपके लिए बुरा होगा।"
Bengali,Hindi,অর্জুনের হতাশার মাত্রা উপলব্ধি করার পরেই কৃষ্ণ তাঁর আচরণ পরিবর্তন করে পৃথিবীতে ধার্মিক কর্তব্যের রহস্য সম্পর্কে তাঁকে শিক্ষাদান শুরু করেন।,"केवल तब जब उनको अर्जुन की हताशा की हद समझ में आई, कृष्ण ने अपना रवैया बदला और दुनिया में धार्मिक संघर्षों के रहस्य को सिखाना शुरू किया।",अर्जुन की निराशा की तीव्रता को समझने के बाद ही कृष्ण ने अर्जुन के व्यवहार को बदला और धर्म के कर्तव्य के रहस्य के बारे में उसे शिक्षा देना शुरू किया।
Bengali,Hindi,"পাত্রের মধ্যে চালের গুঁড়ো যোগ করার সময়, তার মাঝে, অল্প পরিমাণ কোরা নারকেলও যোগ করতে পারেন।","जैसे-जैसे आप पात्र में चावल का आटा डाल रहे हों, बीच-बीच में आप कम मात्रा में घिसा हुआ नारियल भी डालें।","पानी में जीरा डालने के समय, उसमें, थोड़ी मात्रा में कोरा नारियल भी जोड़ सकते हैं।"
Bengali,Hindi,"এই বেলনাকার পাত্রে আপনি এক চামচ নারকেল কোড়া দেওয়া দিয়ে শুরু করতে পারেন, তারপরে ভালো করে মেশানো চালের গুঁড়ো দিয়ে দিন।","आप बेलनाकार पात्र में एक चम्मच-भर कद्दूकस किया हुआ नारियल मिला कर शुरू कर सकते हैं, जिसके बाद अच्छी तरह मिश्रित चावल का आटा उसमें मिला दें।","इस बर्तन में आप एक चम्मच कोकोनट शेल देकर शुरू कर सकते हैं, फिर अच्छी तरह से मिलाएं और दिन भर में चावल की गूंध के साथ डालें।"
Bengali,Hindi,১৮৩৫ খ্রীষ্টাব্দ নাগাদ মহারাজ রঞ্জিত সিংহের দানের ফলে নান্দেড়-এ একটি অপূর্ব সুন্দর গুরুদ্বার নির্মিত হয় যেটি সূক্ষ্ম খোদাইয়ের কাজ সহ একটি মনোরম স্বর্ণ গম্বুজ সম্বলিত।,महाराजा रणजीत सिंह के दान के कारण 1835 ई. के आस-पास नांदेड में एक सुंदर और असाधारण गुरुद्वारे का निर्माण हुआ जिसमें जटिल नक्काशी वाला एक भव्य स्वर्ण गुंबद है।,"1.83 के दौरान महाराज रणजीत सिंह की दान के कारण, नन्देर में एक अनूठी सुंदर गुरुद्वारा बनाया गया था जिसमें सूक्ष्म नक्काशी के साथ एक मनोरम स्वर्ण गुम्बद शामिल है।"
Bengali,Hindi,সামবেদ হলো স্বরসমূহের প্রস্তাবিত ছন্দ অথবা ছন্দোবদ্ধ তাল বজায় রাখার সঙ্গে মানানসই এসব রুচের সংকলন।,सामवेद इन चुनी हुई ऋचाओं का एक संग्रह है जिन्हें प्रस्तावित छंद या लयबद्ध ताल पर निर्धारित करते हुए स्वरों में व्यवस्थित किया गया है।,साम्बेड है एक प्रस्तावित स्वर-समूह की छंद या छंदित ताल को बनाए रखने के साथ मेल खाने वाली सभी रूपों का एक संग्रह।
Bengali,Hindi,"রাজধানী কোশলের ব্যাপারে বাল্মীকির বিবরণ থেকে একথা পরিষ্কার যে, প্রাচীন অযোধ্যা আমাদের আজকের আধুনিক শহরের থেকে কোনও অংশে কম ছিল না।",वाल्मीकि द्वारा किए गए राजधानी कोशल के वर्णन से यह सुस्पष्ट है किअयोध्या की प्राचीन राजधानी हमारे आधुनिक शहरों से किसी भी तरह से कम नहीं थी।,राजधानी कोशल के बारे में बाल्मीकि की विवरण से यह स्पष्ट है कि प्राचीन अयोध्या हमारे आधुनिक शहर से कोई भी भाग से कम नहीं थी।
Bengali,Hindi,"একবার 'আমি করব' বলে ফেললে, সেটা করা ছাড়া তোমার কাছে আর বিকল্প নেই।","एक बार ऐसा कह देने पर कि 'मैं यह करूँगा', तुम्हारे पास इसे करने के अलावा कोई विकल्प नहीं रह जाता है।","एक बार ""मैं करूंगा"" बोल दिया तो आपके पास और कोई विकल्प नहीं है।"
Bengali,Hindi,"বর্তমানে, টাকার বিনিময় হার এবং আমাদের বিদেশী মুদ্রা বিনিময় আমানতের পর্যাপ্ততার বিষয়ে বিভিন্ন মতামত রয়েছে।","हाल के वर्षों में, रुपये की विनिमय दर तथा विदेशी मुद्रा आरक्षित भंडार की पर्याप्तता पर भिन्न-भिन्न दृष्टिकोण सामने आए हैं।","वर्तमान में, ताका की विनिमय दर और हमारी विदेशी मुद्रा विनिमय जमा की पर्याप्तता के बारे में विभिन्न राय हैं।"
Bengali,Hindi,"কোনও ক্রেডিট কার্ড অ্যাকাউণ্ট একমাত্র তিনদিনের থেকে বেশি সময় ধরে পরিশোধাতীত থাকলে, সেটিকে পরিশোধাতীত হিসাবে ব্যাঙ্ক আমানত তথ্য সংস্থাগুলিকে (সিআইসি) জানাবে অথবা জরিমানা জারি করবে যেমন পরিশোধে দেরির জরিমানা ইত্যাদি।","जब कोई क्रेडिट कार्ड खाता तीन दिन से अधिक पिछला बकाया दिखाता है, केवल तभी बैंक साख सूचना कंपनियों (सी.आई.सी.) को सूचित कर सकते हैं कि इसका पिछला बकाया है या देर से भुगतान शुल्क इत्यादि जैसा जुर्माना लगा सकते हैं।","किसी भी क्रेडिट कार्ड खाते को तीन दिनों से अधिक समय तक बकाया रहने पर, बैंक डिपोजिट इन्फोर्मेशन सिस्टमों (सीआईएस) को बकाया के रूप में सूचित करेगा या जुर्माना लगाएगा, जैसे कि भुगतान के लिए देरी के जुर्माना इत्यादि।"
Bengali,Hindi,আর্থিক অবস্থার উন্নতিকল্পে দেশগুলি প্রত্যক্ষ অন্তর্মুখী বিনিয়োগের জন্য উৎসাহিত করতে পারে।,देश अपनी आर्थिक स्थिति में सुधार करने हेतु विदेशों से प्रत्यक्ष निवेश को बढ़ावा दे सकते हैं।,आर्थिक स्थिति में सुधार के लिए देशों को सीधे प्रत्यक्ष रूप से निवेश के लिए प्रोत्साहित किया जा सकता है।
Bengali,Hindi,"যাইহোক, প্যাকেজটির দ্রুত বাস্তবায়নের পুরস্কার স্বরূপ, ব্যাঙ্ক আবেদনপত্রটি গ্রহণ করার ৯০ দিনের মধ্যে অনুমোদিত প্যাকেজটি বাস্তবায়িত হলে, পুনর্গঠনের আবেদনটি ব্যাঙ্ক গ্রহণ করার সময়কার অবস্থায় সম্পদের শ্রেণীবিভাগের অবস্থানটি ফিরিয়ে আনা যেতে পারে।","तथापि, पैकेज के त्वरित कार्यान्वयन के लिए प्रोत्साहन के रूप में,अगर अनुमोदित पैकेज बैंक द्वारा आवेदन प्राप्त करने के 90 दिनों के भीतर कार्यान्वित किया जाता है तो आस्ति वर्गीकरण की स्थिति बैंक द्वारा पुनर्रचना का आवेदन प्राप्त करने के समय वाले स्तर पर पुनः स्थापित की जा सकती है।","हालाँकि, पैकेज की त्वरित रूप से लागू करने के लिए पुरस्कार के रूप में, बैंक आवेदन को स्वीकार करने के लिए 90 दिनों के भीतर अनुमोदित पैकेज की लागू करने के बाद, पुनर्गठन के लिए आवेदन को बैंक द्वारा स्वीकार करने के समय के हालात में संपत्ति की श्रेणी"
Bengali,Hindi,"ব্যক্তিগত মূলধন আহরণের ক্ষমতা কি অবধারিতভাবে মুষ্টিমেয় মানুষের হাতে সম্পদ কেন্দ্রীভূত করে, নাকি বৃদ্ধি, প্রতিযোগিতা এবং প্রযুক্তিগত প্রগতির ভারসাম্য রক্ষাকারী শক্তিগুলি বৈষম্য কমায়?","क्या निजी पूँजी संचय की गतिशीलता अनिवार्य रूप से धन के संकेन्द्रण को कुछ ही लोगों तक सीमित कर देती है, या विकास, प्रतियोगिता, तथा तकनीकी प्रगति की प्रतिकारी शक्तियों के परिणामस्वरूप असमानता कम होने लगती है?","प्राइवेट वेल्थ एक्सट्रेक्शन की क्षमता क्या निर्धारित रूप से समृद्ध लोगों के हाथों में संपत्ति केंद्रित करती है, या वृद्धि, प्रतिस्पर्धा और तकनीकी उन्नति के प्रभारी शक्तियों को विषमता कम करती है?"
Bengali,Hindi,অত্যধিক অস্থিতিশীলতায় রাশ টানতে এবং আশা টিকিয়ে রাখতে এটি বাজারে হস্তক্ষেপ করে।,यह बाज़ार में अत्यधिक अस्थिरता को कम करने और स्फीति को अत्यधिक बढ़ने से रोकने के लिए हस्तक्षेप करता है।,अत्यधिक अस्थिरता को रोकने और आशा को बनाए रखने के लिए बाजार में हस्तक्षेप करता है।
Bengali,Hindi,দ্বিতীয় ত্রৈমাসিকে উচ্চ-ব্যবহারিক তথ্য স্থিতিশীল অর্থনৈতিক কার্যকলাপ নির্দেশ করে।,दूसरी तिमाही के उच्च आवृत्ति आँकड़े दर्शाते हैं कि आर्थिक संचालन अब भी मजबूत है।,दूसरा त्रैमासिक उच्च-उपयोगी स्थिर आर्थिक कार्य निर्दिष्ट करता है।
Bengali,Hindi,"সমষ্টিগত অর্থনীতির মূল বিষয়টি হল সাধারণত একটি দেশ এবং সব বাজারগুলি কিভাবে পরস্পর সংযোগ ঘটিয়ে বড় প্রপঞ্চ সৃষ্টি করে, অর্থনীতিবিদরা যাকে মোট চলরাশি বলে থাকেন।","समष्टि अर्थशास्त्र में, विषय विशिष्ट रूप से एक राष्ट्र होता है और इसके बाज़ार किस प्रकार से उन व्यापक घटनाओं को उत्पन्न करने में एक-दूसरे को प्रभावित करते हैं जिसे अर्थशास्त्री समग्र चर कहते हैं।","समष्टि अर्थशास्त्र की मूल बात यह है कि एक देश और सभी बाजार कैसे एक-दूसरे से जुड़े हुए हैं और एक बड़ा संसार बनाते हैं, जिसे अर्थशास्त्रियों ने कुल मार्केटिंग कहा है।"
Bengali,Hindi,সংক্ষিপ্ত সময়ের মধ্যে সম্পূর্ণ বাজারদরের কাছাকাছি মূল্যে আর্থিক সম্পদ বিক্রি করার সীমাটি লিক্যুইডিটির মাধ্যমে নির্দেশ করা হয়।,चल निधि का अर्थ है किस हद तक अल्पकाल में पूरे बाजार भाव से बहुत कम अंतर पर वित्तीय संपत्ति बेची जा सकती है।,क्षेत्र के भीतर वित्तीय संपदा की बिक्री करने के लिए बाजार मूल्य के करीब शीघ्र कार्य के दौरान।
Bengali,Hindi,"বিস্তৃতরূপে, রোজগার স্বীকৃতির নীতিটি কোনওরকম স্বার্থভিত্তিক বিচারের পরিবর্তে নৈর্ব্যক্তিক এবং পুনরুদ্ধারের নথি-ভিত্তিক হওয়া উচিত।","मोटे तौर पर, आय मान्यता की नीति व्यक्तिनिष्ठ कारणों पर आधारित होने के बजाय वस्तुनिष्ठ और वसूली के विवरण पर आधारित होनी चाहिए।","बिस्तृतरूप से, रोजगार प्रमाणन की नीति किसी भी तरह के स्वार्थवादी न्याय के बजाय निरपेक्ष और पुनर्स्थापना के लिए दस्तावेज-आधारित होनी चाहिए।"
Gujarati,Hindi,"દેખાવ એ સેવા કર્મીના લક્ષણોનો સમૂહ છે, જેમ કે તેમના બૂટ, કપડાં, ટાઈ, આભૂષણો, કેશકલાપ. શણગાર, ઘડિયાળ, શૃંગાર દ્રવ્યો, અત્તર, વગેરે.","सेवा संबंधी लोगों के लिए भेष कई गुणों का संयोजन है, जैसे कि उनके जूते, कपड़े, टाई, आभूषण, केश शैली, मेक-अप, घड़ी, कॉस्मेटिक, इत्र, आदि।","दिखावा सेवा कर्मियों के गुणों का एक समूह है, जैसे कि उनके बूट, कपड़े, टाई, आभूषण, केश कला, श्रृंगार, श्रृंगार का पदार्थ, घड़ी, इत्यादि।"
Gujarati,Hindi,"મહારાષ્ટ્રના ઔરંગાબાદ જીલ્લામાં સ્થિત અજંતામાં ઓગણત્રીસ કૈત્ય અને વિહાર ગુફાઓ છે, જે ઈ.સ.પૂ. પ્રથમ સદીથી ઈ.સ. પાંચમી સદી સુધીના શિલ્પો અને ચિત્રોથી સુશોભિત છે.",महाराष्ट्र के औरंगाबाद जिले में स्थित अजंता में उन्तीस चैत्य और विहार गुफाएँ हैं जो पहली शताब्दी ई.पू. से ले कर पाँचवीं शताब्दी ईस्वी तक की मूर्तियों तथा चित्रकारियों से सुसज्जित हैं।,"महाराष्ट्र के ऑरंगाबाद जिले में स्थित अजंता में बीस चैत्य और विहार गुफाएँ हैं, जो ईसा पूर्व प्रथम शताब्दी से ईसा की पांचवीं शताब्दी तक के कलाकृतियों और चित्रों से सुशोभित हैं।"
Gujarati,Hindi,શરીરનો રંગ બાહ્ય રેખા સાથે ભળીને ઘનતાની અસર સર્જે છે.,"विस्तार का असर बनाते हुए, शरीर का रंग बाहरी रेखा में घुल-मिल जाता है।",शरीर का रंग बाह्य रेखा के साथ मिलकर घनत्व की प्रभाव डालता है।
Gujarati,Hindi,"અશોકે શિલ્પો અને વિરાટ સ્મારકો બનાવવા માટે પથ્થરોનો વિસ્તૃત ઉપયોગ શરુ કર્યો, જયારે અગાઉની પરંપરા લાકડા અને માટીના કામ સાથે બનેલી હતી.","अशोक ने व्यापक रूप से मूर्तियों और शानदार स्मारकों को बनाने के लिए पत्थर का प्रयोग करना शुरू किया, जबकि उससे पहले पारंपरिक रूप से लकड़ी और मिट्टी का प्रयोग किया जाता है।","अशोक ने स्मारकों और विराट स्मारकों के निर्माण के लिए पत्थर का विस्तार से उपयोग करना शुरू किया, जबकि पिछली परंपरा लकड़ी और मिट्टी के काम के साथ बनाई गई थी।"
Gujarati,Hindi,બેસનમાં રગદોળાયેલા અને શ્રેષ્ઠ રીતે તળાયેલા મસાલા મિશ્રિત બટેટા મહારાષ્ટ્રની સ્વાદિષ્ટ અને પ્રખ્યાત વાનગી બને છે.,"महाराष्ट्र के इस स्वादिष्ट और प्रसिद्ध व्यंजन में आलुओं में मसाले को मिलाकर, बेसन के घोल की परत लगाकर, उसे अच्छी तरह से तल कर बनाया जाता है।",बेसन में रगड़े गए और श्रेष्ठ रूप से तला हुआ मसाला मिश्रित आलू महाराष्ट्र की स्वादिष्ट और प्रसिद्ध व्यंजन होती हैं।
Gujarati,Hindi,"ચેત્તીનાદ વાનગી એ તમિલનાડુ રાજ્યના ચેત્તીનાદ પ્રદેશના નત્તુકોતાઈ ચેત્તીઆર તરીકે જાણીતા સમાજની વાનગી છે અથવા નાગરથર, જે તેઓ પોતાને કહે છે.",चेट्टिनाड भोजन तमिल नाडु के चेट्टिनाड क्षेत्र के नाट्टूकोटाई चेट्टियार नामक समुदाय या खुद को नागारथार कहने वालों का भोजन है।,"चेत्तीनाड व्यंजन चेत्तीनाड क्षेत्र के नत्तुकोटाई चेत्तीनाड के रूप में जाने वाले समुदाय का एक व्यंजन है या नागरथर, जो वे खुद को कहते हैं।
    - <templatestyles src=""Reflist/styles.css"" />"
Gujarati,Hindi,તજ મૂળ ભારતનું છે અને એ રીતે તેના ઉપયોગ સુગંધ દૂતથી લઈને ઔષધ દૂત તરીકે વિસ્તરે છે.,दालचीनी मूल रूप से भारत की है और इस रूप में इसका प्रयोग स्वादिष्टकारक से लेकर औषधीय कारक के रूप में किया जाता है।,तज मूल भारतीय है और इस तरह इसका उपयोग सुगंधित दूत के रूप में स्वीकार किया जाता है और फिर औषधीय दूत के रूप में विस्तारित होता है।
Gujarati,Hindi,સૂકી ચક્કી અથવા પથ્થરની ખરલથી આનો ભૂકો બનાવો.,सूखे ग्राइंडर में या फिर पत्थर के मूसल में इसका चूर्ण बना लें।,सूखे मक्खियाँ या पत्थर की खुरदरी से बने हुए मक्खियाँ
Gujarati,Hindi,"પંજાબના દરેક શહેરની અલગ અલગ પસંદ છે, જેમ કે અમૃતસરના લોકો અમૃતસરી કુલ્ચે, ભરેલા પરોઠા અને દૂધની બનાવટોના શોખીન છે.","पंजाब के हर शहर की अपनी पसंद है, जैसे कि अमृतसर के लोग विशेष रूप से अमृतसरी कुलचे, भरवां पराठें और दूध के उत्पाद पसंद करते हैं।","पंजाब के हर शहर के लिए अलग-अलग पसंद है, जैसे कि अमृतसर के लोगों को अमृतसरी संस्कृति, भरे हुए पूरे और दूध की सामग्री का शौक है।"
Gujarati,Hindi,રામને ઋષિ સાથે મોકલો અને લક્ષ્મણને પણ મોકલો.,"राम को ऋषि के साथ भेज दो, और लक्ष्मण को भी भेज दो।","राम ने ऋषि से भेजा और लक्ष्मण को भी
References.
None."
Gujarati,Hindi,પરંતુ મંગલ પાંડેનું પરાક્રમી કાર્ય એક ઉચ્ચ અને ઉમદા મૂલ્ય પ્રત્યેની ભક્તિ દ્વારા થયું હતું.,परंतु मंगल पांडे ने यह साहसिक कारनामा एक ऊँचे और श्रेष्ठ सिद्धांत के प्रति समर्पण के लिए किया।,परंतु मंगल पांडे का पराक्रमी कार्य एक उच्च और उत्साही मूल्य के लिए एक प्रेम था।
Gujarati,Hindi,"એકવાર કાંદા અર્ધપારદર્શક થઇ જાય પછી, આથેલા માંસમાં હળદરનો ભૂકો ઉમેરો અને લગભગ ૫-૬ મિનીટ સુધી માંસમાં બધાં મસાલા શોષાઈ જાય ત્યાં સુધી થોડો સમય સાંતળો.",प्याज जब पारभासी हो जाए तो उसमें मसालों के मिश्रण में कुछ समय से रखे गए मांस और पिसी हल्दी डाल कर 5-6 मिनट तक हल्का-सा तलते रहें जब तक कि मांस सभी मसालों को सोख न ले।,"एक बार कांडा अर्ध-पारदर्शी हो जाता है, फिर एथलेटिक मांस में हल्दी का स्वाद डालें और लगभग 5-6 मिनट तक मांस में सभी मसाले अवशोषित हो जाते हैं जब तक कि थोड़ा समय सांत्वना न करें।"
Gujarati,Hindi,"હિતોપદેશએ પક્ષીઓ, પ્રાણીઓ અને મનુષ્યોના પાત્રો દ્વારા રજૂ થયેલા દુન્વયી ડહાપણનો ગ્રંથ છે.","हितोपदेश एक पुस्तक है जिसमें सांसारिक ज्ञान पक्षियों, पशुओं, और मनुष्यों के चरित्रों के माध्यम से प्रस्तुत किया गया है।","हितोपदेश पक्षियों, पशुओं और मनुष्यों द्वारा प्रस्तुत एक द्विव्यापी डहापण का ग्रंथ है।"
Gujarati,Hindi,આ ગ્રંથનો હેતુ સંસ્કૃત અભિવ્યક્તિમાં કુશળતાને પ્રોત્સાહિત કરવાનો અને વિવેકી વ્યવહારનું જ્ઞાન આપવાનો જણાય છે.,ऐसा प्रतीत होता है कि पुस्तक का उद्देश्य संस्कृत अभिव्यक्ति में प्रवीणता और विवेकपूर्ण व्यवहार के ज्ञान को प्रोत्साहित करना है।,इस पुस्तक का उद्देश्य संस्कृत अभिव्यक्ति में कुशलता को प्रोत्साहित करना और विवेकी व्यवहार के बारे में ज्ञान प्रदान करना है।
Gujarati,Hindi,"પ્રોફેસર અસિતકુમાર બંદોપાધ્યાયએ ૧૯૯૪ અને ૧૯૯૫માં પોતાના વતન શહેર હાવરાના સંપૂર્ણ ઈતિહાસનું સંપાદન કરવામાં પાયારૂપ ભૂમિકા ભજવી, જેને હાવરા શહરેર ઈતીબ્રીતો (પ્રથમ અને દ્વિતીય ભાગ) શીર્ષક અપાયું.","प्रोफेसर असितकुमार बन्दोपाध्याय ने 1994 और 1995 में अपने गृह-नगर, हावड़ा के संपूर्ण इतिहास को हावड़ा शहरेर इतिवृत्त (पहला और दूसरा खंड) नाम से संकलित करने में महत्वपूर्ण भूमिका निभाई है।","प्रोफेसर असित कुमार बांडोपाध्याय ने 1994 और 1995 में अपने घर के शहर हवरा के पूरे इतिहास का संपादन किया, जिसमें हवरा शहर के इतिहास के इतिहास (प्रथम और द्वितीय भाग) शीर्षक थे।"
Gujarati,Hindi,યજ્ઞશાળાના દીવાનખંડનો અગ્રભાગ સાથેના અર્ધગોળાકાર ધનુષ જેવો લાકડાનો રવેશ હતો અને કેટલાંક કિસ્સાઓમાં કોઈ પ્રમુખ યજ્ઞશાળાની ધનુષાકાર બારી નથી.,चैत्य के सभागृह में सामने की ओर अर्ध-वृत्ताकार चैत्य चाप रूपांकित है जिसका सामने का हिस्सा खुला है जहां पर लकड़ी का भवनमुख है और किसी-किसी में मुख्य चैत्य चाप वाली खिड़की नहीं है।,यज्ञशाला के प्रवेश द्वार के साथ अर्धवृत्ताकार धनुष के समान लकड़ी का रबड़ होता था और कुछ मामलों में कोई प्रमुख यज्ञशाला की धनुषाकार बारी नहीं होती।
Gujarati,Hindi,'મહારાજ' અને 'ખાનસામાસ' (ભારતમાં નિષ્ણાંત રસોઈયાને પરંપરાગત રીતે જેમ બોલાવવામાં આવે છે) ની પેઢીઓએ સદીઓથી આ વાનગીઓને શ્રેષ્ઠ બનાવી છે અને આ વાનગીઓની મૌખિક પરંપરા હજારો વર્ષો સુધી પસાર થઇ છે.,महाराजों और खानसामों (जैसा कि कुशल रसोइयों को परंपरागत रूप से भारत में कहा जाता है) की पीढ़ियों ने सदियों से इन पाक-विधियों को परिपूर्ण कर दिया है और अब ये पाक-विधियाँ सहस्रों वर्षों में मौखिक परमपरा के माध्यम से आगे बढ़ती आई हैं।,'महाराज' और 'खान-सामास' (भारत में निष्णात रसोईया को पारंपरिक रूप से कैसे बुलाया जाता है) की पीढ़ियों ने सदियों से इन व्यंजनों को श्रेष्ठ बनाया है और इन व्यंजनों की मौखिक परंपरा हजारों वर्षों से जारी है।
Gujarati,Hindi,"પરંપરાગત રીતે આ તૈયારી વાસ્તા વાઝા, અથવા પ્રમુખ રસોઈયા દ્વારા, રસોઈયાની ટુકડીની સહાયથી કરવામાં આવે છે.","पारंपरिक रूप से रसोइयों के दल की सहायता से तैयारी वास्ता वाज़ा, या प्रधान रसोइये द्वारा की जाती है।","परंपरागत रूप से यह तैयारी वास्तव में वास्ता वाज़ा, या प्रमुख रसोईकर्ता द्वारा, रसोईकर्ता की टीम के साथ की जाती है।"
Gujarati,Hindi,"પાઉં ભાજી: તે મહારાષ્ટ્રની એક ખાદ્ય વાનગી છે, જે સામાન્ય રીતે માખણમાં બનેલી ઘટ્ટ શાકભાજીની કઢી (ભાજી) ધરાવે છે અને નરમ બ્રેડ રોલ (પાઉં) સાથે પીરસવામાં આવે છે.","पाव भाजी: यह महाराष्ट्र का एक फास्ट फूड व्यंजन है, जिसमें सब्जियों का गाढ़ा मिश्रण होता है जिसे सामान्यतया मक्खन में पकाया जाता है और एक नर्म ब्रेड रोल (पाव) के साथ परोसा जाता है।","पाउंड भाजीः यह महाराष्ट्र की एक व्यंजन वानगी है, जिसमें सामान्य रूप से मक्खन में बनी घट्ट शाकभाजी की भाजी (भाजी) होती है और नरम ब्रेड रोल (पाउंड) के साथ परोसा जाता है।"
Gujarati,Hindi,"લાલ દેદ અને હબ્બા ખાતૂનની કાશ્મીરી રચનાઓ તેના રહસ્યવાદી રસ અને અભિવ્યક્તિની તીવ્ર પીડાના કારણે જાણીતી છે, મીરાબાઈની રાજસ્થાની રચનાઓ અનન્ય ભક્તિ ગુણને કારણે જાણીતી છે, તમિલમાં અંદલની રહસ્યવાદ અને કન્નડમાં અક્કા મહાદેવીના વચનો મહિલાઓના તત્કાલીન સાહિત્યના મહાન પ્રદાનના પુરાવા છે.","हब्बा खातून और लल्ल-द्यद की कश्मीरी रचनाएं उनके आध्यात्मिक अंदाज़ और गहन भावनाओं की अभिव्यक्ति के लिए जानी जाती हैं, राजस्थान में मीराबाई की रचनाएं उनकी अद्वितीय भक्ति के लिए लोकप्रिय हैं, तमिल में आण्डाल का गूढ़ ज्ञान तथा कन्नड़ में अक्का महादेवी के वचन उस समय के साहित्य में महिलाओं के व्यापक योगदान के प्रमाण हैं।","लाल देद और हब्बा खातून की कश्मीरी रचनाएँ उनके रहस्यवादी रंग और अभिव्यक्ति की तीव्र पीड़ा के कारण जानी जाती हैं, मीराबाई की राजस्थानी रचनाएँ अनन्य भक्ति गुण के कारण जानी जाती हैं, तमिल में अंदल की रहस्यवादी और कन्नड़ में अकरा महादेवी के वचन महिल"
Gujarati,Hindi,"બાઘ ગુફાઓ, જે બૌદ્ધ ભીંતચિત્રોથી બનેલી છે, તે મધ્ય પ્રદેશના ધાર જીલ્લાથી ૯૭ કિમી સ્થિત છે.","बाघ गुफाएं, जिनमें बौद्ध भित्ति चित्र बने हुए हैं, मध्य प्रदेश के धार ज़िले से 97 कि.मी. की दूरी पर स्थित हैं।","बाघ गुफाएँ, जो बौद्ध चित्रों से बनाई गई हैं, मध्य प्रदेश के धार जिले से 97 किमी दूर स्थित हैं।"
Gujarati,Hindi,"સંસ્કૃત સાહિત્યમાં મૂળ શબ્દનો સામાન્ય અર્થ થાય છે છોડ અથવા વૃક્ષનું મૂળ, પણ અલંકારિક રીતે, કોઈપણ વસ્તુનો સૌથી નીચો અથવા તળિયાનો ભાગ.","संस्कृत साहित्य में मूल शब्द का सामान्य अर्थ है किसी पौधे या वृक्ष की जड़, किंतु लाक्षणिक रूप में, यह किसी भी वस्तु का निचला हिस्सा या तल हो सकता है।","हिंदी में संस्कृत साहित्य में मूल शब्द का सामान्य अर्थ है पौधा या पेड़ का मूल, लेकिन अलंकारिक रूप से, किसी भी वस्तु का सबसे नीचा या तलहटी."
Gujarati,Hindi,સિંધુ ખીણ સંસ્કૃતિ વિવિધ ક્ષેત્રોમાં તેના તકનીકી જ્ઞાનને કારણે જાણીતી છે.,सिंधु घाटी सभ्यता विभिन्न क्षेत्रों में अपने तकनीकी ज्ञान के लिए जानी जाती है।,सिंधु घाटी संस्कृति को अपने तकनीकी ज्ञान के कारण कई क्षेत्रों में जाना जाता है।
Gujarati,Hindi,બધાં જ કૌરવો મૃત્યુ પામ્યા; માત્ર પાંચ પાંડવ ભાઈઓ અને કૃષ્ણ જીવિત રહ્યા.,सभी कौरव मर जाते हैं; केवल पाँच पांडव भाई और कृष्ण जीवित बचते हैं।,बधा कौरव मर गए; केवल पांच पांडव भाइयों और कृष्ण जीवित रहे।
Gujarati,Hindi,યુદ્ધ અઢાર દિવસો સુધી વિસ્તરે છે અને કૌરવોના પરાજય સાથે પૂર્ણ થાય છે.,युद्ध अठारह दिनों तक चलता रहता है और कौरवों की पराजय के साथ समाप्त होता है।,भीष्म का पराभव होता है और कौरवों की हार के साथ पूरा होता है।
Gujarati,Hindi,"મહાભારતની કેન્દ્રિય કથા આધુનિક દિલ્હીની બિલકુલ ઉત્તરે આવેલું હસ્તિનાપુર, જે ભરત તરીકે સામાન્ય રીતે જાણીતા રાજવંશનું પૈતૃક ક્ષેત્ર છે, તેની રાજગાદીના વારસદાર માટેનો સંઘર્ષ છે.","महाभारत की केंद्रीय कथा हस्तिनापुर के सिंहासन पर उत्तराधिकार के लिए संघर्ष की कहानी है, एक ऐसा राज्य जो आधुनिक दिल्ली के ठीक उत्तर में है और जो भरत नाम से जानी जाने वाली एक जनजाति का पैतृक क्षेत्र है।","हस्तिनापुर का संघर्ष
हस्तिनापुर का संघर्ष
हस्तिनापुर का संघर्ष है जो आधुनिक दिल्ली के उत्तर में स्थित हस्तिनापुर, जिसे भारत के राजवंश के पैतृक क्षेत्र के रूप में आम तौर पर जाना जाता है, के लिए राजगद्दी के वारिस के लिए संघर्ष ह"
Gujarati,Hindi,"કર્ણાટકમાં શાકાહારીઓની સંખ્યા માંસાહારીઓની સંખ્યા કરતાં વધી જાય છે, તેથી, તેમના ભોજનાલય મુખ્યત્વે શાકાહારી વાનગીઓ ધરાવતા હોય છે.",कर्नाटक में शाकाहारी लोगों की संख्या मांसाहारी लोगों से अधिक है; इसलिए उनके भोजन में मुख्य रूप से शाकाहारी व्यंजन होते हैं।,"कर्नाटक में शाकाहारियों की संख्या मांसाहारियों की संख्या से अधिक हो रही है, इसलिए, उनके भोजनालयों में मुख्य रूप से शाकाहारी व्यंजन होते हैं।"
Gujarati,Hindi,તેને સંજય દ્વારા ઉત્તર આપવામાં આવે છે કે જે યુદ્ધભૂમિ પર શું બની રહ્યું છે તે વર્ણવે છે.,"उन्हें संजय से, जो उन्हें बता रहा है कि युद्ध के मैदान में क्या हो रहा है, उत्तर मिलता है।",यह उसे संजय द्वारा उत्तर दिया जाता है कि वह युद्ध क्षेत्र पर क्या हो रहा है।
Gujarati,Hindi,કીલાપાથીકરમ અને મનીમેકલાઈ તમિલમાં જોવા મળતાં બે મહાકાવ્યો છે.,तमिल में मिलने वाले दो महाकाव्य सिलप्पदिकारम् और मणिमेकलै हैं।,कीलापाथिकारम और मानिमेकलाई तमिल में देखने के लिए दो महाकाव्य हैं।
Gujarati,Hindi,મરચાની ભૂકીનો ઉપયોગ આ પ્રદેશમાં સાવધાનીથી કરવામાં આવે છે.,इस क्षेत्र में मिर्च के पाउडर का उपयोग सावधानी से किया जाता है।,मर्चानी भूक का उपयोग इस क्षेत्र में सावधानी के साथ किया जाता है।
Gujarati,Hindi,"યોગ શબ્દ સંસ્કૃત મૂળ યજ પરથી ઉદ્ધૃત કરવામાં આવ્યો છે, જેનો અર્થ થાય છે જોડવું, જાગૃત કરવું અથવા એક કરવું.","योग शब्द संस्कृत की युज् धातु से निकला है, जिसका अर्थ है जोड़ना या जोतना या सम्मिलित करना।","योग शब्द संस्कृत मूल यज से उद्धृत है, जिसका अर्थ है जोड़ना, जागृत करना या एक करना।"
Gujarati,Hindi,આજનું ઓડીસી ઓરિસ્સાના મંદિરોની દીવાલો પર કોતરાયેલા વિવિધ મૂલ્યવાન શિલ્પોમાંથી વિકસિત થયું છે.,आज का ओड़िसी उड़ीसा के मंदिरों की दीवारों पर विभिन्न रूपांकनों में उत्कीर्ण अनगिनत प्रतिमाओं से विकसित हुआ है।,आज का ओडिशी ओरिस्सा के मंदिरों की दीवारों पर चित्रित किए गए विभिन्न मूल्यवर्धित शिल्पों से विकसित हुआ है।
Gujarati,Hindi,"વશિષ્ઠ પછી રાજા તરફ ફર્યા અને ધીમેથી કહ્યું, ""મહારાજ, એકવાર વચન આપ્યા બાદ ઈનકાર કરવો એ તમને અશોભનીય છે.""","वशिष्ठ अब राजा की ओर घूमे और धीरे से बोले: ""राजा , आपको शोभा नहीं देता कि आपने जिस चीज़ का एक बार वचन दिया था उससे आप मुकर जाएं।","वशिष्ठ ने राजा की ओर देखा और धीरे-धीरे कहा, ""महाराज, एक बार वचन देकर इनकार करना आपको अपमानजनक है।"""
Gujarati,Hindi,"જયારે તેમને અર્જુનનો વિષાદ સમજાયો, ત્યાર પછી કૃષ્ણએ એમનું વલણ બદલ્યું અને જગતમાંના ધાર્મિક કર્મના રહસ્યો શીખવવાનું શરુ કર્યું.","केवल तब जब उनको अर्जुन की हताशा की हद समझ में आई, कृष्ण ने अपना रवैया बदला और दुनिया में धार्मिक संघर्षों के रहस्य को सिखाना शुरू किया।","जब उन्होंने अर्जुन की भावनाओं को समझा, तो कृष्ण ने उनकी आदतों को बदल दिया और दुनिया के धार्मिक कर्मों के रहस्यों को सिखाना शुरू कर दिया।"
Gujarati,Hindi,"જયારે તમે ચોખાનો લોટ તપેલીમાં મુકો છો, ત્યારે વચમાં, જાળીદાર નાળીયેરના નાના જથ્થા પણ મુકી શકો છો.","जैसे-जैसे आप पात्र में चावल का आटा डाल रहे हों, बीच-बीच में आप कम मात्रा में घिसा हुआ नारियल भी डालें।","जब आप चावल के लॉट को तपलीमें डालेंगे तो वे विचार में होंगे, जालीदार नालियों के छोटे-छोटे स्टॉक भी डाल सकते हैं।"
Gujarati,Hindi,"તમે છીણેલા નાળીયેરને નળાકાર પાત્રમાં ઉમેરીને શરૂઆત કરી શકો છો, ત્યારબાદ સારી રીતે મિશ્રિત ચોખાનો લોટ ઉમેરો.","आप बेलनाकार पात्र में एक चम्मच-भर कद्दूकस किया हुआ नारियल मिला कर शुरू कर सकते हैं, जिसके बाद अच्छी तरह मिश्रित चावल का आटा उसमें मिला दें।","तुम लोग लंबे कणों को सिरों पर लंबे कणों में बदल सकते हैं, फिर अच्छी तरह से मिलाया हुआ चावल का आटा जोड़ सकते हैं।"
Gujarati,Hindi,"મહારાજા રંજીત સિંઘના પ્રયાસને કારણે નાંદેડમાં ઈ.સ. ૧૮૩૫ની આસપાસ એક ખુબસુરત અને મંત્રમુગ્ધ કરતાં ગુરુદ્વારાનું બાંધકામ થયું, જેમાં એક આકર્ષક ઝીણી કોતરણીવાળો સુવર્ણ ગુંબજ છે.",महाराजा रणजीत सिंह के दान के कारण 1835 ई. के आस-पास नांदेड में एक सुंदर और असाधारण गुरुद्वारे का निर्माण हुआ जिसमें जटिल नक्काशी वाला एक भव्य स्वर्ण गुंबद है।,"महाराजा रणजीत सिंह के प्रयासों के कारण, ईसा से लगभग 1835 के आसपास नंदेड में एक खूबसूरत और मनमोहक गुरुद्वारा बनाया गया था, जिसमें एक आकर्षक छोटा सा स्वर्ण गुंबद है।"
Gujarati,Hindi,"સામવેદ એ આ પસંદગીની ઋચાઓનો સંગ્રહ છે, જેના સ્વરો તેમનાં સૂચિત ચંદા અથવા તાલ આવર્તનમાં ગોઠવાયાં છે.",सामवेद इन चुनी हुई ऋचाओं का एक संग्रह है जिन्हें प्रस्तावित छंद या लयबद्ध ताल पर निर्धारित करते हुए स्वरों में व्यवस्थित किया गया है।,सामवेद यह एक संग्रह है जिसमें संगीत की पसंद की पसंद की पसंद की पसंद की पसंद की पसंद की पसंद की पसंद की पसंद की पसंद की पसंद की पसंद की पसंद की पसंद की पसंद की पसंद की पसंद की पसंद की पसंद की पसंद की पसंद की पसंद की पसंद की पसंद की पसंद की पसंद की पसंद की पस
Gujarati,Hindi,રાજધાની કોસાલાના વાલ્મીકીના વર્ણન પરથી એ સ્પષ્ટ થાય છે કે પ્રાચીન અયોધ્યા એ આજના આધુનિક શહેરો કરતાં ઉતરતું નહોતું.,वाल्मीकि द्वारा किए गए राजधानी कोशल के वर्णन से यह सुस्पष्ट है किअयोध्या की प्राचीन राजधानी हमारे आधुनिक शहरों से किसी भी तरह से कम नहीं थी।,राजधानी कोसाला से वाल्मीकि के वर्णन से यह स्पष्ट है कि प्राचीन अयोध्या आधुनिक शहरों की तुलना में ऊपर नहीं उठी थी।
Gujarati,Hindi,એક વાર કહ્યું કે 'હું કરીશ' પછી તમારી પાસે એક કરવા સિવાય કોઈ વિકલ્પ નથી.,"एक बार ऐसा कह देने पर कि 'मैं यह करूँगा', तुम्हारे पास इसे करने के अलावा कोई विकल्प नहीं रह जाता है।","एक बार कहा गया था कि ""मैं करूंगा"" के बाद आपके पास कोई विकल्प नहीं है"
Gujarati,Hindi,તાજેતરના દિવસોમાં રૂપિયાના બદલાવ દર અને આપણી વિદેશી મુદ્રા ભંડારની પર્યાપ્તતા વિશે વિભિન્ન અભિપ્રાયો રહ્યાં છે.,"हाल के वर्षों में, रुपये की विनिमय दर तथा विदेशी मुद्रा आरक्षित भंडार की पर्याप्तता पर भिन्न-भिन्न दृष्टिकोण सामने आए हैं।",रुपये के परिवर्तन दर के साथ-साथ हमारे विदेशी मुद्रा भंडार की प्रासंगिकता के बारे में विभिन्न विचारों का सामना किया जा रहा है
Gujarati,Hindi,"બેંક ક્રેડીટ કાર્ડ ખાતાને ભૂતકાળના લેણા તરીકે ક્રેડીટ ઇન્ફોર્મેશન કંપનીઓને (સી.આઈ.સી.) જણાવી શકે છે અથવા દંડાત્મક શુલ્ક લગાવી શકે છે, જેમકે મોડા ચુકવણીના દર વગેરે, જો કોઈ હોય તો, માત્ર ત્યારે કે જયારે એક ક્રેડીટ કાર્ડ ખાતું ભૂતકાળમાં ત્રણ દિવસથી વધુ બાકી રહે છે.","जब कोई क्रेडिट कार्ड खाता तीन दिन से अधिक पिछला बकाया दिखाता है, केवल तभी बैंक साख सूचना कंपनियों (सी.आई.सी.) को सूचित कर सकते हैं कि इसका पिछला बकाया है या देर से भुगतान शुल्क इत्यादि जैसा जुर्माना लगा सकते हैं।","बैंक क्रेडिट कार्ड खाते को भूतकाल के कर्ज के रूप में क्रेडिट इन्फोर्मेशन कंपनियों (सीआईसी) को बताया जा सकता है या दंडात्मक शुल्क लगाया जा सकता है, जैसे कि मोड़ा हुआ भुगतान का ब्याज दर, यदि कोई हो, तो केवल तभी जब एक क्रेडिट कार्ड खाता तीन से अधिक द"
Gujarati,Hindi,દેશો તેમની નાણાકીય સ્થિતિ સુધારવા માટે તેમનાં આંતરિક પ્રત્યક્ષ રોકાણકારોને પ્રોત્સાહિત કરી શકે.,देश अपनी आर्थिक स्थिति में सुधार करने हेतु विदेशों से प्रत्यक्ष निवेश को बढ़ावा दे सकते हैं।,देश अपने आर्थिक स्थिति को सुधारने के लिए अपने आंतरिक सीधे निवेशकों को प्रोत्साहित कर सकते हैं।
Gujarati,Hindi,"આમ છતાં, પેકેજના ઝડપી અમલીકરણના પ્રોત્સાહન તરીકે, જો બેંક દ્વારા અરજી મળ્યાના ૯૦ દિવસમાં મંજૂર પેકેજને અમલમાં મૂકવામાં આવે છે, તો મૂડી વર્ગીકરણની પરિસ્થિતિ એ સ્થિતિ સુધી પુનઃસ્થાપિત થઇ શકે છે, જે બેંકને પુનઃરચનાની અરજી મળ્યા સમયે અસ્તિત્વમાં હતી.","तथापि, पैकेज के त्वरित कार्यान्वयन के लिए प्रोत्साहन के रूप में,अगर अनुमोदित पैकेज बैंक द्वारा आवेदन प्राप्त करने के 90 दिनों के भीतर कार्यान्वित किया जाता है तो आस्ति वर्गीकरण की स्थिति बैंक द्वारा पुनर्रचना का आवेदन प्राप्त करने के समय वाले स्तर पर पुनः स्थापित की जा सकती है।","आम तौर पर, यदि बैंक द्वारा आवेदन किया गया है, तो पैकेज को 90 दिनों के भीतर मंजूरी दी जानी चाहिए और लागू किया जाना चाहिए। हालांकि, बैंक द्वारा आवेदन किया गया है, तो पैकेज को 90 दिनों के भीतर मंजूरी दी जानी चाहिए और लागू किया जाना चाहिए"
Gujarati,Hindi,"શું ખાનગી મૂડી સંગ્રહની ગતિશીલતા થોડાં હાથમાં સંપત્તિના કેન્દ્રીકરણ અચૂકપણે દોરી જાય છે, કે શું વિકાસ, સ્પર્ધા અને તકનીકી પ્રગતિની સંતુલિત શક્તિઓ અસમાનતાને ઓછી કરે છે?","क्या निजी पूँजी संचय की गतिशीलता अनिवार्य रूप से धन के संकेन्द्रण को कुछ ही लोगों तक सीमित कर देती है, या विकास, प्रतियोगिता, तथा तकनीकी प्रगति की प्रतिकारी शक्तियों के परिणामस्वरूप असमानता कम होने लगती है?","क्या सार्वजनिक निधि की गतिशीलता कुछ हाथों में धन का केंद्रीकरण अविश्वसनीय रूप से आसानी से हो जाएगी, या कि विकास, प्रतिस्पर्धा और तकनीकी प्रगति की संतुलित शक्तियाँ असमानता को कम कर देंगी?"
Gujarati,Hindi,તે વધારાની અસ્થિરતા અને જડતાની અપેક્ષાના અંકુશ માટે બજારમાં દરમિયાનગીરી કરે છે.,यह बाज़ार में अत्यधिक अस्थिरता को कम करने और स्फीति को अत्यधिक बढ़ने से रोकने के लिए हस्तक्षेप करता है।,यह बाजार में बीच-बचाव और जड़ता की अपेक्षा के लिए अधिक अस्थिरता का पालन करता है।
Gujarati,Hindi,ક્યુ2 માટેની ઉચ્ચ તરંગી માહિતી આર્થિક ગતિવિધિ લચીલી રહે છે એવું દર્શાવે છે.,दूसरी तिमाही के उच्च आवृत्ति आँकड़े दर्शाते हैं कि आर्थिक संचालन अब भी मजबूत है।,क्यू2 के लिए उच्च तरंग लहरें आर्थिक गतिविधि की गतिशीलता को दर्शाती हैं।
Gujarati,Hindi,"મેક્રોઇકોનોમિકસમાં વિષય છે મૂળભૂત રીતે એક દેશ અને બધી બજારો કેવી રીતે વિરાટ ઘટના ઉત્પન્ન કરવા ક્રિયા-પ્રતિક્રિયા આપે છે, જેને અર્થશાસ્ત્રીઓ એગ્રીગેટ વેરીઅબલ્સ કહે છે.","समष्टि अर्थशास्त्र में, विषय विशिष्ट रूप से एक राष्ट्र होता है और इसके बाज़ार किस प्रकार से उन व्यापक घटनाओं को उत्पन्न करने में एक-दूसरे को प्रभावित करते हैं जिसे अर्थशास्त्री समग्र चर कहते हैं।","मैक्रोइकोनॉमिक्स में विषय एक देश और सभी बाजारों के बीच कैसे विराट घटना उत्पन्न करता है, इसके बारे में क्रिया-प्रतिक्रिया है, जिसे अर्थशास्त्रियों ने ग्रैंड वेरिएबल कहा है।"
Gujarati,Hindi,પ્રવાહિતા એ સીમાને સંદર્ભે છે કે જ્યાં નાણાકીય મૂડીને પૂર્ણ બજાર કિંમતની નજીક ટૂંકી સૂચનામાં વેચી શકાય.,चल निधि का अर्थ है किस हद तक अल्पकाल में पूरे बाजार भाव से बहुत कम अंतर पर वित्तीय संपत्ति बेची जा सकती है।,प्रवाहित करने के लिए सीमा है कि जहाँ वित्तीय बाजार को पूर्ण बाजार मूल्य के करीब एक छोटी सूचना में बेचा जा सकता है।
Gujarati,Hindi,"વ્યાપકપણે, આવકની ઓળખ નીતિ કોઈ વ્યક્તિલક્ષી ધારાધોરણ કરતાં, હેતુપૂર્ણ અને વસુલાતના અનુભવ આધારિત હોવી જોઈએ.","मोटे तौर पर, आय मान्यता की नीति व्यक्तिनिष्ठ कारणों पर आधारित होने के बजाय वस्तुनिष्ठ और वसूली के विवरण पर आधारित होनी चाहिए।","व्यापक रूप से, आय की पहचान नीति किसी व्यक्ति-केंद्रित कानून की तुलना में उद्देश्यपूर्ण और लाभ-आधारित होनी चाहिए।"
Sanskrit,Hindi,"सेवापुरुषस्य दर्शनीयता नाम तस्य पादुकाः, वस्त्राणि, टै, आभूषणानि, केशविन्यासः, प्रसाधनं, घटी, सौन्दर्यवर्धकं, सुगन्धद्रव्यम् इत्यादयः लक्षणविशेषाः भवन्ति।","सेवा संबंधी लोगों के लिए भेष कई गुणों का संयोजन है, जैसे कि उनके जूते, कपड़े, टाई, आभूषण, केश शैली, मेक-अप, घड़ी, कॉस्मेटिक, इत्र, आदि।","सेवापुरुष की खूबसूरती उसके पैरों के जूते, कपड़े, टी, आभूषण, बाल शैली, सौंदर्य प्रसाधन, घड़ी, सुगंधित पदार्थों और अन्य विशेषताओं के रूप में होती है।"
Sanskrit,Hindi,"महाराष्ट्रस्य औरङ्गाबाद्-मण्डले वर्तमाने अजन्ता-प्रदेशे एकोनत्रिंशत् चैत्याः विहारगुहाश्च सन्ति, याश्च सा.श.पू. प्रथमशताब्दात् सा.श.पञ्चमशताब्दपर्यन्तस्य कालस्य शिल्पैः, भित्तिचित्रैः च अलङ्कृताः।",महाराष्ट्र के औरंगाबाद जिले में स्थित अजंता में उन्तीस चैत्य और विहार गुफाएँ हैं जो पहली शताब्दी ई.पू. से ले कर पाँचवीं शताब्दी ईस्वी तक की मूर्तियों तथा चित्रकारियों से सुसज्जित हैं।,"महाराष्ट्र के औरंगाबाद जिले में अजन्ता क्षेत्र में 29 छोटे चैत्य और विहार गुफाएँ हैं, जो सी. ई. प्रथम शताब्दी से सी. ई. पांचवीं शताब्दी तक की कला से सुसज्जित हैं।"
Sanskrit,Hindi,शरीरवर्णः बाह्यरेखया मिलित्वा घनाकारवत् परिणमते।,"विस्तार का असर बनाते हुए, शरीर का रंग बाहरी रेखा में घुल-मिल जाता है।",शरीरवर्णः बाह्यरेखा से मिलकर घनाकार में बदल जाता है।
Sanskrit,Hindi,"अशोकः शिल्पानां महास्मारकानां च अधिकतया पाषाणम् उपयोक्तुं प्रारभत, यद्यपि पूर्वपरम्परायां काष्ठ-कर्दमाभ्यां तत्कार्यम् अकुर्वन्।","अशोक ने व्यापक रूप से मूर्तियों और शानदार स्मारकों को बनाने के लिए पत्थर का प्रयोग करना शुरू किया, जबकि उससे पहले पारंपरिक रूप से लकड़ी और मिट्टी का प्रयोग किया जाता है।","अशोक शिल्पों और स्मारकों के लिए मुख्य रूप से पत्थर का उपयोग करना शुरू कर दिया, हालांकि पुराने पारंपरिक रूप से लकड़ी और केरमिक का उपयोग करते थे।"
Sanskrit,Hindi,"आलुकम् उपस्करैः मिश्रीकृत्य, बेसन्-पेषणे निमज्य, परिपक्वतया तीव्रभर्जनं च कृत्वा महाराष्ट्रस्य स्वादु प्रसिद्धं च भक्ष्यं सिद्ध्यते।","महाराष्ट्र के इस स्वादिष्ट और प्रसिद्ध व्यंजन में आलुओं में मसाले को मिलाकर, बेसन के घोल की परत लगाकर, उसे अच्छी तरह से तल कर बनाया जाता है।","आलुकम् उपस्करैः मिश्रीकृत्य, बेसन्-पेषणे निमज्य, परिपक्वतया तीव्रभर्जनं च कृत्वा महाराष्ट्रस्य स्वादु प्रसिद्धं च भक्ष्यं सिद्ध्यते।"
Sanskrit,Hindi,"चेट्टिनाड्-पाकक्रमः इत्येषः तमिळुनाडुराज्यस्य चेट्टिनाड्-प्रदेशस्य नाटुकोटै-चेट्टियार्, अथवा यथा ते स्वमाह्वयन्ति नगरथार्, इत्येतस्य समुदायस्य पाकक्रमः वर्तते।",चेट्टिनाड भोजन तमिल नाडु के चेट्टिनाड क्षेत्र के नाट्टूकोटाई चेट्टियार नामक समुदाय या खुद को नागारथार कहने वालों का भोजन है।,"चेट्टिनाड़-पाक-रीति। यह तमिलनाडु के चेट्टिनाड़ क्षेत्र के नाटुकोट्टे चेट्टियार या जैसा वे खुद को कहते हैं, नगरथार के समुदाय का पाक रीति है।"
Sanskrit,Hindi,"गन्धवल्कलः भारतस्य स्थानीयविशेषः वर्तते, तथैव तस्य उपयोगाः स्वादकत्वाद् आरभ्य वैद्यकीयान्तं दृश्यन्ते।",दालचीनी मूल रूप से भारत की है और इस रूप में इसका प्रयोग स्वादिष्टकारक से लेकर औषधीय कारक के रूप में किया जाता है।,"गंधवल्कल भारत का एक स्थानीय विशेषता है, और इसका उपयोग स्वाद से लेकर वैद्यशास्त्र तक होता है।"
Sanskrit,Hindi,शुष्कपेषकेन अथवा पाषाणपेषकेन इदं पिष्टं करोतु।,सूखे ग्राइंडर में या फिर पत्थर के मूसल में इसका चूर्ण बना लें।,शुष्क पिस्टोल या पत्थर पिस्टोल से यह पिस्टोल बनाएं।
Sanskrit,Hindi,"पञ्जाब्-राज्ये प्रत्येकं नगरस्य भिन्नरुचयः सन्ति, यथा अमृतसरस्य जनेभ्यः अमृतसरी-कुल्चे, पूरित-पराठाः तथा क्षीरखाद्यानि विशेषेण रोचन्ते।","पंजाब के हर शहर की अपनी पसंद है, जैसे कि अमृतसर के लोग विशेष रूप से अमृतसरी कुलचे, भरवां पराठें और दूध के उत्पाद पसंद करते हैं।",पंजाब में हर शहर का अपना खाना होता है। जैसे कि अमृतसर के लोगों के लिए अमृतसरी कुल्चे और पूरे पराठे ही खाने का विशेष ख्याल होता है।
Sanskrit,Hindi,"रामं ऋषिणा सह प्रेषय, लक्ष्मणञ्च।","राम को ऋषि के साथ भेज दो, और लक्ष्मण को भी भेज दो।","रामं ऋषिणा सह प्रेषय, लक्ष्मणञ्च।"
Sanskrit,Hindi,परं मङ्गलपाण्डे-वर्यस्य इदं वीरकार्यम् उन्नताय श्रेष्ठाय च तत्त्वाय भक्त्या कृतम्।,परंतु मंगल पांडे ने यह साहसिक कारनामा एक ऊँचे और श्रेष्ठ सिद्धांत के प्रति समर्पण के लिए किया।,परं मंगलपाण्डे वीर कार्य की यह वीरता ऊंचाई और उत्कृष्टता को समर्पित है।
Sanskrit,Hindi,"यदा पलाण्डुः पारदर्शकत्वं भजते, तदा हरिद्राचूर्णेन सह प्रक्लिन्नम् अवेरजस्य वा मांसं स्थापयित्वा, यावत् उपस्कराः मांसेन उपग्रस्यन्ते तावत् ५-६ निमेषपर्यन्तं भर्जनं कुर्वन्तु।",प्याज जब पारभासी हो जाए तो उसमें मसालों के मिश्रण में कुछ समय से रखे गए मांस और पिसी हल्दी डाल कर 5-6 मिनट तक हल्का-सा तलते रहें जब तक कि मांस सभी मसालों को सोख न ले।,
Sanskrit,Hindi,हितोपदेशः इति लौकिकविवेकं प्राणि-पक्षि-मानव-पात्रैः प्रस्तुवानः ग्रन्थः वर्तते।,"हितोपदेश एक पुस्तक है जिसमें सांसारिक ज्ञान पक्षियों, पशुओं, और मनुष्यों के चरित्रों के माध्यम से प्रस्तुत किया गया है।",हितोपदेशः इति लौकिकविवेकं प्राणि-पक्षि-मानव-पात्रैः प्रस्तुवानः ग्रन्थः वर्तते।
Sanskrit,Hindi,संस्कृतभाषायाः अभिव्यञ्जने प्रावीण्यं तथा विद्वच्चारित्र्यस्य ज्ञानं चोत्तेजयितुं ग्रन्थस्यास्य उद्देशः आसीदिति भासते।,ऐसा प्रतीत होता है कि पुस्तक का उद्देश्य संस्कृत अभिव्यक्ति में प्रवीणता और विवेकपूर्ण व्यवहार के ज्ञान को प्रोत्साहित करना है।,हिंदी भाषा में अनुवाद।
Sanskrit,Hindi,प्राध्यापकः असितकुमार् बन्ध्योपाध्यायः १९९४ तथा १९९५ तमेषु वर्षेषु स्वनगरस्य हौरा इत्यस्य सम्पूर्ण-इतिहासं हौराह् शहरेर् इतिबृत्तो (प्रथम-द्वितीय-खण्डौ) इत्यनया शिर्षकया सङ्गृह्य दिक्प्रवर्तक-कार्यं चकार।,"प्रोफेसर असितकुमार बन्दोपाध्याय ने 1994 और 1995 में अपने गृह-नगर, हावड़ा के संपूर्ण इतिहास को हावड़ा शहरेर इतिवृत्त (पहला और दूसरा खंड) नाम से संकलित करने में महत्वपूर्ण भूमिका निभाई है।",प्राध्यापक असित कुमार बांध्योपाध्याय 1994 और 1995 में स्वनगर के हौरा शहर के पूर्ण इतिहास को हौरा शहर के इतिहास (प्रथम और द्वितीय खंड) के रूप में संकलित किया और प्रकाशित किया।
Sanskrit,Hindi,"चैत्यभवनस्य मुखे अर्धवृत्ताकारं चैत्यद्वारं प्रधानतया वर्तते, यच्च काष्ठनिर्मितः विवृतपुरोभागः, अपि च कुत्रचित् प्रधानतया चैत्यद्वारस्य वातायनं न भवति।",चैत्य के सभागृह में सामने की ओर अर्ध-वृत्ताकार चैत्य चाप रूपांकित है जिसका सामने का हिस्सा खुला है जहां पर लकड़ी का भवनमुख है और किसी-किसी में मुख्य चैत्य चाप वाली खिड़की नहीं है।,"चैत्यभवन के मुख पर अर्धवृत्ताकार चैत्यद्वार होता है, जो कि काष्ठ के बने हुए खुले हुए पुरोभाग का हिस्सा होता है, और कभी-कभी चैत्यद्वार के मुख के लिए प्राथमिक होता है।"
Sanskrit,Hindi,’महराज्’ तथा ’खन्सामा’ (यथा भारते पाकप्रवीणाः सम्प्रदायम् अनु आहूयन्ते) इत्येतेषां सन्ततयः शतमानेभ्यः पाकक्रमान् परिपक्वान् अकुर्वन् तथा च एते पाकक्रमाः सहस्रेभ्यः वर्षेभ्यः मौखिकपरम्परया अन्ववर्तन्त।,महाराजों और खानसामों (जैसा कि कुशल रसोइयों को परंपरागत रूप से भारत में कहा जाता है) की पीढ़ियों ने सदियों से इन पाक-विधियों को परिपूर्ण कर दिया है और अब ये पाक-विधियाँ सहस्रों वर्षों में मौखिक परमपरा के माध्यम से आगे बढ़ती आई हैं।,महराज़ और खंसामा (जैसे कि भारत में पकवानों के शिक्षकों के रूप में जाने जाते हैं) की पीढ़ियाँ सदियों से पकाने के तरीकों को पकाया है और ये पकाने के तरीके हजारों वर्षों से मौखिक परंपरा से चले आ रहे हैं।
Sanskrit,Hindi,"साम्प्रदायिकतया अयं पाकः मुख्यपाचकेन वस्ता वाज़ा इत्यनेन क्रियते, अन्येषां पाचकानां अर्थात् वाज़ा इत्येतेषां सहकारेण।","पारंपरिक रूप से रसोइयों के दल की सहायता से तैयारी वास्ता वाज़ा, या प्रधान रसोइये द्वारा की जाती है।","साम्प्रदायिकता के अनुसार, यह पकवान मुख्य पाचक वस्तु वाज़ा के साथ बनाया जाता है, अन्य पाचकों के साथ जैसे वाज़ा के साथ।"
Sanskrit,Hindi,पाव् भाजी - इत्येतत् महाराष्ट्रस्य लघुभक्ष्यमस्ति यस्मिन् सामान्यतया नवनीतेन कृतः सान्द्रः शाकक्वाथः (भाजी) तथा मृदु-ब्रेड् (पाव्) भवतः।,"पाव भाजी: यह महाराष्ट्र का एक फास्ट फूड व्यंजन है, जिसमें सब्जियों का गाढ़ा मिश्रण होता है जिसे सामान्यतया मक्खन में पकाया जाता है और एक नर्म ब्रेड रोल (पाव) के साथ परोसा जाता है।",पाव भाजी - यह एक छोटा भारतीय पकवान है जिसमें सामान्य रूप से नमकीन शाक क्वथा (भाजी) और नरम ब्रेड (पाव) होते हैं।
Sanskrit,Hindi,"लाल्-देद् तथा हब्बा खातून् इत्येतयोः काश्मीरी-रचनाः, तासां आनुभाविकस्वादेन अत्युत्कटेन करुणारसेन च प्रसिद्धाः सन्ति, मीराबायी इत्यस्याः राजस्थानी-रचनाः विशिष्टेन भक्तिभावेन प्रसिद्धाः, तथा च तमिळुभाषायाम् आण्डाळ् इत्यस्याः अनुभावः, कन्नडभाषायाम् अक्कमहादेव्याः वचनानि च स्वकालस्य साहित्ये महिलानां महायोगदानस्य प्रमाणनि सन्ति।","हब्बा खातून और लल्ल-द्यद की कश्मीरी रचनाएं उनके आध्यात्मिक अंदाज़ और गहन भावनाओं की अभिव्यक्ति के लिए जानी जाती हैं, राजस्थान में मीराबाई की रचनाएं उनकी अद्वितीय भक्ति के लिए लोकप्रिय हैं, तमिल में आण्डाल का गूढ़ ज्ञान तथा कन्नड़ में अक्का महादेवी के वचन उस समय के साहित्य में महिलाओं के व्यापक योगदान के प्रमाण हैं।","लाल-देद और हब्बा खातून के कश्मीरी रचनाएँ, जो उनके अनुभव से बहुत तेज़ और करुणा से प्रसिद्ध हैं, मीराबाई की राजस्थानी रचनाएँ विशेष रूप से भक्तिपूर्ण हैं, और तमिल भाषा में आण्डाल का अनुभव और कन्नड़ भाषा में अक्क महादेवी की बातें काल के साहित्य में मह"
Sanskrit,Hindi,"बौद्धभित्तिचित्रयुक्ताः बाग्-गुहाः नाम, मध्यप्रदेशस्य धार्-मण्डलात् ९७ कि.मी. दूरे सन्ति।","बाघ गुफाएं, जिनमें बौद्ध भित्ति चित्र बने हुए हैं, मध्य प्रदेश के धार ज़िले से 97 कि.मी. की दूरी पर स्थित हैं।","बौद्ध भित्तिचित्रों वाले बाग़ गुफ़ें, मध्य प्रदेश के धार मंडल से 97 किलोमीटर की दूरी पर स्थित हैं।"
Sanskrit,Hindi,"मूल इत्यस्य शब्दस्य संस्कृतसाहित्ये सामान्यार्थः वनस्पतेः उत वृक्षस्य मूलमिति, परं लाक्षणिकार्थे पादम् वा अधोभागः वा यस्य कस्यचित् वस्तुनः तलम् वा भवितुमर्हति।","संस्कृत साहित्य में मूल शब्द का सामान्य अर्थ है किसी पौधे या वृक्ष की जड़, किंतु लाक्षणिक रूप में, यह किसी भी वस्तु का निचला हिस्सा या तल हो सकता है।","मूल का मूल शब्द का सामान्य अर्थ है कि वनस्पति का मूल है या पेड़ का मूल, लेकिन लाक्षणिक रूप से तल या नीचे का हिस्सा है जो किसी वस्तु के तल के रूप में हो सकता है।"
Sanskrit,Hindi,सिन्धु-उपत्यका-नागरिकता बहुषु क्षेत्रेषु स्वस्याः तान्त्रिकज्ञानार्थं प्रसिद्धा।,सिंधु घाटी सभ्यता विभिन्न क्षेत्रों में अपने तकनीकी ज्ञान के लिए जानी जाती है।,सिन्धु-उपत्यका-नागरिकता बहुत से क्षेत्रों में अपनी तकनीकी जानकारी के लिए प्रसिद्ध है।
Sanskrit,Hindi,"सर्वे कौरवाः म्रियन्ते, केवलं पाण्डवाः कृष्णश्च अवशिष्यन्ते।",सभी कौरव मर जाते हैं; केवल पाँच पांडव भाई और कृष्ण जीवित बचते हैं।,"सर्वे कौरवाएँ मर जाते हैं, केवल पाण्डव और कृष्ण शेष रह जाते हैं।"
Sanskrit,Hindi,"युद्धम् अष्टादशदिनपर्यन्तं संररम्भे, कौरवाणां पराजयेन च समाप।",युद्ध अठारह दिनों तक चलता रहता है और कौरवों की पराजय के साथ समाप्त होता है।,"वार को 18 दिनों के लिए किया गया था, और कौरवों की हार के साथ समाप्त हुआ।"
Sanskrit,Hindi,"महाभारतस्य केन्द्रकथा हस्तिनापुरस्य सिंहासनस्य उत्तराधिकारसङ्घर्षपरा, यद् राज्यम् आधुनिक-देहलीनगरस्य उत्तरदिशि वर्तमानं, भारताः इति ख्यातस्य कुलस्य पैत्रकस्थानमासीत्।","महाभारत की केंद्रीय कथा हस्तिनापुर के सिंहासन पर उत्तराधिकार के लिए संघर्ष की कहानी है, एक ऐसा राज्य जो आधुनिक दिल्ली के ठीक उत्तर में है और जो भरत नाम से जानी जाने वाली एक जनजाति का पैतृक क्षेत्र है।","महाभारत की केंद्रीय कथा हस्तिनापुर की गद्दी के उत्तराधिकारी के लिए एक संघर्ष, जो आधुनिक दिल्ली के उत्तर में स्थित था, भारत के पैतृक घर के रूप में जाना जाता था।"
Sanskrit,Hindi,"कार्णाटकराज्ये सस्याहारिणां सङ्ख्या मांसाहारिणां सङ्ख्याम् अतिशेते, अतः, तेषां पाकपद्धतौ मुख्यतया सस्याहाराः दृश्यन्ते।",कर्नाटक में शाकाहारी लोगों की संख्या मांसाहारी लोगों से अधिक है; इसलिए उनके भोजन में मुख्य रूप से शाकाहारी व्यंजन होते हैं।,"कर्नाटक में पशु-भक्षकों की संख्या मांसाहारियों की तुलना में कम है, इसलिए उनके पाक-विधियों में प्रमुख रूप से पौधारहित भोजन दिखाई देता है।"
Sanskrit,Hindi,"तं सञ्जयः उत्तरति, यश्च युद्धभूमौ किं प्रचलतीति निरूपयति।","उन्हें संजय से, जो उन्हें बता रहा है कि युद्ध के मैदान में क्या हो रहा है, उत्तर मिलता है।","तं संजय उत्तरदेता, जो युद्ध के मैदान पर क्या चल रहा है, बताता है।"
Sanskrit,Hindi,सिलप्पदिकारम् मणिमेकलै च तमिळुभाषायाः महाकाव्ये द्वे स्तः।,तमिल में मिलने वाले दो महाकाव्य सिलप्पदिकारम् और मणिमेकलै हैं।,"सिलप्पदिकारम् मैनमेकले तमिल काव्य में दो हैं।
कृति।
सिलप्पदिकारम् (मैनमेकले) तमिल काव्य में सिलप्पदिकारम् (मैनमेकले) के साथ एक दूसरे काव्य का उल्लेख है। सिलप्पदिकारम् (मैनमेकले) तमिल काव्य में दो हैं। सिलप्पदिकारम् (म"
Sanskrit,Hindi,मरीचपिष्टस्य उपयोगः अस्मिन् प्रदेशे विमृश्य क्रियते।,इस क्षेत्र में मिर्च के पाउडर का उपयोग सावधानी से किया जाता है।,मिर्च पिस्टोल का उपयोग। इस क्षेत्र में विचार किया जा रहा है।
Sanskrit,Hindi,"योगशब्दः संस्कृतस्य युज्-धातुना व्युत्पन्नः, यस्यार्थः सङ्घटनं, संयोगः इत्यादिः।","योग शब्द संस्कृत की युज् धातु से निकला है, जिसका अर्थ है जोड़ना या जोतना या सम्मिलित करना।","योग शब्द संस्कृत के युज् धातु से बना है, जिसका अर्थ संगठित करना, मिलाना इत्यादि है।"
Sanskrit,Hindi,"अद्यतनम् ओडिस्सीनृत्यम्, ओरिस्सा-राज्यस्य देवालयभित्तिषु निकृत्तेभ्यः विविधवस्तुयुतेभ्यः अनन्तशिल्पेभ्यः विकसितमस्ति।",आज का ओड़िसी उड़ीसा के मंदिरों की दीवारों पर विभिन्न रूपांकनों में उत्कीर्ण अनगिनत प्रतिमाओं से विकसित हुआ है।,"अद्यतन ओडिस्सी डांस, ओरिस्सा-राज्य में देवालयों की दीवारों पर काटे गए विभिन्न वस्तुओं से भरे अनंत स्कुल्पचर से विकसित हुआ है।"
Sanskrit,Hindi,"वसिष्ठः अधुना राजानम् उपसृत्य बभाषे, ""राजन्, एकदा प्रतिज्ञाय यदि तन्निराकरोषि तन्न शोभायै"" इति।","वशिष्ठ अब राजा की ओर घूमे और धीरे से बोले: ""राजा , आपको शोभा नहीं देता कि आपने जिस चीज़ का एक बार वचन दिया था उससे आप मुकर जाएं।","वसिष्ठ ने अब राजा से मुलाकात की और बोले, ""राजा, एक बार की प्रतिज्ञा के बारे में अगर आप इसे स्पष्ट नहीं करेंगे तो यह आपको नहीं बनाएगा""।"
Sanskrit,Hindi,यदा कृष्णः अर्जुनस्य विषादस्य गाढताम् अवगच्छति तदा स्वमनोभावं परिवृत्य लोके धार्मिककर्मणः रहस्यानि बोधयितुम् आरभते।,"केवल तब जब उनको अर्जुन की हताशा की हद समझ में आई, कृष्ण ने अपना रवैया बदला और दुनिया में धार्मिक संघर्षों के रहस्य को सिखाना शुरू किया।",जब कृष्ण अर्जुन की उदासी की गहराई को समझते हैं तो वे अपने मन को बाहर कर देते हैं और लोगों को धार्मिक कामों के रहस्यों के बारे में बताना शुरू करते हैं।
Sanskrit,Hindi,"तण्डुलपिष्टं कूप्यां स्थापयमानेन भवता, मध्ये मध्ये, किञ्चित्प्रमाणं घर्षितनारिकेलं च स्थीयेत।","जैसे-जैसे आप पात्र में चावल का आटा डाल रहे हों, बीच-बीच में आप कम मात्रा में घिसा हुआ नारियल भी डालें।","तन्दुल के कूपों में रखें, मध्य में, थोड़ी मात्रा में गिलोय भी रखें।"
Sanskrit,Hindi,भवता प्रथमं कम्बिपूर्तं घर्षितनारिकेलं कूप्यां स्थापयित्वा सुमिश्रितं तण्डुलपिष्टं स्थीयेत।,"आप बेलनाकार पात्र में एक चम्मच-भर कद्दूकस किया हुआ नारियल मिला कर शुरू कर सकते हैं, जिसके बाद अच्छी तरह मिश्रित चावल का आटा उसमें मिला दें।",हो सकता है कि कुछ भ्रम हो।
Sanskrit,Hindi,"१८३५ सा. श. काले, नान्देड् इत्यत्र महाराज्ञः रञ्जित् सिङ्घस्य दत्त्या सुन्दरस्य विस्मेरकारिणः गुरुद्वारस्य निर्माणः समभावि, यच्च निशितशिल्पयुजा मनोहारिणा स्वर्णगोपुरेण प्रशस्तम् आस्ते।",महाराजा रणजीत सिंह के दान के कारण 1835 ई. के आस-पास नांदेड में एक सुंदर और असाधारण गुरुद्वारे का निर्माण हुआ जिसमें जटिल नक्काशी वाला एक भव्य स्वर्ण गुंबद है।,"1835 सी. ई. के नान्देड़ में महाराजा रंजीत सिंह द्वारा दिए गए सुंदर स्मारक के निर्माण के लिए काले, जो एक विस्मेर कारीगर थे, की सेवाएँ ली गईं, जो एक सुंदर गुरुद्वारा था।
    - ### Instruction:
Translate the Sanskrit input text into Punjabi.
    - ### Input:
18.35 सी. ई. के नान्देड़ में महाराज"
Sanskrit,Hindi,"निर्दिष्टानां ऋचाम् एतासां समाहारः सामवेदः, यश्च स्वरैः अभिवेशितः छन्दोभिः च नियतः च।",सामवेद इन चुनी हुई ऋचाओं का एक संग्रह है जिन्हें प्रस्तावित छंद या लयबद्ध ताल पर निर्धारित करते हुए स्वरों में व्यवस्थित किया गया है।,"निर्दिष्टानां ऋचाम् एतासां समाहारः सामवेदः, यश्च स्वरैः अभिवेशितः छन्दोभिः च नियतः च।"
Sanskrit,Hindi,"वाल्मीकेः कोसलराजधान्याः अनुवर्णनेन, सा प्रत्ना आयोद्ध्या अस्मदीयेभ्यः आधुनिकेभ्यः नगरेभ्यः न कनीयसी आस इति ज्ञायते।",वाल्मीकि द्वारा किए गए राजधानी कोशल के वर्णन से यह सुस्पष्ट है किअयोध्या की प्राचीन राजधानी हमारे आधुनिक शहरों से किसी भी तरह से कम नहीं थी।,"वाल्मीकि: कोसल राजधानी का वर्णन, जो हमारे आधुनिक शहरों से भी अधिक नहीं है, यह ज्ञात है।
अधिक जानकारी के लिए, कृपया नीचे दिए गए स्रोतों का उपयोग करें।"
Sanskrit,Hindi,’अहं करिष्ये’ इति सकृदुक्त्वा अन्यथा कर्तुं नेष्यसे।,"एक बार ऐसा कह देने पर कि 'मैं यह करूँगा', तुम्हारे पास इसे करने के अलावा कोई विकल्प नहीं रह जाता है।","अहं करिष्ये"" और अन्यथा नहीं करूंगा।"
Sanskrit,Hindi,"आधुनिके दिवसे, रूप्यकस्य विनिमय-मूल्यविषये तथा अस्माकं फ़ारेक्स्-आरक्षितनिधेः पर्याप्तताविषये च विभिन्नविचाराः दृश्यन्ते।","हाल के वर्षों में, रुपये की विनिमय दर तथा विदेशी मुद्रा आरक्षित भंडार की पर्याप्तता पर भिन्न-भिन्न दृष्टिकोण सामने आए हैं।","आधुनिक दिनों में, रुपये के विनिमय मूल्य और हमारे फॉरेक्स रिज़र्व की पर्याप्तता के बारे में कई विचार हैं।
    - 1. रुपये के विनिमय मूल्य को बढ़ावा देने के लिए वित्तीय प्रोत्साहन के रूप में केंद्रीय बैंक द्वारा मौद्रिक नीति को कमजोर करने की आवश"
Sanskrit,Hindi,यदा क्रेडिट्-कार्ड्-लेखे दिनत्रयपर्यन्तं देयवित्तं न पूर्यते तदा केवलं ब्याङ्क्-विशेषाः तं क्रेडिट्-कार्ड्-लेखं ऋण-सूच्यंश-संस्थाभ्यः (सि.ऐ.सि.) दानच्युतमिति सूचयन्ति अथवा विलम्बदानदण्डम् इत्यादिरिव यत्किमपि च्युतिदण्डं स्थापयन्ति।,"जब कोई क्रेडिट कार्ड खाता तीन दिन से अधिक पिछला बकाया दिखाता है, केवल तभी बैंक साख सूचना कंपनियों (सी.आई.सी.) को सूचित कर सकते हैं कि इसका पिछला बकाया है या देर से भुगतान शुल्क इत्यादि जैसा जुर्माना लगा सकते हैं।",जब क्रेडिट कार्ड की बिलिंग में तीन दिनों के भीतर ऋण राशि नहीं भरी जाती है तो बैंकों को क्रेडिट कार्ड बिलिंग को ऋण सूची संस्थाओं (सीसी) से छूट देने के लिए मजबूर किया जाता है या विलम्ब दंड जैसे कुछ और छूट देने के लिए मजबूर किया जाता है।
Sanskrit,Hindi,देशाः स्वेषां वित्तीयस्थितीनां संवर्धनार्थम् आन्तरिक-साक्षात्-निवेशनम् प्रेरयेयुः।,देश अपनी आर्थिक स्थिति में सुधार करने हेतु विदेशों से प्रत्यक्ष निवेश को बढ़ावा दे सकते हैं।,देशों को अपनी वित्तीय स्थिति को मजबूत करने के लिए आंतरिक साक्षात्कार प्रेरित करें।
Sanskrit,Hindi,"तथापि, यदि ब्याङ्क्-विशेषात् आवेदनपत्रस्य प्राप्तेः ९० दिनेषु अनुमोदितः प्याकेज्-विशेषः अनुष्ठीयते, तदा प्याकेज्-विशेषस्य शीघ्रानुष्ठानस्य प्रोत्साहकरूपेण, सम्पत्ति-वर्गीकरण-स्थितिं यदा ब्याङ्क्-तः पुनर्वर्गीकरण-आवेदनं प्राप्तं तत्कालीनस्थितिं प्रति पुनःस्थापयेत्।","तथापि, पैकेज के त्वरित कार्यान्वयन के लिए प्रोत्साहन के रूप में,अगर अनुमोदित पैकेज बैंक द्वारा आवेदन प्राप्त करने के 90 दिनों के भीतर कार्यान्वित किया जाता है तो आस्ति वर्गीकरण की स्थिति बैंक द्वारा पुनर्रचना का आवेदन प्राप्त करने के समय वाले स्तर पर पुनः स्थापित की जा सकती है।","हालांकि, यदि बैंक से आवेदन पत्र प्राप्त होने के 90 दिनों के भीतर पैकेज विशेष को मंजूरी दी गई है, तो पैकेज विशेष के शीघ्र अनुमोदन के रूप में प्रोत्साहित करने के लिए, संपत्ति वर्गीकरण स्थिति को बैंक से फिर से वर्गीकरण आवेदन प्राप्त होने पर तुरंत फ"
Sanskrit,Hindi,"स्वतन्त्र-मूलधन-सङ्ग्रहस्य गतिविधयः किं नितरां केषुचित् हस्तेषु केवलं धनसङ्ग्रहं प्रेरयन्ति आहोस्वित् अभिवृद्धिः, स्पर्धा, तान्त्रिकप्रगतिः इत्याद्यः समतोलनशक्तयः असमानतां निवारयन्ति?","क्या निजी पूँजी संचय की गतिशीलता अनिवार्य रूप से धन के संकेन्द्रण को कुछ ही लोगों तक सीमित कर देती है, या विकास, प्रतियोगिता, तथा तकनीकी प्रगति की प्रतिकारी शक्तियों के परिणामस्वरूप असमानता कम होने लगती है?","स्वतन्त्र-मूलधन-सङ्ग्रह-गतिविधयः किं नितरां केषुचित् हस्तेषु केवलं धनसङ्ग्रहं प्रेरयन्ति आहोस्वित् अभिवृद्धिः, स्पर्धा, तान्त्रिक-प्रगतिः इत्यादि समतोलन-शक्तयः असमानता को निवारण करते हैं?"
Sanskrit,Hindi,तच्च चाञ्चल्याधिक्यं निवारयितुं तथा प्रत्याशाः स्थिरीकर्तुं विपण्याः अन्तःप्रविशति।,यह बाज़ार में अत्यधिक अस्थिरता को कम करने और स्फीति को अत्यधिक बढ़ने से रोकने के लिए हस्तक्षेप करता है।,तथा चाञ्चल्याधिक्यं निवारयितुं तथा प्रत्याशाः स्थिरीकर्तुं विपण्याः अन्तःप्रविशति।
Sanskrit,Hindi,क्यू-२ इत्यस्य उच्चतरङ्ग-दत्तांशः आर्थिक-कार्यं दृढमस्ति इति सूचयति।,दूसरी तिमाही के उच्च आवृत्ति आँकड़े दर्शाते हैं कि आर्थिक संचालन अब भी मजबूत है।,क्यू-2 का उच्च-रेंज डेटा आर्थिक कार्य को मजबूत करता है।
Sanskrit,Hindi,"स्थूल-अर्थशास्त्रे विषयस्तु सामान्यतया राष्ट्रपरः भवति, कथं सर्वाः विपण्यः परस्परं कार्यं कुर्वन्ति, येन अर्थशास्त्रे अग्रिगेट्-वेरियबल्स् इति यत् कथयन्ति तदुन्नतं विद्यमानं जनयन्ति इति च।","समष्टि अर्थशास्त्र में, विषय विशिष्ट रूप से एक राष्ट्र होता है और इसके बाज़ार किस प्रकार से उन व्यापक घटनाओं को उत्पन्न करने में एक-दूसरे को प्रभावित करते हैं जिसे अर्थशास्त्री समग्र चर कहते हैं।","सामान्य अर्थशास्त्र में विषय केवल राष्ट्रों के बारे में होता है, जैसे कि विभिन्न बाजार कैसे एक-दूसरे के साथ काम करते हैं और अर्थशास्त्र में अग्रेजिटेड वरिएबल्स को बढ़ाते हैं और विकसित करते हैं।"
Sanskrit,Hindi,लिक्विडिटि नाम अल्पकाले यथासम्भवं सम्पूर्ण-विपणि-मूल्यार्थे वित्तसम्बन्धिनां विभवानां विक्रयणसामर्थ्यम् उच्यते।,चल निधि का अर्थ है किस हद तक अल्पकाल में पूरे बाजार भाव से बहुत कम अंतर पर वित्तीय संपत्ति बेची जा सकती है।,लिक्विडिटी नाम अल्पकालिक रूप से पूर्ण बाजार मूल्य के लिए वित्तीय संबंधित बाजारों की क्षमता होती है।
Sanskrit,Hindi,"स्थूलतया, आय-निर्धारण-नीतिः विषयनिष्ठा भवेत्, तथा च कामपि व्यक्तिनिष्ठतां विहाय प्रतिग्रहण-लेखाधारितं भवेत्।","मोटे तौर पर, आय मान्यता की नीति व्यक्तिनिष्ठ कारणों पर आधारित होने के बजाय वस्तुनिष्ठ और वसूली के विवरण पर आधारित होनी चाहिए।","स्थूलता के संदर्भ में, आय निर्धारण नीति विषयवासी होनी चाहिए, और व्यक्तिगत होने के बिना स्वीकृत करने योग्य होनी चाहिए।"
Kannada,Hindi,"ರೂಪ-ವೇಷವೆಂಬುದು ಸೇವಾ ಸಿಬ್ಬಂದಿಗೆ ಸಂಬಂಧಿಸಿದ ಲಕ್ಷಣಗಳ ಸಮೂಹವಾಗಿದೆ, ಉದಾಹರಣೆಗೆ, ಅವರ ಪಾದರಕ್ಷೆಗಳು, ದಿರಿಸು, ಕಂಠಬಂಧ, ಆಭರಣಗಳು, ಕೇಶವಿನ್ಯಾಸ, ಅಲಂಕಾರ, ಕೈಗಡಿಯಾರ, ಸೌಂದರ್ಯವರ್ಧಕಗಳು, ಸುಗಂಧ ದ್ರವ್ಯ, ಮುಂತಾದವು.","सेवा संबंधी लोगों के लिए भेष कई गुणों का संयोजन है, जैसे कि उनके जूते, कपड़े, टाई, आभूषण, केश शैली, मेक-अप, घड़ी, कॉस्मेटिक, इत्र, आदि।","रूप-वेश एक सेवा कर्मचारी के संबंध में विशेषताओं का एक समूह है, जैसे कि उनके जूते, सिर की शेविंग, गले की चेन, आभूषण, बाल शैली, अलंकरण, घड़ीें, सौंदर्यवर्धक, इत्यादि।"
Kannada,Hindi,"ಮಹಾರಾಷ್ಟ್ರದ ಔರಂಗಾಬಾದ್‌ ಜಿಲ್ಲೆಯಲ್ಲಿರುವ ಅಜಂತಾ, ಸಾ.ಶ.ಪೂ. ಒಂದನೇ ಶತಮಾನದಿಂದ ಸಾ.ಶ. ಐದನೇ ಶತಮಾನದವರೆಗಿನ ಅವಧಿಗೆ ಸೇರಿದ ಶಿಲ್ಪಗಳು ಮತ್ತು ವರ್ಣಚಿತ್ರಗಳಿಂದ ಅಲಂಕೃತವಾದ ಇಪ್ಪತ್ತೊಂಬತ್ತು ಚೈತ್ಯ ಹಾಗೂ ವಿಹಾರ ಗುಹೆಗಳನ್ನು ಹೊಂದಿದೆ.",महाराष्ट्र के औरंगाबाद जिले में स्थित अजंता में उन्तीस चैत्य और विहार गुफाएँ हैं जो पहली शताब्दी ई.पू. से ले कर पाँचवीं शताब्दी ईस्वी तक की मूर्तियों तथा चित्रकारियों से सुसज्जित हैं।,"महाराष्ट्र के औरंगाबाद जिले में स्थित अजंता में शिल्प और चित्रों से सजी 30 गुफाएँ हैं, जो सी. ई. 1 वीं शताब्दी से सी. ई. 5 वीं शताब्दी तक की हैं।
References:
    - <templatestyles src=""Reflist/styles.css"" />"
Kannada,Hindi,ದೇಹದ ಬಣ್ಣವು ಹೊರ ರೇಖೆಯೊಂದಿಗೆ ಸಮ್ಮಿಳಿತವಾಗಿ ಶರೀರಗಾತ್ರದ ವಿಶೇಷ ಪರಿಣಾಮವನ್ನು ಉಂಟುಮಾಡುತ್ತದೆ.,"विस्तार का असर बनाते हुए, शरीर का रंग बाहरी रेखा में घुल-मिल जाता है।",बॉडी का रंग बाहरी रेखा के साथ मिलकर शरीर की बनावट के विशेष प्रभाव को उत्पन्न करता है।
Kannada,Hindi,"ಹಿಂದಿನ ಪದ್ಧತಿಯು ಮರ ಮತ್ತು ಜೇಡಿಮಣ್ಣಿನ ಬಳಕೆಯನ್ನು ಒಳಗೊಂಡಿತ್ತಾದರೆ, ಅಶೋಕನು ಶಿಲ್ಪಾಕೃತಿಗಳು ಹಾಗೂ ಬೃಹತ್ ಸ್ಮಾರಕಗಳ ನಿರ್ಮಾಣದಲ್ಲಿ ವ್ಯಾಪಕವಾಗಿ ಕಲ್ಲನ್ನು ಬಳಸಲು ಆರಂಭಿಸಿದನು.","अशोक ने व्यापक रूप से मूर्तियों और शानदार स्मारकों को बनाने के लिए पत्थर का प्रयोग करना शुरू किया, जबकि उससे पहले पारंपरिक रूप से लकड़ी और मिट्टी का प्रयोग किया जाता है।","पिछली पद्धति में लकड़ी और मिट्टी का उपयोग शामिल था, लेकिन अशोक ने स्मारकों के निर्माण में और सкульप्चर में व्यापक रूप से पत्थर का उपयोग करना शुरू कर दिया।"
Kannada,Hindi,"ಆಲೂಗೆಡ್ಡೆಗಳನ್ನು ಮಸಾಲೆಯೊಂದಿಗೆ ಬೆರೆಸಿ, ಕಡಲೆ ಹಿಟ್ಟಿನಲ್ಲಿ ಅದ್ದಿ, ಎಣ್ಣೆಯಲ್ಲಿ ಚೆನ್ನಾಗಿ ಕರಿಯುವ ಮೂಲಕ ಮಹಾರಾಷ್ಟ್ರದ ಈ ಸ್ವಾದಿಷ್ಟ ಹಾಗೂ ಜನಪ್ರಿಯ ತಿನಿಸನ್ನು ತಯಾರಿಸಲಾಗುತ್ತದೆ.","महाराष्ट्र के इस स्वादिष्ट और प्रसिद्ध व्यंजन में आलुओं में मसाले को मिलाकर, बेसन के घोल की परत लगाकर, उसे अच्छी तरह से तल कर बनाया जाता है।","हिरवे मिर्च के साथ आलू को मिलाकर, कदले के हिट में भूनकर, तेल में अच्छी तरह से भूनकर महाराष्ट्र की इस स्वादिष्ट और लोकप्रिय पकवान को बनाया जाता है।"
Kannada,Hindi,"ಚೆಟ್ಟಿನಾಡ್‌ ಆಹಾರಪದ್ಧತಿಯು ತಮಿಳುನಾಡು ರಾಜ್ಯದ ಚೆಟ್ಟಿನಾಡು ಪ್ರದೇಶಕ್ಕೆ ಸೇರಿದವರಾದ, ತಮ್ಮನ್ನು ತಾವು ನಗರತ್ತಾರರೆಂದು ಕರೆದುಕೊಳ್ಳುವ ನಾಟ್ಟುಕೋಟ್ಟೈ ಚೆಟ್ಟಿಯಾರ್‌ ಎಂಬ ಸಮುದಾಯದವರ ಆಹಾರ ಪದ್ಧತಿಯಾಗಿದೆ.",चेट्टिनाड भोजन तमिल नाडु के चेट्टिनाड क्षेत्र के नाट्टूकोटाई चेट्टियार नामक समुदाय या खुद को नागारथार कहने वालों का भोजन है।,चेट्टीनाड़ खाना प्रथा
Kannada,Hindi,"ದಾಲ್ಚಿನ್ನಿಯು ಭಾರತಕ್ಕೆ ಸ್ಥಳೀಯವಾದುದಾಗಿದೆ ಮತ್ತು ಆ ಕಾರಣದಿಂದಲೇ, ಅದರ ಬಳಕೆಯ ವ್ಯಾಪ್ತಿಯು ಸುವಾಸನೆ ಹಾಗೂ ರುಚಿಕಾರಕ ಪದಾರ್ಥವಾಗಿ ಮೊದಲುಗೊಂಡು ಔಷಧೀಯ ವಿನಿಯೋಗದವರೆಗೂ ಹಬ್ಬಿದೆ.",दालचीनी मूल रूप से भारत की है और इस रूप में इसका प्रयोग स्वादिष्टकारक से लेकर औषधीय कारक के रूप में किया जाता है।,"दालचीनी भारत का एक स्थानिक पौधा है और इसलिए, इसके उपयोग की व्यापकता सुगंध और स्वादवर्धक पदार्थों से शुरू होकर औषधीय उपयोगों तक फैली हुई है।"
Kannada,Hindi,ಇದನ್ನು ಒಣ ಹಿಟ್ಟು ಮಾಡುವ ಯಂತ್ರ ಅಥವಾ ಕಲ್ಲಿನ ಕುಟ್ಟಾಣಿಯಲ್ಲಿ ಪುಡಿ ಮಾಡಿ.,सूखे ग्राइंडर में या फिर पत्थर के मूसल में इसका चूर्ण बना लें।,इसे सूखा हिट या पत्थर की चाकू में पाउडर बनाने के लिए।
Kannada,Hindi,"ಪಂಜಾಬಿನ ಪ್ರತಿ ನಗರವೂ ಬೇರೆ ಬೇರೆ ಒಲವುಗಳನ್ನು ಹೊಂದಿದೆ, ಉದಾಹರಣೆಗೆ ಅಮೃತಸರದಲ್ಲಿನ ಜನರು ವಿಶೇಷವಾಗಿ ಅಮೃತ್‌ಸರೀ ಕುಲ್ಚಾಗಳು, ಹೂರಣ ತುಂಬಿದ ಪರಾಠಾಗಳು ಮತ್ತು ಹಾಲಿನ ಉತ್ಪನ್ನಗಳನ್ನು ಇಷ್ಟಪಡುತ್ತಾರೆ.","पंजाब के हर शहर की अपनी पसंद है, जैसे कि अमृतसर के लोग विशेष रूप से अमृतसरी कुलचे, भरवां पराठें और दूध के उत्पाद पसंद करते हैं।","पंजाबी हर शहर में अलग-अलग मान्यताएं होती हैं, उदाहरण के लिए अमृतसर में रहने वाले लोगों को अमृतसरी कुलचा और हूरन भरे पराठे और दूध के उत्पादों का शौक होता है।"
Kannada,Hindi,"ಮಹರ್ಷಿಯೊಂದಿಗೆ ರಾಮನನ್ನು ಕಳುಹಿಸಿಕೊಡು, ಮತ್ತು ಲಕ್ಷ್ಮಣನನ್ನೂ ಕಳುಹಿಸು.","राम को ऋषि के साथ भेज दो, और लक्ष्मण को भी भेज दो।","राम को महर्षि के साथ भेज दो, और लक्ष्मण को भी भेज दो।"
Kannada,Hindi,ಆದರೆ ಮಂಗಲ ಪಾಂಡೆಯ ಕೆಚ್ಚೆದೆಯ ಕಾರ್ಯವು ಉನ್ನತ ಹಾಗೂ ಉದಾತ್ತವಾದ ತತ್ತ್ವವೊಂದರ ಬಗೆಗಿನ ಶ್ರದ್ಧೆಯಿಂದಾಗಿ ಮಾಡಿದುದಾಗಿತ್ತು.,परंतु मंगल पांडे ने यह साहसिक कारनामा एक ऊँचे और श्रेष्ठ सिद्धांत के प्रति समर्पण के लिए किया।,लेकिन मंगल पांडे का कार्य उनकी पवित्र विचारधारा के कारण किया गया था।
Kannada,Hindi,"ಈರುಳ್ಳಿಯು ಅರೆಪಾರದರ್ಶಕವಾಗುತ್ತಿದ್ದಂತೆ, ಅದಕ್ಕೆ ಮ್ಯಾರಿನೇಡ್‌ ದ್ರವದಲ್ಲಿ ಊರಿಟ್ಟಿದ್ದ ಕುರಿಮಾಂಸವನ್ನು, ಜೊತೆಗೆ ಅರಿಶಿಣವನ್ನು ಸೇರಿಸಿ, ಕುರಿಮಾಂಸವು ಎಲ್ಲಾ ಮಸಾಲೆಗಳನ್ನು ಹೀರಿಕೊಳ್ಳುವ ತನಕ, ಸುಮಾರು ೫-೬ ನಿಮಿಷಗಳವರೆಗೆ ಹುರಿಯಿರಿ.",प्याज जब पारभासी हो जाए तो उसमें मसालों के मिश्रण में कुछ समय से रखे गए मांस और पिसी हल्दी डाल कर 5-6 मिनट तक हल्का-सा तलते रहें जब तक कि मांस सभी मसालों को सोख न ले।,
Kannada,Hindi,"ಹಿತೋಪದೇಶವು ಪಕ್ಷಿಗಳು, ಪ್ರಾಣಿಗಳು, ಮತ್ತು ಮನುಷ್ಯ ಪಾತ್ರಗಳ ಮೂಲಕ ಲೌಕಿಕ ವಿವೇಕವನ್ನು ಪ್ರಸ್ತುತಪಡಿಸುವ ಪುಸ್ತಕವಾಗಿದೆ.","हितोपदेश एक पुस्तक है जिसमें सांसारिक ज्ञान पक्षियों, पशुओं, और मनुष्यों के चरित्रों के माध्यम से प्रस्तुत किया गया है।",हिंदी में अनुवाद करें
Kannada,Hindi,ಸಂಸ್ಕೃತ ಅಭಿವ್ಯಕ್ತಿಯಲ್ಲಿ ಪ್ರಾವೀಣ್ಯವನ್ನು ಮತ್ತು ವಿವೇಕಯುತ ನಡೆವಳಿಕೆಯ ಅರಿವನ್ನು ಉತ್ತೇಜಿಸುವುದು ಈ ಪುಸ್ತಕದ ಉದ್ದೇಶವಾಗಿರುವಂತೆ ತೋರುತ್ತದೆ.,ऐसा प्रतीत होता है कि पुस्तक का उद्देश्य संस्कृत अभिव्यक्ति में प्रवीणता और विवेकपूर्ण व्यवहार के ज्ञान को प्रोत्साहित करना है।,"संस्कृत अभिव्यक्ति में प्रवीणता और स्मार्ट बिहेवियर को प्रोत्साहित करने के लिए यह पुस्तक क्या है, यह दिखाई देता है।"
Kannada,Hindi,ಪ್ರಾಧ್ಯಾಪಕರಾದ ಅಸಿತ್‌ಕುಮಾರ್ ಬಂದೋಪಾಧ್ಯಾಯ ೧೯೯೪ ಮತ್ತು ೧೯೯೫ರಲ್ಲಿ ಹೌರಾ ಶಹರೇರ್ ಇತಿಬೃತ್ತೊ (ಮೊದಲನೇ ಮತ್ತು ಎರಡನೇ ಸಂಪುಟ) ಎಂಬ ಶೀರ್ಷಿಕೆಯಡಿಯಲ್ಲಿ ತಮ್ಮ ಹುಟ್ಟೂರಾದ ಹೌರಾದ ಸಂಪೂರ್ಣ ಇತಿಹಾಸವನ್ನು ಸಂಗ್ರಹಿಸುವಲ್ಲಿ ಮೊದಲಿಗರಾಗಿ ಕಾರ್ಯನಿರ್ವಹಿಸಿದರು.,"प्रोफेसर असितकुमार बन्दोपाध्याय ने 1994 और 1995 में अपने गृह-नगर, हावड़ा के संपूर्ण इतिहास को हावड़ा शहरेर इतिवृत्त (पहला और दूसरा खंड) नाम से संकलित करने में महत्वपूर्ण भूमिका निभाई है।",प्रोफेसर असित कुमार बंदोपाध्याय 1994 और 1995 में हाउरा शहर के इतिहास (पहला और दूसरा संस्करण) के शीर्षक के तहत अपने जन्मस्थान हाउरा के पूर्ण इतिहास को संकलित करने के लिए पहले थे।
Kannada,Hindi,"ಚೈತ್ಯ ಸಭಾಂಗಣದ ಮುಂಬದಿಯಲ್ಲಿ ಎತ್ತರವಾಗಿ ಎದ್ದು ತೋರುವ ಅರ್ಧಚಂದ್ರಾಕೃತಿಯ ಚೈತ್ಯ ಕಮಾನು ಇದ್ದು, ಇದು ಮರದ ಮುಂಭಾಗವುಳ್ಳ ತೆರೆದ ಮುಮ್ಮುಖದಿಂದ ಕೂಡಿರುತ್ತದೆ ಮತ್ತು, ಕೆಲವೆಡೆಗಳಲ್ಲಿ, ಎತ್ತರವಾದ ಚೈತ್ಯ ಕಮಾನು ಕಿಟಕಿಯಿರುವುದಿಲ್ಲ.",चैत्य के सभागृह में सामने की ओर अर्ध-वृत्ताकार चैत्य चाप रूपांकित है जिसका सामने का हिस्सा खुला है जहां पर लकड़ी का भवनमुख है और किसी-किसी में मुख्य चैत्य चाप वाली खिड़की नहीं है।,चैत्य सभागृह के मुख्यद्वार के सामने ऊँचा खड़ा हुआ है और अर्धचंद्राकार चैत्य का काम है जिसमें एक खुला मुख्य द्वार है और कभी-कभी ऊँचे चैत्य के काम में खिड़कियाँ नहीं होती हैं।
Kannada,Hindi,ʼಮಹಾರಾಜ್‌ʼ ಹಾಗೂ ʼಖಾನ್‌ಸಾಮಾʼಗಳ (ಭಾರತದಲ್ಲಿ ಪರಿಣತ ಬಾಣಸಿಗರನ್ನು ಸಾಂಪ್ರದಾಯಿಕವಾಗಿ ಹೀಗೆ ಕರೆಯಲಾಗುತ್ತದೆ) ತಲೆಮಾರುಗಳವರು ಹಲವು ಶತಮಾನಗಳ ಕಾಲಾವಧಿಯಲ್ಲಿ ಈ ಪಾಕಸೂತ್ರಗಳನ್ನು ಉತ್ತಮಪಡಿಸಿದ್ದಾರೆ ಮತ್ತು ಈ ಪಾಕವಿಧಾನಗಳು ಸಾವಿರಾರು ವರ್ಷಗಳಿಂದ ಮೌಖಿಕ ಪರಂಪರೆಯ ಮೂಲಕ ದಾಟಿಕೊಂಡು ಬಂದಿವೆ.,महाराजों और खानसामों (जैसा कि कुशल रसोइयों को परंपरागत रूप से भारत में कहा जाता है) की पीढ़ियों ने सदियों से इन पाक-विधियों को परिपूर्ण कर दिया है और अब ये पाक-विधियाँ सहस्रों वर्षों में मौखिक परमपरा के माध्यम से आगे बढ़ती आई हैं।,"महाराज़ और खान सामा (भारत में पारंपरिक बाण से परिचित), दोनों ही पीढ़ियाँ, कई शताब्दियों से इस तरह के पकवानों को सुधार रही हैं और ये पकवान कई सौ वर्षों से मौखिक परंपरा के माध्यम से प्राप्त हुए हैं।"
Kannada,Hindi,"ಸಾಂಪ್ರದಾಯಿಕವಾಗಿ, ಹಲವು ಮಂದಿ ವಾಜಾ಼ಗಳು ಅಥವಾ ಬಾಣಸಿಗರ ಸಹಾಯದೊಂದಿಗೆ ವೌಸ್ತಾ ವಾಜಾ಼ ಅಥವಾ ಮುಖ್ಯ ಬಾಣಸಿಗನು ಈ ಅಡುಗೆಯನ್ನು ಮಾಡುತ್ತಾನೆ.","पारंपरिक रूप से रसोइयों के दल की सहायता से तैयारी वास्ता वाज़ा, या प्रधान रसोइये द्वारा की जाती है।","सामान्य रूप से, कई लोग वाज़ाग या बान्सिगर की मदद से वौस्टा वाज़ाग या मुख्य बान्सिगर द्वारा इस पकवान को बनाते हैं।"
Kannada,Hindi,"ಪಾವ್‌ ಭಾಜಿ: ಇದು ಮಹಾರಾಷ್ಟ್ರದ ಫಾಸ್ಟ್‌ ಫುಡ್‌ ತಿನಿಸಾಗಿದ್ದು, ಸಾಮಾನ್ಯವಾಗಿ ಬೆಣ್ಣೆ ಹಾಕಿ ಮಾಡಲಾಗುವ ತರಕಾರಿಯ ಗಟ್ಟಿ ಮೇಲೋಗರವನ್ನು (ಭಾಜಿ) ಹೊಂದಿರುತ್ತದೆ ಮತ್ತು ಮೃದುವಾದ ಬನ್ (ಪಾವ್) ಜೊತೆಗೆ ಬಡಿಸಲಾಗುತ್ತದೆ.","पाव भाजी: यह महाराष्ट्र का एक फास्ट फूड व्यंजन है, जिसमें सब्जियों का गाढ़ा मिश्रण होता है जिसे सामान्यतया मक्खन में पकाया जाता है और एक नर्म ब्रेड रोल (पाव) के साथ परोसा जाता है।","पाव भजीः यह महाराष्ट्र की तेज खाने की रोटी है, जिसमें आमतौर पर दही लगाकर बनाई गई सब्जियों की डाल (भजी) होती है और नरम पाव के साथ परोसा जाता है।"
Kannada,Hindi,"ಲಾಲ್ ದೇದ್ ಹಾಗೂ ಹಬ್ಬಾ ಖಾತೂನ್‌ರ ಕಾಶ್ಮೀರಿ ರಚನೆಗಳು ಅವುಗಳ ಆಧ್ಯಾತ್ಮಿಕ ಸೊಗಡು ಮತ್ತು ತೀವ್ರವಾದ ಪರಿತಾಪದ ಅಭಿವ್ಯಕ್ತಿಗೆ ಹೆಸರುವಾಸಿಯಾಗಿವೆ, ಮೀರಾಬಾಯಿಯ ರಾಜಸ್ಥಾನೀ ಭಜನ್‌ಗಳು ಅವುಗಳ ಅನನ್ಯ ಭಕ್ತಿಯ ಲಕ್ಷಣಕ್ಕೆ ಹೆಸರಾಗಿವೆ, ತಮಿಳಿನಲ್ಲಿ ಆಂಡಾಳ್‌ಳ ಅನುಭಾವ ಮತ್ತು ಕನ್ನಡದಲ್ಲಿ ಅಕ್ಕ ಮಹಾದೇವಿಯ ವಚನಗಳು ಆ ಕಾಲದ ಸಾಹಿತ್ಯಕ್ಕೆ ಮಹಿಳೆಯರ ಮಹತ್ತರವಾದ ಕೊಡುಗೆಗೆ ಸಾಕ್ಷಿಗಳಾಗಿವೆ.","हब्बा खातून और लल्ल-द्यद की कश्मीरी रचनाएं उनके आध्यात्मिक अंदाज़ और गहन भावनाओं की अभिव्यक्ति के लिए जानी जाती हैं, राजस्थान में मीराबाई की रचनाएं उनकी अद्वितीय भक्ति के लिए लोकप्रिय हैं, तमिल में आण्डाल का गूढ़ ज्ञान तथा कन्नड़ में अक्का महादेवी के वचन उस समय के साहित्य में महिलाओं के व्यापक योगदान के प्रमाण हैं।","लाल देद और हब्बा खातून की कश्मीरी रचनाएँ उनके धार्मिक स्वभाव और गहन संवेदना के लिए प्रसिद्ध हैं, मीराबाई की राजस्थानी भजन उनकी अनूठी भक्ति के लिए प्रसिद्ध हैं, तमिल में अंडाल की अनुभूति और कन्नड़ में अकर्मा महादेवी के वचन साक्षी हैं कि उस समय के स"
Kannada,Hindi,"ಬೌದ್ಧ ಭಿತ್ತಿಚಿತ್ರಗಳನ್ನು ಹೊಂದಿರುವ ಬಾಘ್‌ ಗುಹೆಗಳು, ಮಧ್ಯಪ್ರದೇಶದ ಧಾರ್‌ ಜಿಲ್ಲೆಯಿಂದ ೯೭ ಕಿ.ಮೀ. ದೂರದಲ್ಲಿವೆ.","बाघ गुफाएं, जिनमें बौद्ध भित्ति चित्र बने हुए हैं, मध्य प्रदेश के धार ज़िले से 97 कि.मी. की दूरी पर स्थित हैं।","बौद्ध चित्रकला की शैलियों के साथ बाघ की गुफाएँ, मध्य प्रदेश के धार जिले से 97 किमी दूर हैं।"
Kannada,Hindi,"ಸಂಸೃತ ಸಾಹಿತ್ಯದಲ್ಲಿ ʼಮೂಲʼ ಎಂಬ ಪದದ ಸಾಮಾನ್ಯ ಅರ್ಥವು ಗಿಡ ಅಥವಾ ಮರದ ಬೇರು ಎಂದಾಗಿದ್ದರೂ, ಸಾಂಕೇತಿಕವಾಗಿ, ಯಾವುದರದ್ದೇ ಪಾದ ಅಥವಾ ಕೆಳಭಾಗ ಅಥವಾ ತಳ ಎಂದಾಗುತ್ತದೆ.","संस्कृत साहित्य में मूल शब्द का सामान्य अर्थ है किसी पौधे या वृक्ष की जड़, किंतु लाक्षणिक रूप में, यह किसी भी वस्तु का निचला हिस्सा या तल हो सकता है।","संस्कृत साहित्य में 'मूल' शब्द का सामान्य अर्थ होता है पौधा या पेड़ की जड़, हालांकि इसका प्रतीकात्मक अर्थ पैर या नीचे का होता है।"
Kannada,Hindi,ಸಿಂಧೂ ಕಣಿವೆಯ ನಾಗರಿಕತೆಯು ವಿವಿಧ ಕ್ಷೇತ್ರಗಳಲ್ಲಿ ಅದಕ್ಕಿದ್ದ ತಂತ್ರಜ್ಞಾನದ ಅರಿವಿಗಾಗಿ ಖ್ಯಾತವಾಗಿದೆ.,सिंधु घाटी सभ्यता विभिन्न क्षेत्रों में अपने तकनीकी ज्ञान के लिए जानी जाती है।,सिंधु घाटी सभ्यता के लिए प्रसिद्ध है क्योंकि उसमें विभिन्न क्षेत्रों में उसमें मौजूद प्रौद्योगिकी का ज्ञान था।
Kannada,Hindi,ಕೌರವರೆಲ್ಲರೂ ಮಡಿಯುತ್ತಾರೆ; ಐವರು ಪಾಂಡವ ಸಹೋದರರು ಮತ್ತು ಕೃಷ್ಣನು ಮಾತ್ರ ಬದುಕುಳಿಯುತ್ತಾರೆ.,सभी कौरव मर जाते हैं; केवल पाँच पांडव भाई और कृष्ण जीवित बचते हैं।,कौरव सभी मर जाते हैं; पाँडव बंधुओं में से पाँच और कृष्ण ही जीवित बच जाते हैं।
Kannada,Hindi,ಹದಿನೆಂಟು ದಿನಗಳವರೆಗೆ ಅತ್ಯುಗ್ರವಾಗಿ ನಡೆದ ಈ ಯುದ್ಧವು ಕೌರವರ ಪರಾಜಯದೊಂದಿಗೆ ಕೊನೆಗಾಣುತ್ತದೆ.,युद्ध अठारह दिनों तक चलता रहता है और कौरवों की पराजय के साथ समाप्त होता है।,हदीस-ए-तुर्की में 19 दिनों के लिए कठोर रूप से लड़ी गई इस लड़ाई का अंत कौरवों की हार से होता है।
Kannada,Hindi,"ಭರತರೆಂದು ಚಿರಪರಿಚಿತರಾಗಿರುವ ಒಂದು ಬುಡಕಟ್ಟಿನವರ ಪೂರ್ವಜರ ರಾಜ್ಯವಾಗಿದ್ದ, ಆಧುನಿಕ ದೆಹಲಿಗೆ ಉತ್ತರ ದಿಕ್ಕಿನಲ್ಲಿರುವ ಹಸ್ತಿನಾಪುರ ಸಾಮ್ರಾಜ್ಯದ ಸಿಂಹಾಸನದ ಉತ್ತರಾಧಿಕಾರಕ್ಕಾಗಿ ನಡೆದ ಸಂಘರ್ಷವು ಮಹಾಭಾರತದ ಪ್ರಧಾನ ಕಥೆಯಾಗಿದೆ.","महाभारत की केंद्रीय कथा हस्तिनापुर के सिंहासन पर उत्तराधिकार के लिए संघर्ष की कहानी है, एक ऐसा राज्य जो आधुनिक दिल्ली के ठीक उत्तर में है और जो भरत नाम से जानी जाने वाली एक जनजाति का पैतृक क्षेत्र है।","भारत के पूर्वजों के राज्य के रूप में जाने जाने वाले एक जनजाति के पूर्वजों के बीच हस्तिनापुर साम्राज्य के सिंहासन के उत्तराधिकार के लिए लड़ाई हुई, जो आधुनिक दिल्ली के उत्तर में है। यह महाभारत की प्रमुख कहानी है।"
Kannada,Hindi,"ಕರ್ನಾಟಕದಲ್ಲಿ ಮಾಂಸಾಹಾರಿಗಳಿಗಿಂತ ಸಸ್ಯಾಹಾರಿಗಳು ಹೆಚ್ಚಿನ ಸಂಖ್ಯೆಯಲ್ಲಿದ್ದಾರೆ; ಹಾಗಾಗಿ, ಅವರ ಪಾಕಪದ್ಧತಿಯು ಪ್ರಧಾನವಾಗಿ ಶಾಖಾಹಾರಿ ತಿನಿಸುಗಳಿಂದ ಕೂಡಿದೆ.",कर्नाटक में शाकाहारी लोगों की संख्या मांसाहारी लोगों से अधिक है; इसलिए उनके भोजन में मुख्य रूप से शाकाहारी व्यंजन होते हैं।,"कर्नाटक में मांसाहारी से अधिक संख्या में संयंत्राहारी हैं; इसलिए, उनकी खाना पकाने की पद्धति मुख्य रूप से शाखाहारी व्यंजनों से बनी हुई है।"
Kannada,Hindi,"ಅವನಿಗೆ ಉತ್ತರ ಹೇಳುವವನು ಸಂಜಯನಾಗಿದ್ದು, ಆತ ಯುದ್ಧಭೂಮಿಯಲ್ಲಿ ನಡೆಯುತ್ತಿರುವುದನ್ನೆಲ್ಲ ಕಥನಮಾಡುತ್ತಾನೆ.","उन्हें संजय से, जो उन्हें बता रहा है कि युद्ध के मैदान में क्या हो रहा है, उत्तर मिलता है।","उनके लिए उत्तर देने वाला संजय है, जो युद्ध क्षेत्र में चल रहा है।
ಅವನಿಗೆ ಉತ್ತರ ಹೇಳುವವನು ಸಂಜಯನಾಗಿದ್ದು, ಆತ ಯುದ್ಧಭೂಮಿಯಲ್ಲ�"
Kannada,Hindi,ಸಿಲಪ್ಪದಿಕಾರಮ್‌ ಮತ್ತು ಮಣಿಮೇಖಲೈ ತಮಿಳಿನಲ್ಲಿರುವ ಎರಡು ಮಹಾಕಾವ್ಯಗಳಾಗಿವೆ.,तमिल में मिलने वाले दो महाकाव्य सिलप्पदिकारम् और मणिमेकलै हैं।,सिलाप्पदिकारम् और मणिमेखलै तमिल भाषायां दो महाकाव्याः अस्ति।
Kannada,Hindi,ಈ ಪ್ರದೇಶದಲ್ಲಿ ಮೆಣಸಿನ ಪುಡಿಯನ್ನು ಎಚ್ಚರಿಕೆಯಿಂದ ಬಳಸಲಾಗುತ್ತದೆ.,इस क्षेत्र में मिर्च के पाउडर का उपयोग सावधानी से किया जाता है।,इस क्षेत्र में मक्का के आटे का उपयोग सावधानी से किया जाता है।
Kannada,Hindi,ʼಯೋಗʼ ಎಂಬ ಪದವು ಸೇರಿಸುವುದು ಅಥವಾ ಜೊತೆಗೂಡಿಸುವುದು ಅಥವಾ ಒಂದಾಗಿಸುವುದು ಎಂಬ ಅರ್ಥವನ್ನು ಹೊಂದಿರುವ ಸಂಸ್ಕೃತದ ʼಯುಜ್‌ʼ ಧಾತುವಿನಿಂದ ವ್ಯುತ್ಪನ್ನವಾಗಿದೆ.,"योग शब्द संस्कृत की युज् धातु से निकला है, जिसका अर्थ है जोड़ना या जोतना या सम्मिलित करना।","ऋणज्या का अर्थ है योग, जुड़ाव, एकीकरण या एक होना जैसा होता है जो संस्कृत का ऋणज्या धातु है।"
Kannada,Hindi,ಆಧುನಿಕ ಒಡಿಸ್ಸಿ ನೃತ್ಯವು ಒರಿಸ್ಸಾದ ದೇವಾಲಯಗಳ ಭಿತ್ತಿಗಳ ಮೇಲೆ ವಿವಿಧ ವಿಷಯಕವಾಗಿ ಕೆತ್ತಲಾಗಿರುವ ಅಸಂಖ್ಯ ಶಿಲ್ಪಗಳಿಂದ ವಿಕಸನಗೊಂಡಿದೆ.,आज का ओड़िसी उड़ीसा के मंदिरों की दीवारों पर विभिन्न रूपांकनों में उत्कीर्ण अनगिनत प्रतिमाओं से विकसित हुआ है।,"आधुनिक ओडिसी नृत्य ओडिसा के मंदिरों की दीवारों पर विभिन्न विषयों के साथ-साथ कई सौ शिल्पों के विकास से विकसित हुआ है।
ಆಧುನಿಕ ಒಡಿಸ್ಸಿ ನೃತ್ಯವು ಒರಿಸ್ಸಾದ ದೇವಾ�"
Kannada,Hindi,"ವಸಿಷ್ಠರು ಈಗ ರಾಜನೆಡೆಗೆ ತಿರುಗಿ, ನಯವಾಗಿ, ""ರಾಜನೇ, ಒಮ್ಮೆ ಕೊಟ್ಟ ಮಾತನ್ನು ನಿರಾಕರಿಸುವುದು ನಿನ್ನ ಘನತೆಗೆ ತರವಲ್ಲ"" ಎಂದರು.","वशिष्ठ अब राजा की ओर घूमे और धीरे से बोले: ""राजा , आपको शोभा नहीं देता कि आपने जिस चीज़ का एक बार वचन दिया था उससे आप मुकर जाएं।","वसिष्ठ अब राज की ओर मुड़ गए, न्यायपूर्ण रूप से, ""राजन, एक बार दिए गए वचन को त्यागना आपकी प्रतिष्ठा के लिए अनुचित है""।"
Kannada,Hindi,"ಅರ್ಜುನನು ಎಷ್ಟರಮಟ್ಟಿಗೆ ಹತಾಶನಾಗಿದ್ದಾನೆಂದು ಅರಿವಾದ ನಂತರವಷ್ಟೇ ಕೃಷ್ಣನು ತನ್ನ ನಿಲುವನ್ನು ಬದಲಿಸಿಕೊಂಡು, ಅವನಿಗೆ ಈ ಲೋಕದಲ್ಲಿನ ಧಾರ್ಮಿಕ ಕರ್ಮದ ನಿಗೂಢ ತತ್ತ್ವಗಳನ್ನು ಬೋಧಿಸತೊಡಗುತ್ತಾನೆ.","केवल तब जब उनको अर्जुन की हताशा की हद समझ में आई, कृष्ण ने अपना रवैया बदला और दुनिया में धार्मिक संघर्षों के रहस्य को सिखाना शुरू किया।","अर्जुन कितनी निराशा में हैं, इसका एहसास होने के बाद ही कृष्ण अपने स्थान को बदल देते हैं, और उन्हें इस संसार में धार्मिक कर्म के रहस्यमय सिद्धांतों को सिखाने में लग जाते हैं।"
Kannada,Hindi,"ನೀವು ಪಾತ್ರೆಯೊಳಗೆ ಅಕ್ಕಿ ಹಿಟ್ಟನ್ನು ತುಂಬಿಸುತ್ತಿರುವಂತೆಯೇ, ನಡುನಡುವೆ, ಸ್ವಲ್ಪ ಪ್ರಮಾಣದಲ್ಲಿ ತೆಂಗಿನ ತುರಿಯನ್ನೂ ಸೇರಿಸಬಹುದು.","जैसे-जैसे आप पात्र में चावल का आटा डाल रहे हों, बीच-बीच में आप कम मात्रा में घिसा हुआ नारियल भी डालें।","आपको सूखी मकई के भीतर हिट करने की तरह, थोड़ा सा कद्दू का बीज भी मिला सकता है।"
Kannada,Hindi,"ನೀವು ಕೊಳವೆಯಾಕಾರದ ಪಾತ್ರೆಗೆ ಒಂದು ಚಮಚ ಭರ್ತಿ ತೆಂಗಿನ ತುರಿ, ನಂತರ ಹದವಾಗಿ ಕಲೆಸಿದ ಅಕ್ಕಿ ಹಿಟ್ಟನ್ನು ತುಂಬಿಸುವುದರೊಂದಿಗೆ ಪ್ರಾರಂಭಿಸಬಹುದು.","आप बेलनाकार पात्र में एक चम्मच-भर कद्दूकस किया हुआ नारियल मिला कर शुरू कर सकते हैं, जिसके बाद अच्छी तरह मिश्रित चावल का आटा उसमें मिला दें।","आप एक गोलाकार डिश में एक चम्मच भरा हुआ तिल का चूर्ण, फिर कच्चा आटा हिट करें और उसे भर सकते हैं।"
Kannada,Hindi,ಮಹಾರಾಜ ರಣಜಿತ್‌ ಸಿಂಗನ ದತ್ತಿಯಿಂದಾಗಿ ಕ್ರಿ.ಶ. ೧೮೩೫ರ ಸುಮಾರಿಗೆ ನಾಂದೇಡ್‌ನಲ್ಲಿ ಸಂಕೀರ್ಣ ಕೆತ್ತನೆಯುಳ್ಳ ಭವ್ಯವಾದ ಚಿನ್ನದ ಗುಮ್ಮಟವನ್ನು ಹೊಂದಿರುವ ಒಂದು ಸುಂದರವಾದ ಮತ್ತು ವಿಸ್ಮಯಗೊಳಿಸುವಂಥ ಗುರುದ್ವಾರವು ನಿರ್ಮಾಣಗೊಂಡಿತು.,महाराजा रणजीत सिंह के दान के कारण 1835 ई. के आस-पास नांदेड में एक सुंदर और असाधारण गुरुद्वारे का निर्माण हुआ जिसमें जटिल नक्काशी वाला एक भव्य स्वर्ण गुंबद है।,महाराज रणजीत सिंह की संपत्ति से क्री 1835 के आसपास नांदेड़ में एक सुंदर और आश्चर्यजनक गुरुद्वारे का निर्माण किया गया था जिसमें संकीर्ण कीलों वाला एक भव्य चांदी का गुम्बद था।
Kannada,Hindi,"ಸಾಮವೇದವು ಈ ಆಯ್ದ ಋಕ್ಕುಗಳ ಸಂಗ್ರಹವಾಗಿದ್ದು, ಅವುಗಳನ್ನು ಉದ್ದೇಶಿತ ಛಂದಸ್ಸು ಅಥವಾ ಲಯಬದ್ಧತೆಗೆ ಅನುಸಾರವಾಗಿ ಸ್ವರಬದ್ಧಗೊಳಿಸಲಾಗಿದೆ.",सामवेद इन चुनी हुई ऋचाओं का एक संग्रह है जिन्हें प्रस्तावित छंद या लयबद्ध ताल पर निर्धारित करते हुए स्वरों में व्यवस्थित किया गया है।,"सामवेद है एक संग्रह, जिसमें चुने हुए ऋचाएँ हैं, जिन्हें इच्छित छंद या ताल के अनुसार वर्णित किया गया है।"
Kannada,Hindi,"ವಾಲ್ಮೀಕಿಯು ಮಾಡಿರುವ ಕೋಸಲದ ರಾಜಧಾನಿಯ ವರ್ಣನೆಯಿಂದ, ಪ್ರಾಚೀನ ಅಯೋಧ್ಯೆಯು ನಮ್ಮ ಆಧುನಿಕ ನಗರಗಳಿಗಿಂತ ಕಡಿಮೆಯದ್ದಾಗಿರಲಿಲ್ಲವೆಂಬುದು ಸ್ಪಷ್ಟವಾಗುತ್ತದೆ.",वाल्मीकि द्वारा किए गए राजधानी कोशल के वर्णन से यह सुस्पष्ट है किअयोध्या की प्राचीन राजधानी हमारे आधुनिक शहरों से किसी भी तरह से कम नहीं थी।,वाल्मीकि द्वारा कोसल राजधानी की वर्णनात्मक विवरण से स्पष्ट होता है कि प्राचीन अयोध्या हमारे आधुनिक शहरों से कम नहीं थी।
Kannada,Hindi,"ʼನಾನು ಮಾಡುತ್ತೇನೆʼ ಎಂದು ಒಮ್ಮೆ ಹೇಳಿಯಾದ ಮೇಲೆ, ಅದರಂತೆ ಮಾಡುವುದನ್ನು ಬಿಟ್ಟು ನಿನಗೆ ಬೇರೆ ಆಯ್ಕೆಯಿಲ್ಲ.","एक बार ऐसा कह देने पर कि 'मैं यह करूँगा', तुम्हारे पास इसे करने के अलावा कोई विकल्प नहीं रह जाता है।","मैं करता हूँ क्योंकि मैंने एक बार कहा है, तो मैं ऐसा नहीं करूंगा और आप किसी और विकल्प के बिना होंगे।"
Kannada,Hindi,"ಇತ್ತೀಚಿನ ದಿನಗಳಲ್ಲಿ, ರೂಪಾಯಿಯ ವಿನಿಮಯ ದರ ಮತ್ತು ನಮ್ಮ ವಿದೇಶಿ ವಿನಿಮಯ ಮೀಸಲಿನ ಪರ್ಯಾಪ್ತತೆಯ ಬಗ್ಗೆ ಭಿನ್ನವಿಭಿನ್ನವಾದ ಅಭಿಪ್ರಾಯಗಳನ್ನು ತಳೆಯಲಾಗಿದೆ.","हाल के वर्षों में, रुपये की विनिमय दर तथा विदेशी मुद्रा आरक्षित भंडार की पर्याप्तता पर भिन्न-भिन्न दृष्टिकोण सामने आए हैं।","हाल ही में, रुपये की विनिमय दर और हमारे विदेशी विनिमय मुद्रा कोष के बारे में अलग-अलग राय हो रही हैं।"
Kannada,Hindi,ಕ್ರೆಡಿಟ್‌ ಕಾರ್ಡ್‌ ಖಾತೆಯೊಂದು ಮೂರು ದಿನಗಳಿಗಿಂತ ಹೆಚ್ಚಿಗೆ ವಾಯಿದೆಯನ್ನು ಮೀರಿದುದಾಗಿ ಉಳಿದಿದ್ದಾಗ ಮಾತ್ರ ಬ್ಯಾಂಕು ಆ ಕ್ರೆಡಿಟ್‌ ಕಾರ್ಡ್‌ ಖಾತೆಯನ್ನು ಸಾಲ ಮಾಹಿತಿ ಕಂಪನಿಗಳಿಗೆ (ಸಿ.ಐ.ಸಿ.ಗಳು) ವಾಯಿದೆ ಮೀರಿದೆ ಎಂದು ವರದಿ ಮಾಡಬಹುದು ಅಥವಾ ದಂಡ ಶುಲ್ಕಗಳನ್ನು ಎಂದರೆ ವಿಳಂಬ ಪಾವತಿ ಶುಲ್ಕಗಳೇ ಮೊದಲಾದ ಯಾವುದಾದರೂ ಶುಲ್ಕಗಳಿದ್ದರೆ ಅವನ್ನು ವಿಧಿಸಬಹುದು.,"जब कोई क्रेडिट कार्ड खाता तीन दिन से अधिक पिछला बकाया दिखाता है, केवल तभी बैंक साख सूचना कंपनियों (सी.आई.सी.) को सूचित कर सकते हैं कि इसका पिछला बकाया है या देर से भुगतान शुल्क इत्यादि जैसा जुर्माना लगा सकते हैं।",क्रेडिट कार्ड खाते को तीन दिनों से अधिक विलंबित होने पर बैंक को इस खाते को ऋण जानकारी कंपनियों (सी.आई.सी. के रूप में) को विलंबित किया गया है के रूप में रिपोर्ट करने का अधिकार है या दंड शुल्क के रूप में किसी भी तरह के शुल्क को लगाने का अध
Kannada,Hindi,ರಾಷ್ಟ್ರಗಳು ತಮ್ಮ ವರಮಾನವನ್ನು ಹೆಚ್ಚಿಸಿಕೊಳ್ಳಲು ಆಂತರಿಕ ನೇರ ಹೂಡಿಕೆಯನ್ನು ಉತ್ತೇಜಿಸಬಹುದು.,देश अपनी आर्थिक स्थिति में सुधार करने हेतु विदेशों से प्रत्यक्ष निवेश को बढ़ावा दे सकते हैं।,राष्ट्रों को अपनी आय को बढ़ाने के लिए घरेलू सीधे निवेश को प्रोत्साहित करने के लिए।
Kannada,Hindi,"ಆದಾಗ್ಯೂ, ಪ್ಯಾಕೇಜನ್ನು ಶೀಘ್ರವಾಗಿ ಕಾರ್ಯಗತಗೊಳಿಸುವುದನ್ನು ಉತ್ತೇಜಿಸಲು, ಬ್ಯಾಂಕು ಮಂಜೂರಾದ ಪ್ಯಾಕೇಜನ್ನು ತನ್ನಿಂದ ಅರ್ಜಿ ಸ್ವೀಕೃತವಾದ ದಿನಾಂಕದಿಂದ ೯೦ ದಿನಗಳ ಒಳಗೆ ಕಾರ್ಯಗತಗೊಳಿಸಿದರೆ, ಸ್ವತ್ತು ವರ್ಗೀಕರಣ ಸ್ಥಿತಿಯನ್ನು ಬ್ಯಾಂಕಿನಿಂದ ಮರುರಚನೆಯ ಅರ್ಜಿಯು ಸ್ವೀಕೃತವಾದಾಗ ಇದ್ದ ಸ್ಥಾನದಲ್ಲಿಯೇ ಪುನಃಸ್ಥಾಪಿಸಬಹುದು.","तथापि, पैकेज के त्वरित कार्यान्वयन के लिए प्रोत्साहन के रूप में,अगर अनुमोदित पैकेज बैंक द्वारा आवेदन प्राप्त करने के 90 दिनों के भीतर कार्यान्वित किया जाता है तो आस्ति वर्गीकरण की स्थिति बैंक द्वारा पुनर्रचना का आवेदन प्राप्त करने के समय वाले स्तर पर पुनः स्थापित की जा सकती है।","हालाँकि, बैंक को मंजूरी पैकेज को तुरंत सक्रिय करने के लिए प्रोत्साहित करने के लिए, बैंक द्वारा स्वीकार किए गए आवेदन के दिनांक से 90 दिनों के भीतर पैकेज को सक्रिय करने पर, संपत्ति को बैंक से आवेदन स्वीकार होने पर पुनःस्थापित किया जा सकता है।"
Kannada,Hindi,"ಖಾಸಗಿ ಬಂಡವಾಳ ಶೇಖರಣೆಯ ಕ್ರಿಯಾಶಕ್ತಿಯಿಂದಾಗಿ ಅನಿವಾರ್ಯವಾಗಿ ಕೆಲವೇ ಕೈಗಳಲ್ಲಿ ಸಂಪತ್ತಿನ ಕೇಂದ್ರೀಕರಣವಾಗುವುದಕ್ಕೆ ದಾರಿಯಾಗುತ್ತದೆಯೇ ಅಥವಾ ಸಮತೋಲನವನ್ನು ಕಾಯುವ ಶಕ್ತಿಗಳಾದ ಬೆಳವಣಿಗೆ, ಸ್ಪರ್ಧೆ, ಮತ್ತು ತಂತ್ರಜ್ಞಾನದ ಪ್ರಗತಿಯು ಅಸಮಾನತೆಯನ್ನು ಕಡಿಮೆಗೊಳಿಸುತ್ತವೆಯೇ?","क्या निजी पूँजी संचय की गतिशीलता अनिवार्य रूप से धन के संकेन्द्रण को कुछ ही लोगों तक सीमित कर देती है, या विकास, प्रतियोगिता, तथा तकनीकी प्रगति की प्रतिकारी शक्तियों के परिणामस्वरूप असमानता कम होने लगती है?","खुदरा निवेश के संचय से निर्मित गतिशीलता से निर्धारित, धन केंद्रीकरण को केवल कुछ हाथों में सीमित हो जाता है या विकास, प्रतिस्पर्धा और प्रौद्योगिकी के विकास ने असमानता को कम करने की क्षमता है?
ಕೆಲವು ವರ್ಷಗಳ ಹಿ�"
Kannada,Hindi,ಅದು ಅತಿಯಾದ ಅಸ್ಥಿರತೆಗೆ ಕಡಿವಾಣ ಹಾಕಲು ಮತ್ತು ನಿರೀಕ್ಷೆಗಳನ್ನು ಹತೋಟಿಯಲ್ಲಿಡಲು ಮಾರುಕಟ್ಟೆಯಲ್ಲಿ ಮಧ್ಯ ಪ್ರವೇಶಿಸುತ್ತದೆ.,यह बाज़ार में अत्यधिक अस्थिरता को कम करने और स्फीति को अत्यधिक बढ़ने से रोकने के लिए हस्तक्षेप करता है।,आपने कुछ दिनों के लिए अपने जीवन के बारे में सोचा होगा। क्या आप एक विशिष्ट कैरियर पथ के साथ जा रहे हैं? क्या आप अपने जीवन में कुछ मायने रखते हैं? क्या आप सोचते हैं कि आप किसी के लिए एक अच्छा पति या पत्नी बन सकते हैं? क्या आप सोचते हैं कि आप किसी क
Kannada,Hindi,೨ನೇ ತ್ರೈಮಾಸಿಕದ ಅಧಿಕ-ಆವರ್ತನ ದತ್ತಾಂಶವು ಆರ್ಥಿಕ ಚಟುವಟಿಕೆಯು ಸ್ಥಿತಿಸ್ಥಾಪಕವಾಗಿಯೇ ಇದೆಯೆಂದು ಸೂಚಿಸುತ್ತದೆ.,दूसरी तिमाही के उच्च आवृत्ति आँकड़े दर्शाते हैं कि आर्थिक संचालन अब भी मजबूत है।,दूसरी त्रैमासिक अवधि का अति-आवृत्ति डेटा आर्थिक गतिविधि को स्थिर मान रहा है।
Kannada,Hindi,"ಸಮಗ್ರ ಅರ್ಥಶಾಸ್ತ್ರದಲ್ಲಿ, ವಿಷಯವು ಸಾಮಾನ್ಯವಾಗಿ ಒಂದು ರಾಷ್ಟ್ರವಾಗಿದ್ದು, ಅರ್ಥಶಾಸ್ತ್ರಜ್ಞರು ಸಮಷ್ಟಿ ಚಲಪರಿಮಾಣಗಳೆಂದು ಕರೆಯುವ ಬೃಹತ್ ವಿದ್ಯಮಾನಗಳನ್ನು ಉಂಟುಮಾಡಲು ಎಲ್ಲಾ ಮಾರುಕಟ್ಟೆಗಳು ಹೇಗೆ ಪರಸ್ಪರವಾಗಿ ಕಾರ್ಯ ನಡೆಸುತ್ತವೆ ಎಂಬುದಾಗಿದೆ.","समष्टि अर्थशास्त्र में, विषय विशिष्ट रूप से एक राष्ट्र होता है और इसके बाज़ार किस प्रकार से उन व्यापक घटनाओं को उत्पन्न करने में एक-दूसरे को प्रभावित करते हैं जिसे अर्थशास्त्री समग्र चर कहते हैं।","अर्थशास्त्र में समग्र अर्थशास्त्र में, विषय सामान्यतया एक राष्ट्र होता है, और अर्थशास्त्रियों द्वारा एकत्रित आंकड़ों के रूप में जानी जाने वाली बड़ी घटनाओं को उत्पन्न करने के लिए सभी बाजार एक-दूसरे के साथ कैसे काम करते हैं-"
Kannada,Hindi,ದ್ರವ್ಯತೆಯು ಅತ್ಯಲ್ಪಕಾಲದ ಸೂಚನೆಯ ಮೇರೆಗೆ ವಿತ್ತೀಯ ಆಸ್ತಿಗಳನ್ನು ಎಷ್ಟರ ಮಟ್ಟಿಗೆ ಪೂರ್ಣ ಮಾರುಕಟ್ಟೆ ಬೆಲೆಗೆ ಸಾಧ್ಯವಾದಷ್ಟು ಹತ್ತಿರದ ಬೆಲೆಯಲ್ಲಿ ಮಾರಾಟ ಮಾಡಬಹುದೆಂಬುದನ್ನು ಸೂಚಿಸುತ್ತದೆ.,चल निधि का अर्थ है किस हद तक अल्पकाल में पूरे बाजार भाव से बहुत कम अंतर पर वित्तीय संपत्ति बेची जा सकती है।,वित्तीय संपत्तियों की एकत्रीकरण की क्षमता
Kannada,Hindi,"ಸ್ಥೂಲವಾಗಿ, ಆದಾಯವನ್ನು ಗುರುತಿಸುವ ನೀತಿಯು ಯಾವುದೇ ವ್ಯಕ್ತಿನಿಷ್ಠ ಪರಿಗಣನೆಗಳನ್ನು ಆಧರಿಸಿರುವುದಕ್ಕಿಂತ ವಸ್ತುನಿಷ್ಠವಾಗಿರಬೇಕು ಮತ್ತು ವಸೂಲಾತಿಯ ದಾಖಲೆಯನ್ನು ಆಧರಿಸಿರಬೇಕು.","मोटे तौर पर, आय मान्यता की नीति व्यक्तिनिष्ठ कारणों पर आधारित होने के बजाय वस्तुनिष्ठ और वसूली के विवरण पर आधारित होनी चाहिए।",सामान्य रूप से आय को पहचानने की नीति किसी भी व्यक्तिगत रूप से ग्राह्य प्रतिनिधित्व के बजाय वस्तुनिष्ठ होनी चाहिए और राजस्व के संबंध में रिकॉर्ड का उपयोग करना चाहिए।
Telugu,Hindi,"బాహ్య రూపం అనేది సేవ చేసే వ్యక్తి తాలూకు బూట్లు, బట్టలు, టై, ఆభరణాలు, కేశాలంకరణ, అలంకరణ, గడియారం, సౌందర్య సాధనాలు,అత్తరు మొదలైనటువంటి వాటికి సంబంధించిన లక్షణాల సమాహారం.","सेवा संबंधी लोगों के लिए भेष कई गुणों का संयोजन है, जैसे कि उनके जूते, कपड़े, टाई, आभूषण, केश शैली, मेक-अप, घड़ी, कॉस्मेटिक, इत्र, आदि।","बाह्य रूप एक सेवा प्रदान करने वाले व्यक्ति के लिए संबंधित बूट्स, कपड़े, टाई, आभूषण, सजावट, अलंकरण, घड़ी, सौंदर्य सामान और अन्य के लिए विशेषताओं का संकलन है।"
Telugu,Hindi,"మహారాష్ట్ర లోని ఔరంగాబాద్ జిల్లాలో నెలకొని ఉన్నఅజంతా, ఇరవై తొమ్మిది చైత్యా మరియు విహారా గుహలు కలిగి ఉంది, ఇవి క్రీ పూ ఒకటవ శతాబ్దం- క్రీ శ ఐదవ శతబ్దం మధ్య కాలపు శిల్పాలు మరియు చిత్రాలతో అలంకరించబడి ఉంటాయి.",महाराष्ट्र के औरंगाबाद जिले में स्थित अजंता में उन्तीस चैत्य और विहार गुफाएँ हैं जो पहली शताब्दी ई.पू. से ले कर पाँचवीं शताब्दी ईस्वी तक की मूर्तियों तथा चित्रकारियों से सुसज्जित हैं।,"अजंता गुफाएँ, महाराष्ट्र के आहरंगाबाद जिले में स्थित, 30 शिल्प और चित्रों से भरी हुई हैं जो क्री पू 1वीं शताब्दी से लेकर क्री सी 5वीं शताब्दी तक के हैं।
अजंता गुफाएँ, महाराष्ट्र के आहरंगाबाद जिले में स्थित, 30 शिल्प और चित्रों स"
Telugu,Hindi,"శరీరపు రంగు ఆవరణరేఖతో కలిసిపోయి, ఘనపరిమాణ భావం కలిగిస్తుంది.","विस्तार का असर बनाते हुए, शरीर का रंग बाहरी रेखा में घुल-मिल जाता है।","शरीर के रंग की आवरण रेखा के साथ, घनत्व का भाव होता है।"
Telugu,Hindi,"అశోకుడు శిల్పాలు, గొప్ప కట్టడాల కోసం రాతిని విస్తృతంగా ఉపయోగించడం మొదలుపెట్టాడు, కాగా అంతకు మునుపటి సంప్రదాయంలో చెక్క మరియు బంకమట్టిని ఉపయోగించేవారు.","अशोक ने व्यापक रूप से मूर्तियों और शानदार स्मारकों को बनाने के लिए पत्थर का प्रयोग करना शुरू किया, जबकि उससे पहले पारंपरिक रूप से लकड़ी और मिट्टी का प्रयोग किया जाता है।","अशोक की मूर्तियाँ, जिन्होंने महान इमारतों के लिए पत्थर का उपयोग व्यापक रूप से करना शुरू किया, जो पूर्व के पारंपरिक रूप से चित्रकारी और ईंट का उपयोग करते थे।"
Telugu,Hindi,"మహారాష్ట్రకు చెందిన ఈ రుచికరమైన, ప్రసిద్ధ వంటకాన్ని తయారు చేయడానికి బంగాళాదుంపలను మసాలాలతో కలిపి, శనగపిండిలో ముంచి నూనెలో బాగా వేయిస్తారు.","महाराष्ट्र के इस स्वादिष्ट और प्रसिद्ध व्यंजन में आलुओं में मसाले को मिलाकर, बेसन के घोल की परत लगाकर, उसे अच्छी तरह से तल कर बनाया जाता है।","महाराष्ट्र का यह स्वादिष्ट और प्रसिद्ध व्यंजन बनाने के लिए बंगाल के आलू को मसालों के साथ मिलाकर, शेंगा की दाल में उबालकर और नमकीन तेल में अच्छी तरह से पकाया जाता है।"
Telugu,Hindi,"చెట్టినాడ్ వంట శైలి తమిళనాడు రాష్ట్రంలోని చెట్టినాడ్ ప్రాంతానికి చెందిన నాట్టుకోట్టై చెట్టియార్లు, లేదా నగరత్తార్లు అని వారిని వారు పిలుచుకొనే సముదాయానికి చెందిన వంట శైలి.",चेट्टिनाड भोजन तमिल नाडु के चेट्टिनाड क्षेत्र के नाट्टूकोटाई चेट्टियार नामक समुदाय या खुद को नागारथार कहने वालों का भोजन है।,चेट्टिनाड़ व्यंजन शैली चेट्टिनाड़ क्षेत्र के तामिल राज्य में रहने वाले नाटुकोट्टई चेट्टियार या नगरत्तार कहलाने वाले समुदाय के लिए एक व्यंजन शैली है।
Telugu,Hindi,"దాల్చినచెక్క భారతదేశానికి స్థానికమైనది, అలాగే దాని ఉపయోగాల పరిధి సువాసనా సాధకానికి సంబంధించడం నుండి ఔషధ సాధకానికి సంబంధించే వరకు ఉంటాయి.",दालचीनी मूल रूप से भारत की है और इस रूप में इसका प्रयोग स्वादिष्टकारक से लेकर औषधीय कारक के रूप में किया जाता है।,"डालचिनी भारत के लिए एक स्थानिक प्रजाति है, और इसकी उपयोगिता का सीमा सुगंध से जुड़ी हुई है और औषधीय उपयोगों की सीमा तक है।"
Telugu,Hindi,దీనిని తిరగలిలో గాని లేదా రోట్లో గాని పొడిగా చేయండి.,सूखे ग्राइंडर में या फिर पत्थर के मूसल में इसका चूर्ण बना लें।,डब्ल्यू. डी. सी. 2016 के बाद से शुरू होने वाले सभी प्रारूपों में प्रोटोकॉल।
Telugu,Hindi,"పంజాబులో ప్రతీ నగరం విభిన్నమైన అభిరుచులు కలిగి ఉంటుంది, ఎలాగంటే అమృత్‌సర్‌లోని ప్రజలకు అమృత్‌సరి కుల్చాలు, స్టఫ్డ్ పరాఠాలు, పాల ఉత్పత్తులంటే ఇష్టం.","पंजाब के हर शहर की अपनी पसंद है, जैसे कि अमृतसर के लोग विशेष रूप से अमृतसरी कुलचे, भरवां पराठें और दूध के उत्पाद पसंद करते हैं।","पंजाब में प्रत्येक शहर की अपनी अलग-अलग रुचियाँ होती हैं, जैसे कि अमृतसर के लोगों को अमृतसरी कुलचे, स्टफ्ड पराठे और दूध उत्पादों के बारे में प्यार है।"
Telugu,Hindi,"రాముడిని మునితో పంపించండి, అలాగే లక్ష్మణుడిని కూడా పంపించండి.","राम को ऋषि के साथ भेज दो, और लक्ष्मण को भी भेज दो।","राम को मुनि के साथ भेज दो, और लक्ष्मण को भी भेज दो।
    - <templatestyles src=""Reflist/styles.css"" />

    - <templatestyles src=""Reflist/styles.css"" />"
Telugu,Hindi,"అయితే మంగళ్ పాండే యొక్క సాహస కృత్యం, ఉన్నతమైన, ఉదాత్తమైన సిద్ధాంతం పట్ల భక్తితో చేయబడినది.",परंतु मंगल पांडे ने यह साहसिक कारनामा एक ऊँचे और श्रेष्ठ सिद्धांत के प्रति समर्पण के लिए किया।,"हालाँकि मंगल पांडे का साहसिक कृत्य, उच्चतम, उदारवादी सिद्धांत के प्रति श्रद्धा से किया गया था।"
Telugu,Hindi,"ఉల్లిపాయలు మగ్గాక, నానబెట్టిన మటన్ తో బాటు పసుపు వేసి కాసేపు మసాలాలన్నీ మటన్ పీల్చుకునేదాకా ఒక 5-6 నిమిషాలబాటు వేయించుకోవాలి.",प्याज जब पारभासी हो जाए तो उसमें मसालों के मिश्रण में कुछ समय से रखे गए मांस और पिसी हल्दी डाल कर 5-6 मिनट तक हल्का-सा तलते रहें जब तक कि मांस सभी मसालों को सोख न ले।,"उल्ली पाएँ, मगर नानबेटे के साथ मट्टन के साथ, पीला रंग करें और कुछ समय के लिए मट्टन को पीस लें जितना 5-6 मिनट।"
Telugu,Hindi,"హితోపదేశ అనేది పక్షులు, జంతువులు, మానవ పాత్రల ద్వారా ప్రాపంచిక జ్ఞానాన్ని అందించే గ్రంథం.","हितोपदेश एक पुस्तक है जिसमें सांसारिक ज्ञान पक्षियों, पशुओं, और मनुष्यों के चरित्रों के माध्यम से प्रस्तुत किया गया है।","हितोपदेश हिंदी भाषा का एक प्राचीन ग्रन्थ है, जो पक्षियों, जानवरों और मानव पात्रों द्वारा प्राप्त दुनिया के ज्ञान को प्रदान करता है।"
Telugu,Hindi,సంస్కృత వ్యక్తీకరణలో ప్రావీణ్యాన్ని మరియు వివేకవంతమైన ప్రవర్తనకు సంబంధించిన జ్ఞానాన్ని ప్రోత్సహించడం ఈ పుస్తకం యొక్క ఉద్దేశ్యంగా కనిపిస్తోంది.,ऐसा प्रतीत होता है कि पुस्तक का उद्देश्य संस्कृत अभिव्यक्ति में प्रवीणता और विवेकपूर्ण व्यवहार के ज्ञान को प्रोत्साहित करना है।,संस्कृत व्युत्पत्ति में प्रावीण्य और विवेकपूर्ण व्यवहार के संबंध में ज्ञान को प्रोत्साहित करने का उद्देश्य है यह पुस्तक.
Telugu,Hindi,ప్రొఫెసర్ అసిత్ కుమార్ బందోపాధ్యాయ్ ఆయన సొంతఊరు హౌరా సంపూర్ణ చరిత్రను 1994 మరియు 1995 లో హౌరా సహరర్ ఇతిబ్రిత్తో పేరున (మొదటి మరియు రెండవ భాగం) సంకలనం చేయడంలో మార్గదర్శకులుగా వ్యవహరించారు.,"प्रोफेसर असितकुमार बन्दोपाध्याय ने 1994 और 1995 में अपने गृह-नगर, हावड़ा के संपूर्ण इतिहास को हावड़ा शहरेर इतिवृत्त (पहला और दूसरा खंड) नाम से संकलित करने में महत्वपूर्ण भूमिका निभाई है।","प्रोफेसर असित कुमार बांडोपाध्याय ने 1994 और 1995 में हाउरा शहरी इतिहास का संपादन किया था (प्रथम और द्वितीय भाग) हाउरा नगर पालिका से, जो उनके स्वामित्व वाले शहर हाउरा के पूर्ण इतिहास का एक हिस्सा है।"
Telugu,Hindi,"చైత్యా చావడి ముందు భాగాన శాశించే వరుస అర్ధ వృత్తాకార చైత్యా ఆర్చీలతో తెరచి ఉన్నచెక్క ముఖద్వారం కలిగి ఉంటుంది, అలాగే, మరి కొన్నిటిలో శాశించే చైత్యా ఆర్చీల గవాక్షం ఉండదు.",चैत्य के सभागृह में सामने की ओर अर्ध-वृत्ताकार चैत्य चाप रूपांकित है जिसका सामने का हिस्सा खुला है जहां पर लकड़ी का भवनमुख है और किसी-किसी में मुख्य चैत्य चाप वाली खिड़की नहीं है।,"चैत्या के मंदिर के प्रवेश द्वार के पूर्व भाग में एक श्रृंखला है जिसमें अर्धचक्राकार चैत्या आर्चीज़ के साथ शांतिपूर्वक शांति होती है, और अन्य कुछ में शांतिपूर्वक शांति नहीं होती।"
Telugu,Hindi,తరతరాల 'మహారాజ్'లు మరియు 'ఖాన్సామాలు' (భారతదేశంలో నిష్ణాతులైన వంటమనిషులను సంప్రదాయంగా పిలిచే పేరు) శతాబ్దాలుగా వంటకాలను ఖచ్చితమైనవిగా చేశారు మరియు ఈ వంటకాలు చేసే పద్ధతులు వేల ఏళ్ళతరబడి మౌఖిక సంప్రదాయం ద్వారా అందించబడుతూ ఉన్నాయి.,महाराजों और खानसामों (जैसा कि कुशल रसोइयों को परंपरागत रूप से भारत में कहा जाता है) की पीढ़ियों ने सदियों से इन पाक-विधियों को परिपूर्ण कर दिया है और अब ये पाक-विधियाँ सहस्रों वर्षों में मौखिक परमपरा के माध्यम से आगे बढ़ती आई हैं।,तस्वीरें।
Telugu,Hindi,దీని తయారీని సాంప్రదాయకంగా వాజాలు లేదా వంటవాళ్ళ సహాయంతో వాస్తా వాజా లేదా ప్రధాన వంటవారు చేస్తారు.,"पारंपरिक रूप से रसोइयों के दल की सहायता से तैयारी वास्ता वाज़ा, या प्रधान रसोइये द्वारा की जाती है।",इसे सामान्य रूप से वाजा या वाजा के साथ वास्ता वाजा या मुख्य वाजा द्वारा बनाया जाता है।
Telugu,Hindi,"పావ్ భాజీ: ఇది మహారాష్ట్రకు చెందిన చిరుతిండి వంటకం, దీనిలో సాధారణంగా వెన్నతో తయారు చేసిన చిక్కటి కూరగాయల కూరను మెత్తటి బ్రెడ్ రోల్ (పావ్)తో కలిపి వడ్డిస్తారు.","पाव भाजी: यह महाराष्ट्र का एक फास्ट फूड व्यंजन है, जिसमें सब्जियों का गाढ़ा मिश्रण होता है जिसे सामान्यतया मक्खन में पकाया जाता है और एक नर्म ब्रेड रोल (पाव) के साथ परोसा जाता है।",पाव भजीः यह एक महाराष्ट्रीयन पकवान है जिसमें आमतौर पर वेने से बनी पतली सब्जियों की सब्जी को मुलायम रोटी के साथ भुना जाता है।
Telugu,Hindi,"లల్ దెద్ మరియ హబ్బా ఖాతూన్ వంటి కాశ్మీరీ రచనలు వాటిలోని ఆధ్యాత్మిక కమ్మదనం, తీవ్రమైన ఆవేదనా భావాల వ్యక్తీకరణకి, రాజస్థాన్లో మీరాబాయి రచనలు అద్వితీయ భక్తి గుణానికి, తమిళంలోని ఆండాళ్ భావయోగము, మరియు కన్నడంలో అక్క మహాదేవి వచనలు అలనాటి సాహిత్యరంగానికి స్త్రీల ఘనమైన తోడ్పాటుకి నిదర్శనాలు.","हब्बा खातून और लल्ल-द्यद की कश्मीरी रचनाएं उनके आध्यात्मिक अंदाज़ और गहन भावनाओं की अभिव्यक्ति के लिए जानी जाती हैं, राजस्थान में मीराबाई की रचनाएं उनकी अद्वितीय भक्ति के लिए लोकप्रिय हैं, तमिल में आण्डाल का गूढ़ ज्ञान तथा कन्नड़ में अक्का महादेवी के वचन उस समय के साहित्य में महिलाओं के व्यापक योगदान के प्रमाण हैं।","लल देड और हब्बा खातून जैसी कश्मीरी रचनाएँ और उनके भीतर की आध्यात्मिक भावना, गहन गहरी भावनाओं की अभिव्यक्ति, राजस्थान की मीराबाई की रचनाओं की अनुपम भक्ति गुणवत्ता, तमिल में अंडाल की भावयोगम् और कन्नड़ में अक्का महादेवी की वाणियाँ, महिलाओं की व"
Telugu,Hindi,బౌద్ధ కుడ్య చిత్రాలు గల బాగ్ గుహలు మధ్యప్రదేశ్‌లోని ధార్ జిల్లాకు 97 కిమీ దూరంలో ఉన్నాయి.,"बाघ गुफाएं, जिनमें बौद्ध भित्ति चित्र बने हुए हैं, मध्य प्रदेश के धार ज़िले से 97 कि.मी. की दूरी पर स्थित हैं।",बौद्ध कुड़ी चित्रों वाले बाग गुफाएँ मध्य प्रदेश के धार जिले में स्थित हैं।
Telugu,Hindi,"సంస్కృత సాహిత్యంలో మూల అనే పదానికి సాధారణ అర్ధం మొక్క లేదా చెట్టు వేరు, కానీ ఉపమానంగా, అది పాదము లేదా దేనికైనా దిగువ భాగం లేదా అడుగు.","संस्कृत साहित्य में मूल शब्द का सामान्य अर्थ है किसी पौधे या वृक्ष की जड़, किंतु लाक्षणिक रूप में, यह किसी भी वस्तु का निचला हिस्सा या तल हो सकता है।","संस्कृत साहित्य में मूल के लिए सामान्य अर्थ मूल का अर्थ है एक पौधा या पेड़, लेकिन इसे एक उदाहरण के रूप में प्रयोग किया जाता है, जो कि पैर या किसी चीज के नीचे का हिस्सा या फुट हो सकता है।"
Telugu,Hindi,సింధు లోయ నాగరికత వివిధ రంగాలలో దానికున్న సాంకేతిక పరిజ్ఞానానికి ప్రసిద్ధి చెందింది.,सिंधु घाटी सभ्यता विभिन्न क्षेत्रों में अपने तकनीकी ज्ञान के लिए जानी जाती है।,सिंधु घाटी सभ्यता को कई क्षेत्रों में अपनी तकनीकी समझ के लिए जाना जाता है।
Telugu,Hindi,"కౌరవులందరూ మరణిస్తారు; ఐదుగురు పాండవ సోదరులు, కృష్ణుడు మాత్రమే సజీవంగా మిగులుతారు.",सभी कौरव मर जाते हैं; केवल पाँच पांडव भाई और कृष्ण जीवित बचते हैं।,"कौरव सभी मर जाते हैं; पांडव बंधु, कृष्ण एकमात्र जीवित बच जाते हैं।"
Telugu,Hindi,యుద్ధం పద్దెనిమిది రోజుల పాటు విధ్వంసకరంగా కొనసాగి కౌరవుల ఓటమితో ముగిసి పోతుంది.,युद्ध अठारह दिनों तक चलता रहता है और कौरवों की पराजय के साथ समाप्त होता है।,युद्ध 13 दिनों तक हिंसक रूप से जारी रहता है और कौरवों की हार से समाप्त हो जाता है।
Telugu,Hindi,"మహాభారతం ప్రధాన కథ ఆధునిక ఢిల్లీకి కొద్దిగా ఉత్తరాన ఉండిన రాజ్యమైన హస్తినాపురం యొక్క సింహాసనానికై పోరాటం, ఇది భరతులు అని వాడుకగా పిలువబడిన తెగకు చెందిన పూర్వీకుల రాజ్యం.","महाभारत की केंद्रीय कथा हस्तिनापुर के सिंहासन पर उत्तराधिकार के लिए संघर्ष की कहानी है, एक ऐसा राज्य जो आधुनिक दिल्ली के ठीक उत्तर में है और जो भरत नाम से जानी जाने वाली एक जनजाति का पैतृक क्षेत्र है।","महराष्ट्र का प्रारम्भिक इतिहास
महराष्ट्र का प्रारम्भिक इतिहास का अध्ययन करता है कि कैसे महाराष्ट्र का क्षेत्र प्रारम्भिक काल से लेकर मध्ययुगीन काल तक विभिन्न राजवंशों के अधीन रहा। महाराष्ट्र के प्रारम्भिक इतिहास को तीन भागों में विभाजित किया गया है"
Telugu,Hindi,కర్ణాటకలో శాఖాహారుల సంఖ్య మాంసాహారుల సంఖ్యను మించి ఉంటుంది; కాబట్టి వారి వంటకాలలో ఎక్కువమటుకు శాఖాహార వంటకాలే ఉంటాయి.,कर्नाटक में शाकाहारी लोगों की संख्या मांसाहारी लोगों से अधिक है; इसलिए उनके भोजन में मुख्य रूप से शाकाहारी व्यंजन होते हैं।,कर्नाटक में शाकाहारी आहार की संख्या मांसाहारी आहार की संख्या से अधिक होती है; इसलिए उनके व्यंजनों में अधिकांश शाकाहारी व्यंजन होते हैं।
Telugu,Hindi,యుద్ధభూమిలో ఏం జరుగుతోందో వివరిస్తున్న సంజయుడు ఆయనకు సమాధానం చెబుతాడు.,"उन्हें संजय से, जो उन्हें बता रहा है कि युद्ध के मैदान में क्या हो रहा है, उत्तर मिलता है।","संघर्ष क्षेत्र में क्या हो रहा है इसका वर्णन करने वाले संजय ने उन्हें जवाब दिया।
    - ### Hindi input text: संघर्ष क्षेत्र में क्या हो रहा है इसका वर्णन करने वाले संजय ने उन्हें जवाब दिया।"
Telugu,Hindi,తమిళంలో కనబడే రెండు మహాకావ్యాలు సిలప్పదికారం మరియు మణిమేకలై.,तमिल में मिलने वाले दो महाकाव्य सिलप्पदिकारम् और मणिमेकलै हैं।,दो महाकाव्य जो तमिल में दिखाई देते हैं सिलप्पदिकारम और मानिमेकलाई।
Telugu,Hindi,ఈ ప్రాంతంలో కారం పొడి జాగ్రత్తగా వాడబడుతుంది.,इस क्षेत्र में मिर्च के पाउडर का उपयोग सावधानी से किया जाता है।,इतिहास।
Telugu,Hindi,"యోగా అనే పదం యుజ్ అనే సంస్కృత మూలం నుండి ఉద్భవించింది, దీనర్థం దగ్గరికి చేర్చడం, కలపడం, ఏకం చేయడం.","योग शब्द संस्कृत की युज् धातु से निकला है, जिसका अर्थ है जोड़ना या जोतना या सम्मिलित करना।","योगा शब्द संस्कृत के युज् शब्द से उत्पन्न हुआ है, जिसका अर्थ है निकट में लाना, जोड़ना, एकीकृत करना।"
Telugu,Hindi,నేటి ఒడిస్సీ అనేది ఒరిస్సాలోని ఆలయ ప్రాకారాలపై చెక్కబడిన వివిధ నేపథ్యాలకు సంబంధించిన అపరిమితమైన శిల్పాల నుండి ఉద్భవించింది.,आज का ओड़िसी उड़ीसा के मंदिरों की दीवारों पर विभिन्न रूपांकनों में उत्कीर्ण अनगिनत प्रतिमाओं से विकसित हुआ है।,"नीचे एक निर्देश है जो एक कार्य का वर्णन करता है, जिसे एक इनपुट के साथ जोड़ा गया है जो और अधिक संदर्भ प्रदान करता है। एक अनुकूल प्रतिक्रिया लिखें जो अनुरोध को सटीक रूप से पूर्ण करती है।
### निर्देश:
टेलुगू इनपुट टेक्स्ट को हिंदी में अनुवाद करें।
### इनपुट:
न"
Telugu,Hindi,"వశిష్టుడు అప్పుడు రాజు వైపు తిరిగి సౌమ్యంగా మాట్లాడారు, "" ఒక సారి మాట ఇచ్చిన తర్వాత, రాజా, తిరస్కరించటం మీకు తగదు"".","वशिष्ठ अब राजा की ओर घूमे और धीरे से बोले: ""राजा , आपको शोभा नहीं देता कि आपने जिस चीज़ का एक बार वचन दिया था उससे आप मुकर जाएं।","वशिष्ट ने राजा की ओर से तिरस्कारपूर्वक कहा, ""एक बार में बोला जाने के बाद, राजा, तिरस्कार करने की आपकी इजाजत नहीं है।"""
Telugu,Hindi,అర్జునునిలో నైరాశ్యం యే మేరకు ఉందో గుర్తించిన పిమ్మటే కృష్ణుడు తన వైఖరి మార్చుకుని ఈ ప్రపంచంలో ధర్మాచరణ మర్మాలను బోధించనారంభించాడు.,"केवल तब जब उनको अर्जुन की हताशा की हद समझ में आई, कृष्ण ने अपना रवैया बदला और दुनिया में धार्मिक संघर्षों के रहस्य को सिखाना शुरू किया।",अर्जुन में निराशा के कारण क्या है? कृष्ण ने यह जाने के बाद कि कृष्ण ने अपने व्यवहार को बदल दिया और धर्माचरण और मर्माचरण का संदेश देने के लिए इस दुनिया में प्रवेश किया।
Telugu,Hindi,"మీరు పాత్రలో బియ్యం పిండిని వేస్తూ, మధ్యమధ్యలో కొద్దికొద్దిగా కొబ్బరి తురుమును కూడా కలుపవచ్చు.","जैसे-जैसे आप पात्र में चावल का आटा डाल रहे हों, बीच-बीच में आप कम मात्रा में घिसा हुआ नारियल भी डालें।",मध्यम में थोड़ा सा तेल के साथ बिना चीनी वाले पानी के साथ बिना चीनी वाले पानी के साथ पानी के साथ पानी के साथ पानी के साथ पानी के साथ पानी के साथ पानी के साथ पानी के साथ पानी के साथ पानी के साथ पानी के साथ पानी के साथ पानी
Telugu,Hindi,"స్థూపాకార పాత్రలో ఒక చెంచా కొబ్బరి కోరును వేయడంతో మొదలుపెట్టి, ఆ తర్వాత బాగా కలిపిన ఆ బియ్యం పిండిని వేయవచ్చు.","आप बेलनाकार पात्र में एक चम्मच-भर कद्दूकस किया हुआ नारियल मिला कर शुरू कर सकते हैं, जिसके बाद अच्छी तरह मिश्रित चावल का आटा उसमें मिला दें।","स्टूप के आकार के एक कोला के साथ शुरू करें, फिर अच्छी तरह से मिलाए गए उस गेहूं के आटे को सेंकें।"
Telugu,Hindi,"రంజిత్ సింగ్ మహారాజు విరాళం వల్ల నాందేడ్ లో కీ శే 1835 ప్రాంతంలో, సున్నితమైన చెక్కడాలతో కూడిన ఒక గంభీరమైన బంగారు గోపురం కలిగిన అందమైన మరియు విస్మయం కలిగించే గురుద్వారా నిర్మాణం జరిగింది.",महाराजा रणजीत सिंह के दान के कारण 1835 ई. के आस-पास नांदेड में एक सुंदर और असाधारण गुरुद्वारे का निर्माण हुआ जिसमें जटिल नक्काशी वाला एक भव्य स्वर्ण गुंबद है।,"रंजीत सिंह महाराज दान से नांदेड़ में की एस 1835 क्षेत्र में, एक गंभीर सोने की छत वाला एक सुंदर और आश्चर्यजनक गुरुद्वारा निर्माण किया गया था।"
Telugu,Hindi,ఎన్నుకోబడ్డ ఈ రుచలను వాటి ప్రతిపదిత ఛందస్సు మరియు తాళ పరిమాణాలను అలాగే ఉంచుతూ స్వరపరచబడిన సంకలనం సామవేదం,सामवेद इन चुनी हुई ऋचाओं का एक संग्रह है जिन्हें प्रस्तावित छंद या लयबद्ध ताल पर निर्धारित करते हुए स्वरों में व्यवस्थित किया गया है।,इतिहास। संस्कृत का यह संग्रह प्राचीन संस्कृत साहित्य के लिए सबसे पुराना संग्रह है। यह एक प्राचीन संस्कृत साहित्य के संग्रह के रूप में एक संकलन है जो 10 वीं शताब्दी के आसपास बनाया गया था। यह एक ग्रन्थ है जो संस्कृत के कुछ सबसे पुराने साहित्यिक कार्य
Telugu,Hindi,కోసల రాజధాని గురించి వాల్మీకి వర్ణన ద్వారా ప్రాచీన అయోధ్యా నగరం మన ఆధునిక నగరాలకు ఏ మాత్రం తీసిపోనిదని స్పష్టమవుతుంది.,वाल्मीकि द्वारा किए गए राजधानी कोशल के वर्णन से यह सुस्पष्ट है किअयोध्या की प्राचीन राजधानी हमारे आधुनिक शहरों से किसी भी तरह से कम नहीं थी।,कोसल राजधानी के बारे में वाल्मीकि द्वारा वर्णन के माध्यम से प्राचीन अयोध्या नगर के हमारे आधुनिक शहरों से कोई भी चीज़ नहीं खो गई है
Telugu,Hindi,"ఒకసారి "" నేను చేస్తాను"" అని చెప్పిన తర్వాత, మీకు చేయటం తప్ప వేరే ఎంపిక ఉండదు.","एक बार ऐसा कह देने पर कि 'मैं यह करूँगा', तुम्हारे पास इसे करने के अलावा कोई विकल्प नहीं रह जाता है।","एक बार मैं करता हूँ।"" कहते हुए, आपके लिए कुछ और चुनना शेष नहीं है।"
Telugu,Hindi,"ఇటీవలి రోజుల్లో, రూపాయి మారకం ధర మరియు విదేశీ మారక ద్రవ్య నిలువల యుక్తత పై భిన్న అభిప్రాయాలు వినిపిస్తూ ఉన్నాయి.","हाल के वर्षों में, रुपये की विनिमय दर तथा विदेशी मुद्रा आरक्षित भंडार की पर्याप्तता पर भिन्न-भिन्न दृष्टिकोण सामने आए हैं।",इतिहास. रुपये का मूल्य और विदेशी मुद्रा बाजारों में स्टॉक रखने की पात्रता पर विभिन्न विचार व्यक्त किए गए हैं।
Telugu,Hindi,"బ్యాంకులు ఒక క్రెడిట్ కార్డు ఖాతాను క్రెడిట్ ఇన్ఫర్మేషన్ కంపెనీలకు (సిఐసి లకు) గడువు మించినదిగా సమాచారం ఇవ్వవచ్చు లేదా, క్రెడిట్ కార్డు ఖాతా మూడు రోజులకు పైగా గడువు మించి ఉంటే మాత్రమే ఏవైనా ఆలస్య చెల్లింపు ఛార్జీలు మొ. జరిమానా ఛార్జీలు విధించవచ్చు.","जब कोई क्रेडिट कार्ड खाता तीन दिन से अधिक पिछला बकाया दिखाता है, केवल तभी बैंक साख सूचना कंपनियों (सी.आई.सी.) को सूचित कर सकते हैं कि इसका पिछला बकाया है या देर से भुगतान शुल्क इत्यादि जैसा जुर्माना लगा सकते हैं।","बैंक एक क्रेडिट कार्ड खाता क्रेडिट इन्फॉर्मेशन कंपनियों (सीआईसी) को समय सीमा से अधिक सूचना प्रदान कर सकता है या क्रेडिट कार्ड खाता तीन दिनों से अधिक समय तक समय सीमा से अधिक होने पर भी जो भी किसी भी देरी शुल्क लग सकते हैं, जुर्माना शुल्क लग सकता है।"
Telugu,Hindi,దేశాలు తమ ఆర్థికస్థితిని మెరుగు పరచుకునేందుకు అంతర్గతంగా ప్రత్యక్ష పెట్టుబడులను ప్రోత్సహించవచ్చు.,देश अपनी आर्थिक स्थिति में सुधार करने हेतु विदेशों से प्रत्यक्ष निवेश को बढ़ावा दे सकते हैं।,देश अपनी आर्थिक स्थिति को सुधारने के लिए आंतरिक रूप से सीधे निवेश को प्रोत्साहित कर सकते हैं।
Telugu,Hindi,"అయితే, బ్యాంకు దరఖాస్తును స్వీకరించిన తేదీ నుండి 90 రోజులలోపు అమోదించబడిన ప్యాకేజీని అమలు చేస్తే, ప్యాకేజీని త్వరితంగా అమలు చేసినందుకు ప్రోత్సాహకంగా, సంపద వర్గీకరణ స్థితిని బ్యాంకు పునర్వ్యవస్థీకరణ దరఖాస్తును స్వీకరించినప్పటి స్థితికి పునరుద్ధరించవచ్చు.","तथापि, पैकेज के त्वरित कार्यान्वयन के लिए प्रोत्साहन के रूप में,अगर अनुमोदित पैकेज बैंक द्वारा आवेदन प्राप्त करने के 90 दिनों के भीतर कार्यान्वित किया जाता है तो आस्ति वर्गीकरण की स्थिति बैंक द्वारा पुनर्रचना का आवेदन प्राप्त करने के समय वाले स्तर पर पुनः स्थापित की जा सकती है।","लेकिन, बैंक को आवेदन स्वीकार करने की तारीख से 90 दिनों के भीतर मंजूरी पाए जाने पर पैकेज को लागू करने से पैकेज को जल्दी लागू करने के लिए प्रोत्साहन के रूप में, संपत्ति वर्गीकरण स्थिति को बैंक को आवेदन स्वीकार करने की तारीख के समय के अनुसार पुनर्स्थ"
Telugu,Hindi,"వ్యక్తిగత పెట్టుబడి సమీకరణా గమనాత్మక శక్తులు అనివార్యంగా కొందరి చేతుల్లోకే సంపదను చేకూర్చచడానికి దారి తీస్తాయా లేక వృద్ధి, పోటీ, మరియు సాంకేతిక వికాసాల సమతుల్య శక్తులు అసమానతను తగ్గిస్తాయా?","क्या निजी पूँजी संचय की गतिशीलता अनिवार्य रूप से धन के संकेन्द्रण को कुछ ही लोगों तक सीमित कर देती है, या विकास, प्रतियोगिता, तथा तकनीकी प्रगति की प्रतिकारी शक्तियों के परिणामस्वरूप असमानता कम होने लगती है?","व्यक्तिगत निवेश सामाजिक-आर्थिक-तकनीकी विकास के प्रति अनिवार्य रूप से कुछ हाथों में ही समृद्धि को जमा करने के लिए रास्ता बनाता है या विकास, प्रतिस्पर्धा और तकनीकी विकास के लिए समान शक्तियों को कम करने के लिए?"
Telugu,Hindi,అది మితిమీరిన అస్థిరతను నివారించి అంచనాలను నిలకడగా ఉంచేందుకు విపణిలో జోక్యం చేసుకుంటుంది.,यह बाज़ार में अत्यधिक अस्थिरता को कम करने और स्फीति को अत्यधिक बढ़ने से रोकने के लिए हस्तक्षेप करता है।,"इतना ही नहीं, बल्कि बाजार में एक्सचेंज के माध्यम से अस्थिरता को नियंत्रित करता है और अनुमानों को स्थिर रखने के लिए।"
Telugu,Hindi,క్యూ2కు గాను అధిక పౌనఃపౌన్య సమాచారం ఆర్థిక క్రియాశీలత స్థితిస్థాపకంగా నిలిచి ఉంటుందని సూచిస్తుంది.,दूसरी तिमाही के उच्च आवृत्ति आँकड़े दर्शाते हैं कि आर्थिक संचालन अब भी मजबूत है।,क्यू2 के लिए उच्च पुनरावृत्ति सूचना आर्थिक गतिविधि की स्थिति को स्थापित करती है
Telugu,Hindi,"సాధారణముగా దేశము, మరియు ఆర్థికవేత్తలు సమిష్టి వైవిధ్యాలుగా పిలుచుకునే గొప్ప దృగ్విషయాన్ని రాబట్టేందుకు విపణులు పరస్పరం ఎలా వ్యవహరిస్తాయి అనేది స్థూల అర్థశాస్త్రంలోని విషయం.","समष्टि अर्थशास्त्र में, विषय विशिष्ट रूप से एक राष्ट्र होता है और इसके बाज़ार किस प्रकार से उन व्यापक घटनाओं को उत्पन्न करने में एक-दूसरे को प्रभावित करते हैं जिसे अर्थशास्त्री समग्र चर कहते हैं।",सामान्य रूप से देश और अर्थशास्त्रियों द्वारा संयुक्त विविधताओं के रूप में जानी जाने वाली बड़ी स्थिति को प्राप्त करने के लिए विपणक कैसे एक दूसरे से संपर्क करते हैं-यह सामान्य अर्थशास्त्र का विषय है।
Telugu,Hindi,ద్రవ్యత్వం అనేది ఆర్థిక సంపత్తులు తక్కువ సమయంలో పూర్తి మార్కెట్టు ధరకు దగ్గరగా ఎంతమేర అమ్ముడవుతాయో సూచిస్తుంది.,चल निधि का अर्थ है किस हद तक अल्पकाल में पूरे बाजार भाव से बहुत कम अंतर पर वित्तीय संपत्ति बेची जा सकती है।,प्रवाह की मात्रा अर्थात् आर्थिक संपत्तियों को कम समय में पूर्ण बाजार मूल्य के करीब कितना बेचा जाता है।
Telugu,Hindi,ఆదాయ గుర్తింపు విధానం నిష్పాక్షికంగా మరియు ఎటువంటి వ్యక్తిగత పరిగణనల కంటే వసూలు నమోదు ఆధారితంగా ఉండాలి.,"मोटे तौर पर, आय मान्यता की नीति व्यक्तिनिष्ठ कारणों पर आधारित होने के बजाय वस्तुनिष्ठ और वसूली के विवरण पर आधारित होनी चाहिए।",आय प्रमाणन प्रणाली से निष्पक्ष और किसी व्यक्तिगत ध्यान से अधिक आय के रिकॉर्ड के आधार पर होनी चाहिए।
Marathi,Hindi,"रूप म्हणजे, सेवेतील व्यक्तीशी संबंधित बूट, कपडे, टाय, दागिने, केशरचना, मेक-अप, घड्याळ, सौंदर्यप्रसाधने, अत्तर अशा अनेक विशेषतांचा समुच्चय असतो.","सेवा संबंधी लोगों के लिए भेष कई गुणों का संयोजन है, जैसे कि उनके जूते, कपड़े, टाई, आभूषण, केश शैली, मेक-अप, घड़ी, कॉस्मेटिक, इत्र, आदि।","रूप, जो सेवा से संबंधित है, एक बूट, कपड़ा, टाई, ज्वैलरी, हेयरस्टाइल, मेकअप, घड़ी और कई अन्य विशेषताओं का एक सेट है।"
Marathi,Hindi,"महाराष्ट्राच्या औरंगाबाद जिल्ह्यातील अजिंठ्यात, इ. स. पू. पहिल्या शतकापासून ते इ. स. पाचव्या शतकापर्यंतच्या शिल्पकृती आणि चित्रे यांनी सजविलेली एकोणतीस चैत्य आणि विहार लेणी आहेत.",महाराष्ट्र के औरंगाबाद जिले में स्थित अजंता में उन्तीस चैत्य और विहार गुफाएँ हैं जो पहली शताब्दी ई.पू. से ले कर पाँचवीं शताब्दी ईस्वी तक की मूर्तियों तथा चित्रकारियों से सुसज्जित हैं।,"महाराष्ट्र के औरंगाबाद जिले में अजिंठा में, प्रारंभिक शताब्दी से पांचवीं शताब्दी तक की मूर्तियाँ और चित्रों से सजी एकतीस चैत्य और विहार गुफाएं हैं।"
Marathi,Hindi,शारीर रंग बाह्यरेषेत विलीन होत असल्याने भरीवपणाचा परिणाम तयार होतो.,"विस्तार का असर बनाते हुए, शरीर का रंग बाहरी रेखा में घुल-मिल जाता है।","शारीर रंग बाह्य रेखा में विलीन हो जाता है, जिसके परिणामस्वरूप भरी हुई होती है।"
Marathi,Hindi,"अशोकाने शिल्पकृती आणि मोठ्या वास्तूंसाठी दगडांचा मुबलक वापर करायला सुरुवात केली, मात्र, पूर्वीच्या परंपरेत लाकूड आणि चिकणमातीच्या कामाचाच समावेश असे.","अशोक ने व्यापक रूप से मूर्तियों और शानदार स्मारकों को बनाने के लिए पत्थर का प्रयोग करना शुरू किया, जबकि उससे पहले पारंपरिक रूप से लकड़ी और मिट्टी का प्रयोग किया जाता है।","अशोक ने मूर्तियाँ और बड़े भवनों के लिए पत्थर के बड़े पैमाने पर उपयोग करना शुरू कर दिया, हालांकि पुरानी परंपरा में लकड़ी और चूने के काम का भी हिस्सा था।"
Marathi,Hindi,"मसाल्यांत मिसळलेले बटाटे बेसनाच्या पातळ पिठात घोळवून, खूप तेलात पूर्ण तळून महाराष्ट्राचा हा चवदार आणि प्रसिद्ध खाद्यपदार्थ तयार होतो.","महाराष्ट्र के इस स्वादिष्ट और प्रसिद्ध व्यंजन में आलुओं में मसाले को मिलाकर, बेसन के घोल की परत लगाकर, उसे अच्छी तरह से तल कर बनाया जाता है।","मसाले में मिला हुआ आलू बेसन के पतले आटे में मिलाकर, बहुत सारे तेल में पूरी तरह से तलने के बाद महाराष्ट्र का यह स्वादिष्ट और प्रसिद्ध खाद्य पदार्थ बन जाता है।"
Marathi,Hindi,"चेट्टिनाड पाककला ही तामीळनाडू राज्याच्या चेट्टीनाड प्रदेशातील, नट्टुकोटई चेट्टियार किंवा, ते स्वतःला संबोधतात त्याप्रमाणे, नगरथार नामक समुदायाची पाककला आहे.",चेट्टिनाड भोजन तमिल नाडु के चेट्टिनाड क्षेत्र के नाट्टूकोटाई चेट्टियार नामक समुदाय या खुद को नागारथार कहने वालों का भोजन है।,चेट्टिनाड पाककला ही तामीळनाडू राज्य के चेट्टीनाड प्रदेश की पाककला है।
Marathi,Hindi,"दालचिनी ही मुळात भारतातील आहे, आणि त्यामुळे तिचा वापर चव आणण्यासाठीचा घटक ते औषधी घटक, असा व्यापकरित्या होतो.",दालचीनी मूल रूप से भारत की है और इस रूप में इसका प्रयोग स्वादिष्टकारक से लेकर औषधीय कारक के रूप में किया जाता है।,"दालचिनी भारतीय मूल का है, इसलिए यह स्वाद के लिए एक घटक के रूप में उपयोग किया जाता है और औषधीय घटक के रूप में भी उपयोग किया जाता है।"
Marathi,Hindi,कोरड्या जात्यामध्ये किंवा दगडी खलबत्त्यामध्ये त्याची पूड तयार करा.,सूखे ग्राइंडर में या फिर पत्थर के मूसल में इसका चूर्ण बना लें।,खराब स्थिति में या पीस में या पत्थर की पीस में.
Marathi,Hindi,"पंजाबमधील प्रत्येक शहराची प्राधान्ये वेगवेगळी आहेत, जसे, अमृतसरचे लोक हे अमृतसरी कुलचे, भरलेले पराठे आणि दुग्धजन्य पदार्थ यांचे विशेष चाहते आहेत.","पंजाब के हर शहर की अपनी पसंद है, जैसे कि अमृतसर के लोग विशेष रूप से अमृतसरी कुलचे, भरवां पराठें और दूध के उत्पाद पसंद करते हैं।","पंजाब में हर शहर की प्राथमिकताएँ अलग-अलग हैं, जैसे, अमृतसर के लोग अमृतसरी कुलचे, भरपूर पराठे और दुग्ध उत्पादों के विशेष प्रशंसक हैं।"
Marathi,Hindi,मुनींसोबत रामाला पाठवावे आणि लक्ष्मणाला देखील पाठवावे.,"राम को ऋषि के साथ भेज दो, और लक्ष्मण को भी भेज दो।",मुनींसोबत रामाला पाठवावे और लक्ष्मणाला भी भेज दो।
Marathi,Hindi,पण मंगल पांडेची शौर्यशाली कृती ही एका उच्च आणि उदात्त तत्त्वाप्रतिच्या समर्पणातून केली गेली होती.,परंतु मंगल पांडे ने यह साहसिक कारनामा एक ऊँचे और श्रेष्ठ सिद्धांत के प्रति समर्पण के लिए किया।,पण मंगल पांडे की शौर्यशाली कार्य एक उच्च और उदात्त सिद्धांत के प्रति समर्पण से किया गया था।
Marathi,Hindi,"एकदा कांदा अर्धपारदर्शी झाला की, त्यात मुरवलेले मटण हळदपुडीसह टाका, आणि सगळे मसाले त्या मटणात शोषून घेतले जाईपर्यंत सुमारे ५ - ६ मिनिटे शिजवा.",प्याज जब पारभासी हो जाए तो उसमें मसालों के मिश्रण में कुछ समय से रखे गए मांस और पिसी हल्दी डाल कर 5-6 मिनट तक हल्का-सा तलते रहें जब तक कि मांस सभी मसालों को सोख न ले।,"एक बार आलू हाफ-ट्रान्सपेरेंट हो गया था, उसमें भिगोया हुआ मटन हल्दी के साथ डालें, और सभी मसाले उस मटन में अवशोषित होने तक लगभग 5-6 मिनट उबालें।"
Marathi,Hindi,"हितोपदेश हा पक्षी, पशू आणि मानवी पात्रांच्या माध्यमातून सादर केल्या जाणाऱ्या ऐहिक ज्ञानाचा ग्रंथ आहे.","हितोपदेश एक पुस्तक है जिसमें सांसारिक ज्ञान पक्षियों, पशुओं, और मनुष्यों के चरित्रों के माध्यम से प्रस्तुत किया गया है।","हितोपदेश है पक्षी, पशु और मानवीय पात्रों के माध्यम से प्रस्तुत किए गए विषयवस्तु का ग्रंथ है।"
Marathi,Hindi,"संस्कृत अभिव्यक्तीमध्ये प्रावीण्य मिळवण्यास प्रोत्साहन मिळावे आणि सद्वर्तनाचे ज्ञान प्राप्त व्हावे, हा या पुस्तकाचा उद्देश दिसतो.",ऐसा प्रतीत होता है कि पुस्तक का उद्देश्य संस्कृत अभिव्यक्ति में प्रवीणता और विवेकपूर्ण व्यवहार के ज्ञान को प्रोत्साहित करना है।,"संस्कृत अभिव्यक्तीमें प्रावीण्य प्राप्त करने के लिए प्रोत्साहन मिले और सद्वर्तन का ज्ञान प्राप्त करें, यह पुस्तक का उद्देश्य दिखाई देता है।"
Marathi,Hindi,"प्राध्यापक असितकुमार बंधोपाध्याय यांनी, १९९४ आणि १९९५ साली, हावडा या त्यांच्या मूळ शहराचा संपूर्ण इतिहास, हावडा शहरेर इतिबृत्तो (पहिला आणि दुसरा खंड) या नावाने संकलित करण्यात सिंहाचा वाटा उचलला.","प्रोफेसर असितकुमार बन्दोपाध्याय ने 1994 और 1995 में अपने गृह-नगर, हावड़ा के संपूर्ण इतिहास को हावड़ा शहरेर इतिवृत्त (पहला और दूसरा खंड) नाम से संकलित करने में महत्वपूर्ण भूमिका निभाई है।","प्राध्यापक असितकुमार बंधोपाध्याय ने 1994 और 1995 में अपने मूल शहर हवड़ा का पूरा इतिहास, हवड़ा शहरेर इतिबृत्तो (पहला और दूसरा खंड) के रूप में एकत्र किया।"
Marathi,Hindi,"चैत्य सभामंडपाच्या पुढील भागावर, समोरून खुल्या असलेल्या लाकडी दर्शनी भागाच्या एका अर्धगोलाकार चैत्य कमानीची ठळक आकृती आहे, आणि काही बाबतींत, तसे चैत्य कमानीचे ठळक गवाक्ष दिसत नाही.",चैत्य के सभागृह में सामने की ओर अर्ध-वृत्ताकार चैत्य चाप रूपांकित है जिसका सामने का हिस्सा खुला है जहां पर लकड़ी का भवनमुख है और किसी-किसी में मुख्य चैत्य चाप वाली खिड़की नहीं है।,"चैत्य सभामंडप के पीछे का हिस्सा, जो सामने से खुला है, एक लकड़ी के दर्शनीय भाग का एक अर्धगोलाकार चैत्य कमान है, और कुछ मामलों में, इस तरह के चैत्य कमान का एक प्रमुख गवाक्ष दिखाई नहीं देता है।"
Marathi,Hindi,"'महाराज' आणि 'खानसामे' (भारतात निष्णात स्वयंपाक्यांना पारंपरिकरित्या तसे म्हटले जाते) यांच्या पिढ्यांनी शतकानुशतके, पाककृतींमध्ये परिपूर्णता साध्य केली आहे आणि या पाककृती मौखिक परंपरेतून हजारो वर्षे चालत आल्या आहेत.",महाराजों और खानसामों (जैसा कि कुशल रसोइयों को परंपरागत रूप से भारत में कहा जाता है) की पीढ़ियों ने सदियों से इन पाक-विधियों को परिपूर्ण कर दिया है और अब ये पाक-विधियाँ सहस्रों वर्षों में मौखिक परमपरा के माध्यम से आगे बढ़ती आई हैं।,'महाराज' और 'खानसामा' (भारत में पारंपरिक रूप से इसी नाम से जाने वाले पेशेवर रसोइयों को) की पीढ़ियों ने शताब्दियों तक पाककला में पूर्णता प्राप्त की है और ये पाककला मौखिक परंपराओं से हजारों वर्षों से चली आ रही हैं।
Marathi,Hindi,"पारंपरिकरित्या, ही तयारी वस्ता वाझ किंवा प्रमुख स्वयंपाकी, वाझांच्या किंवा स्वयंपाक्यांच्या ताफ्याच्या साह्याने करतो.","पारंपरिक रूप से रसोइयों के दल की सहायता से तैयारी वास्ता वाज़ा, या प्रधान रसोइये द्वारा की जाती है।","परंपरागत रूप से, यह तैयारी वस्तु वाज़ या मुख्य रसोइया, वाज़ या रसोइया टीम की सहायता से करती है।"
Marathi,Hindi,"पावभाजी: हा महाराष्ट्रातील 'फास्ट फूड' खाद्यपदार्थ आहे, ज्यात बहुधा लोण्यात बनवलेले दाट कालवण (भाजी) मऊ गोल पावासोबत (पाव) दिले जाते.","पाव भाजी: यह महाराष्ट्र का एक फास्ट फूड व्यंजन है, जिसमें सब्जियों का गाढ़ा मिश्रण होता है जिसे सामान्यतया मक्खन में पकाया जाता है और एक नर्म ब्रेड रोल (पाव) के साथ परोसा जाता है।","पावभाजी पावभाजी: है महाराष्ट्र में ""फास्ट फूड"" खाद्य पदार्थ, जिसमें अक्सर लोण्यों में पकाया गया मोटा कालवण (भाजी) मोटे गोल पाव (पाव) के साथ दिया जाता है।"
Marathi,Hindi,"लाल डेड आणि हब्बा खातूनच्या काश्मिरी रचना, त्यांच्यातील गूढ रस आणि तीव्र वेदनांची अभिव्यक्ती यासाठी ओळखल्या जातात, तर राजस्थानीतील मीराबाईच्या रचना ह्या आगळ्यावेगळ्या भक्तीमय गुणांसाठी ज्ञात आहेत; तामीळमधील अंदलचा गूढवाद आणि कन्नडमधील अक्कामहादेवीची वचने, हे तत्कालीन साहित्यातील, महिलांच्या महान योगदानाची साक्ष देते.","हब्बा खातून और लल्ल-द्यद की कश्मीरी रचनाएं उनके आध्यात्मिक अंदाज़ और गहन भावनाओं की अभिव्यक्ति के लिए जानी जाती हैं, राजस्थान में मीराबाई की रचनाएं उनकी अद्वितीय भक्ति के लिए लोकप्रिय हैं, तमिल में आण्डाल का गूढ़ ज्ञान तथा कन्नड़ में अक्का महादेवी के वचन उस समय के साहित्य में महिलाओं के व्यापक योगदान के प्रमाण हैं।","लाल डेड और हब्बा खातून के कश्मीरी कार्य, उनकी गहरी भावनाओं और तीव्र दर्द की अभिव्यक्ति के लिए जाने जाते हैं, जबकि राजस्थान की मीराबाई की रचनाएं उनकी अनूठी भक्तिमय गुणवत्ता के लिए जानी जाती हैं; तमिल में अंदल का रहस्यवाद और कन्नड़ में अक्का मह"
Marathi,Hindi,बौद्ध भित्तिचित्रे असलेली बाघ लेणी ही मध्य प्रदेशच्या धार जिल्ह्यापासून ९७ कि. मी. वर आहेत.,"बाघ गुफाएं, जिनमें बौद्ध भित्ति चित्र बने हुए हैं, मध्य प्रदेश के धार ज़िले से 97 कि.मी. की दूरी पर स्थित हैं।",बौद्ध भित्तिचित्रों वाली बाघ की गुफाएँ मध्य प्रदेश के धार जिले से 97 किमी दूर हैं।
Marathi,Hindi,"संस्कृत साहित्यामध्ये 'मूल' या शब्दाचा अर्थ सामान्यतः, वनस्पतीचे किंवा वृक्षाचे मूळ असा होतो, परंतु अलंकारिकदृष्ट्या, कोणत्याही गोष्टीचा पाया किंवा खालचा भाग किंवा तळ असा अर्थ होतो.","संस्कृत साहित्य में मूल शब्द का सामान्य अर्थ है किसी पौधे या वृक्ष की जड़, किंतु लाक्षणिक रूप में, यह किसी भी वस्तु का निचला हिस्सा या तल हो सकता है।","संस्कृत साहित्य में ""मूल"" शब्द का सामान्यतः अर्थ वनस्पति या पेड़ का मूल होता है, लेकिन अलंकारिक रूप से, किसी भी चीज की नींव या नीचा भाग या तल होता है।"
Marathi,Hindi,सिंधूच्या खोऱ्यातील संस्कृती ही विविध क्षेत्रांमधील तिच्या तांत्रिक ज्ञानासाठी ओळखली जाते.,सिंधु घाटी सभ्यता विभिन्न क्षेत्रों में अपने तकनीकी ज्ञान के लिए जानी जाती है।,सिंध के मैदान में संस्कृति एक विविध क्षेत्रों की अपनी तकनीकी ज्ञान के लिए जानी जाती है।
Marathi,Hindi,सर्व कौरव मृत्युमुखी पडतात; केवळ पाच पांडव बंधू आणि कृष्णाचा बचाव होतो.,सभी कौरव मर जाते हैं; केवल पाँच पांडव भाई और कृष्ण जीवित बचते हैं।,सर्व कौरव मृत्युमुखी पडते; केवल पाँडव भाइयों और कृष्ण का बचाव होता है।
Marathi,Hindi,युद्ध अठरा दिवस चालते आणि कौरवांच्या पराभवानिशी संपुष्टात येते.,युद्ध अठारह दिनों तक चलता रहता है और कौरवों की पराजय के साथ समाप्त होता है।,युद्ध अठरा दिवस चालते और कौरवों की हार होती है
Marathi,Hindi,"आधुनिक दिल्लीच्या जवळच उत्तरेस, भारत या नावाने सामान्यतः ओळखल्या जाणाऱ्या जमातीचा प्राचीन प्रांत असलेल्या, हस्तिनापूर या राज्याच्या सिंहासनाच्या उत्तराधिकाराबाबतचा संघर्ष, ही महाभारताची मध्यवर्ती कथा आहे.","महाभारत की केंद्रीय कथा हस्तिनापुर के सिंहासन पर उत्तराधिकार के लिए संघर्ष की कहानी है, एक ऐसा राज्य जो आधुनिक दिल्ली के ठीक उत्तर में है और जो भरत नाम से जानी जाने वाली एक जनजाति का पैतृक क्षेत्र है।","आधुनिक दिल्ली के पास उत्तर में, भारत के नाम से जाने वाली जनजाति के प्राचीन प्रदेश के राज्य की गद्दी के उत्तराधिकार के संघर्ष को महाभारत की केंद्रीय कथा माना जाता है।"
Marathi,Hindi,कर्नाटकात मांसाहारींपेक्षा शाकाहारींची संख्या जास्त आहे; त्यामुळे त्यांच्या पाककृतींत मुख्यत्वे शाकाहारी पदार्थांचा समावेश असतो.,कर्नाटक में शाकाहारी लोगों की संख्या मांसाहारी लोगों से अधिक है; इसलिए उनके भोजन में मुख्य रूप से शाकाहारी व्यंजन होते हैं।,"कर्नाटक में मांसाहारी से अधिक शाकाहारी लोग होते हैं, इसलिए उनकी व्यंजनों में शाकाहारी पदार्थों का प्रमुख रूप से उपयोग किया जाता है।"
Marathi,Hindi,"त्याला संजय उत्तर देतो, जो युद्धभूमीवर काय घडत आहे ते कथन करतो.","उन्हें संजय से, जो उन्हें बता रहा है कि युद्ध के मैदान में क्या हो रहा है, उत्तर मिलता है।","संजय को उत्तर देता है, जो युद्ध क्षेत्र पर क्या हो रहा है उसे कहता है।"
Marathi,Hindi,तामीळमध्ये आढळून येणारी दोन महाकाव्ये म्हणजे शिलप्पधिकारम् आणि मणिमेखलै.,तमिल में मिलने वाले दो महाकाव्य सिलप्पदिकारम् और मणिमेकलै हैं।,तमिल में मिले जाने वाले दो महाकाव्य हैं शिलप्पाडिकारम् और मणिमेखला.
Marathi,Hindi,या भागात मिरचीपुडीचा वापर जपून केला जातो.,इस क्षेत्र में मिर्च के पाउडर का उपयोग सावधानी से किया जाता है।,या भाग में मिर्च पुड़ी का उपयोग किया जाता है।
Marathi,Hindi,"योग हा शब्द युज या संस्कृत धातूपासून आलेला आहे, ज्याचा अर्थ जोडणे किंवा जुंपणे किंवा एकत्र आणणे असा आहे.","योग शब्द संस्कृत की युज् धातु से निकला है, जिसका अर्थ है जोड़ना या जोतना या सम्मिलित करना।",योग का शब्द युज से संस्कृत का शब्द है जिसका अर्थ जोड़ना या जोड़ना या एकत्र करना है।
Marathi,Hindi,"ओडिसातील मंदिरांच्या भिंतींवर कोरलेल्या विविध कल्पनांच्या अंतहीन शिल्पकृतींमधून, आजचा ओडिसी उत्क्रांत झालेला आहे.",आज का ओड़िसी उड़ीसा के मंदिरों की दीवारों पर विभिन्न रूपांकनों में उत्कीर्ण अनगिनत प्रतिमाओं से विकसित हुआ है।,ओडिसा में मंदिरों की दीवारों पर कोरे गए विभिन्न कल्पनाओं के अनंत सांस्कृतिक सांस्कृतिक सांस्कृतिक सांस्कृतिक सांस्कृतिक सांस्कृतिक सांस्कृतिक सांस्कृतिक सांस्कृतिक सांस्कृतिक सांस्कृतिक सांस्कृतिक सांस्कृतिक सांस्कृतिक सांस्कृतिक सांस्कृत
Marathi,Hindi,"वशिष्ठ आता राजाकडे वळले आणि नम्रपणे म्हणाले, ''राजा, एकदा दिलेले वचन नाकारून, तू वाईट केले आहेस.''","वशिष्ठ अब राजा की ओर घूमे और धीरे से बोले: ""राजा , आपको शोभा नहीं देता कि आपने जिस चीज़ का एक बार वचन दिया था उससे आप मुकर जाएं।","वशिष्ठ अब राजा की ओर मुड़ गए और नम्र होकर बोले, ""राजा, एक बार दिया गया वादा तोड़कर, तुमने बुरा किया है."""
Marathi,Hindi,"अर्जुनाच्या खिन्नतेची व्याप्ती त्याच्या लक्षात येते, तेव्हाच कृष्ण आपली भूमिका बदलतो आणि त्याला या जगातील धर्माच्या कृतीची रहस्ये शिकवण्यास आरंभ करतो.","केवल तब जब उनको अर्जुन की हताशा की हद समझ में आई, कृष्ण ने अपना रवैया बदला और दुनिया में धार्मिक संघर्षों के रहस्य को सिखाना शुरू किया।","अर्जुन के निराशा के विस्तार का अर्जुन को पता चल जाता है, तो कृष्ण अपनी भूमिका बदल देते हैं और उसे इस संसार में धर्म की कार्रवाई के रहस्यों को सिखाना शुरू करते हैं।"
Marathi,Hindi,"जेव्हा तुम्ही तांदळाचे पीठ डब्यात घालाल, त्या दरम्यान, किसलेले खोबरेही तुम्ही कमी प्रमाणांत त्यात घालू शकता.","जैसे-जैसे आप पात्र में चावल का आटा डाल रहे हों, बीच-बीच में आप कम मात्रा में घिसा हुआ नारियल भी डालें।","जेवे तुम्हे ताला डब्बे में डाला, तब तक, किसी के साथ खोबरा भी तुम्हे कम मात्रा में डाल सकता है।"
Marathi,Hindi,दंडगोलाकार डब्यात चमचाभर किसलेले खोबरे आणि त्यानंतर चांगल्याप्रकारे मिश्रण केलेले तांदळाचे पीठ घालून तुम्ही सुरुवात करू शकता.,"आप बेलनाकार पात्र में एक चम्मच-भर कद्दूकस किया हुआ नारियल मिला कर शुरू कर सकते हैं, जिसके बाद अच्छी तरह मिश्रित चावल का आटा उसमें मिला दें।",डंडे के डंडे में कुचले हुए सेम और फिर अच्छी तरह से मिलाया हुआ गेहूं का आटा डालकर आप शुरू कर सकते हैं।
Marathi,Hindi,"महाराज रणजितसिंग यांच्या देणगीमुळे इ.स. १८३५ साली नांदेड येथे एक सुंदर आणि स्तिमित करणारा गुरुद्वारा बांधला गेला, ज्यावर बारीक कोरीवकाम केलेला एक सुवर्ण घुमट होता.",महाराजा रणजीत सिंह के दान के कारण 1835 ई. के आस-पास नांदेड में एक सुंदर और असाधारण गुरुद्वारे का निर्माण हुआ जिसमें जटिल नक्काशी वाला एक भव्य स्वर्ण गुंबद है।,"महाराज रणजितसिंग के दान से 1835 में नांदेड़ में एक सुंदर और स्तिमित करणारा गुरुद्वारा बनाया गया था, जिस पर एक सुनहरा घुमक्कड़ था।"
Marathi,Hindi,"सामवेद हा या निवडक ऋचांचे संकलन आहे, ज्या त्यांचा प्रस्तावित छंद किंवा लयबद्ध वृत्ते अबाधित राखत स्वरांमध्ये बांधलेल्या आहेत.",सामवेद इन चुनी हुई ऋचाओं का एक संग्रह है जिन्हें प्रस्तावित छंद या लयबद्ध ताल पर निर्धारित करते हुए स्वरों में व्यवस्थित किया गया है।,सामवेद सामान्यतः ऋचाओं का संकलन होता है जो कि उनके प्रस्तावित छंद या लयबद्ध वृत्तों को स्वरों के बीच बाँधता है।
Marathi,Hindi,प्राचीन अयोध्या ही आपल्या आधुनिक शहरांपेक्षा दुय्यम नव्हती हे वाल्मिकींच्या कोसलच्या राजधानीच्या वर्णनावरून स्पष्ट होते.,वाल्मीकि द्वारा किए गए राजधानी कोशल के वर्णन से यह सुस्पष्ट है किअयोध्या की प्राचीन राजधानी हमारे आधुनिक शहरों से किसी भी तरह से कम नहीं थी।,"प्राचीन अयोध्या काफी विशाल थी, जिसका वर्णन वाल्मिकी द्वारा किया गया था।"
Marathi,Hindi,एकदा 'मी करेन' से म्हटले की तुम्हाला ते करण्यावाचून अन्य पर्याय नसतो.,"एक बार ऐसा कह देने पर कि 'मैं यह करूँगा', तुम्हारे पास इसे करने के अलावा कोई विकल्प नहीं रह जाता है।","एक बार ""केरेन"" से कहा गया है कि आपको ऐसा करना होगा।"
Marathi,Hindi,"अलीकडच्या काळात, रुपयाच्या विनिमय दराबाबत आणि आपल्या विदेशी चलन साठ्याच्या पर्याप्ततेबाबत वेगवेगळी मते मांडली गेली आहेत.","हाल के वर्षों में, रुपये की विनिमय दर तथा विदेशी मुद्रा आरक्षित भंडार की पर्याप्तता पर भिन्न-भिन्न दृष्टिकोण सामने आए हैं।","अलीकडच्या कालखंड में, रुपये के विनिमय दर के बारे में और अपने विदेशी मुद्रा कोष की पर्याप्तता के बारे में विभिन्न मत व्यक्त किए गए हैं।
Reference:
<templatestyles src=""Reflist/styles.css"" />"
Marathi,Hindi,"क्रेडिट कार्ड खाते जेव्हा तीन दिवसांपेक्षा जास्त काळ थकित देय राहील, तेव्हाच बँक, क्रेडिट इन्फर्मेशन कंपन्यांना (सी. आय. सी.) त्या थकित देयाची माहिती देणे, किंवा उदा., उशिरा भरणा केल्याबद्दलचे कोणतेही शुल्क इ. असल्यास, दंडात्मक शुल्क आकारणे, इ. करू शकतात.","जब कोई क्रेडिट कार्ड खाता तीन दिन से अधिक पिछला बकाया दिखाता है, केवल तभी बैंक साख सूचना कंपनियों (सी.आई.सी.) को सूचित कर सकते हैं कि इसका पिछला बकाया है या देर से भुगतान शुल्क इत्यादि जैसा जुर्माना लगा सकते हैं।","क्रेडिट कार्ड खाते जब तीन दिनों से अधिक समय तक लेटेड बिल रहेंगे, तो बैंक, क्रेडिट इन्फर्मेशन कंपनियों (सी. आई. सी) को उस लेटेड बिल की जानकारी देने का अधिकार है, या उदाहरण के लिए, किसी भी प्रकार के ब्याज का भुगतान करने में देरी करने के लिए किसी भी प्रक"
Marathi,Hindi,"देश आपली आर्थिक स्थिती सुधारण्यासाठी, थेट गुंतवणुकीच्या आवकीस प्रोत्साहन देऊ शकतात.",देश अपनी आर्थिक स्थिति में सुधार करने हेतु विदेशों से प्रत्यक्ष निवेश को बढ़ावा दे सकते हैं।,"देश अपनी आर्थिक स्थिति में सुधार लाने के लिए, सीधी निवेश की आवक को प्रोत्साहित कर सकता है।"
Marathi,Hindi,"तरीदेखील, पॅकेजची त्वरित अंमलबजावणी करण्यासाठी उत्तेजन म्हणून, जर बँकेकडे अर्ज आल्यानंतर ९० दिवसांच्या आत मान्यता मिळालेल्या पॅकेजवर अंमलबजावणी झाली, तर पुनर्रचनेचा अर्ज बँकेकडे जाईल, तेव्हा मालमत्तेच्या वर्गीकरणाची स्थिती जशी होती, ती तशीच राखली जाईल.","तथापि, पैकेज के त्वरित कार्यान्वयन के लिए प्रोत्साहन के रूप में,अगर अनुमोदित पैकेज बैंक द्वारा आवेदन प्राप्त करने के 90 दिनों के भीतर कार्यान्वित किया जाता है तो आस्ति वर्गीकरण की स्थिति बैंक द्वारा पुनर्रचना का आवेदन प्राप्त करने के समय वाले स्तर पर पुनः स्थापित की जा सकती है।","तरही, पैकेज की त्वरित मान्यता देने के लिए उत्तेजन के रूप में, यदि बैंक को आवेदन के बाद 90 दिनों के भीतर मान्यता प्राप्त पैकेज पर मान्यता दी गई थी, तो पुनर्स्थापना का आवेदन बैंक को भेजा जाएगा, तो संपत्ति वर्गीकरण की स्थिति जैसी होगी, वैसी ही रखी"
Marathi,Hindi,"खासगी भांडवल संचयाचे गतिक अपरिहार्यपणे मोजक्या हातांत संपत्ती एकवटण्यास कारणीभूत ठरते का, की, विकास, स्पर्धा आणि तंत्रज्ञानाच्या प्रगतीच्या संतुलनकारक शक्तींमुळे असमानता कमी होते?","क्या निजी पूँजी संचय की गतिशीलता अनिवार्य रूप से धन के संकेन्द्रण को कुछ ही लोगों तक सीमित कर देती है, या विकास, प्रतियोगिता, तथा तकनीकी प्रगति की प्रतिकारी शक्तियों के परिणामस्वरूप असमानता कम होने लगती है?","खासगी भांडवल संचय का कमी होतो? खासगी भांडवल संचय का कमी होतो? कारण? प्रश्न म्हणजे खासगी भांडवल संचयाचे गतिक अपरिहार्यपणे मोजक्या हातांत संपत्ती एकवटण्यास कारणीभूत ठरते का, की, विकास, स्पर्धा आणि तंत्रज्ञानाच्या प्रग"
Marathi,Hindi,आत्यंतिक अस्थिरतेला आळा आणि अपेक्षांना वेसण घालण्यासाठी ती बाजारपेठेत हस्तक्षेप करते.,यह बाज़ार में अत्यधिक अस्थिरता को कम करने और स्फीति को अत्यधिक बढ़ने से रोकने के लिए हस्तक्षेप करता है।,"आत्यंतिक अस्थिरतेला आळा आणि अपेक्षांना वेसण घालण्यासाठी ती बाजारपेठेत हस्तक्षेप करते.
आत्यंतिक अस्थिरतेला आळा आणि अपेक्षांना वेसण घालण्यासाठी ती बाजारपेठेत हस्तक्षेप करते.
आत्यंतिक अस्थिरतेला आळा आणि अपेक्षांना वेस"
Marathi,Hindi,"दुसऱ्या तिमाहीतील उच्च वारंवारतेची विदा दर्शवते की, आर्थिक व्यवहार लवचिक राहिलेले आहेत.",दूसरी तिमाही के उच्च आवृत्ति आँकड़े दर्शाते हैं कि आर्थिक संचालन अब भी मजबूत है।,दूसरे तिमाही में उच्च आवृत्ति के साथ विदा दिखाता है कि आर्थिक कारोबार लचीला रहा है।
Marathi,Hindi,"समष्टि अर्थशास्त्रामध्ये, सामान्यतः एखादे राष्ट्र, आणि मोठ्या गोष्टींची उत्पत्ती करण्यासाठी सर्व बाजारपेठा, ज्याला अर्थतज्ज्ञ एकत्रित चल संबोधतात, तो परस्परसंवाद कसा साधतात, हा विषय असतो.","समष्टि अर्थशास्त्र में, विषय विशिष्ट रूप से एक राष्ट्र होता है और इसके बाज़ार किस प्रकार से उन व्यापक घटनाओं को उत्पन्न करने में एक-दूसरे को प्रभावित करते हैं जिसे अर्थशास्त्री समग्र चर कहते हैं।","समष्टि अर्थशास्त्रामध्ये, सामान्यतः एक देश, आणि मोठ्या गोष्टींची उत्पत्ती करण्यासाठी सर्व बाजारपेठा, ज्याला अर्थतज्ज्ञ एकत्रित चल संबोधतात, तो परस्परसंवाद कसा साधतात, हा विषय असतो."
Marathi,Hindi,"आर्थिक मालमत्ता अल्प सूचनेद्वारे, जवळजवळ पूर्ण बाजारमूल्यास किती प्रमाणात विकली जाऊ शकते, तिला तरलता असे म्हणतात.",चल निधि का अर्थ है किस हद तक अल्पकाल में पूरे बाजार भाव से बहुत कम अंतर पर वित्तीय संपत्ति बेची जा सकती है।,"आर्थिक मालमत्ता अल्प सूचनेद्वारे, जवळजवळ पूर्ण बाजार मूल्य पर्यंत कितने हिस्से बेचे जा सकते हैं, उसे तरलता कहते हैं।"
Marathi,Hindi,"व्यापकदृष्ट्या, उत्पन्नाच्या मान्यतेचे धोरण हे कोणत्याही व्यक्तिनिष्ठ विचारांवर न बेतता, वस्तुनिष्ठ आणि वसुलीच्या नोंदींवर आधारित असले पाहिजे.","मोटे तौर पर, आय मान्यता की नीति व्यक्तिनिष्ठ कारणों पर आधारित होने के बजाय वस्तुनिष्ठ और वसूली के विवरण पर आधारित होनी चाहिए।","व्यापक रूप से, उत्पादन के मान्यता के नीति किसी भी व्यक्तिगत विचारों पर आधारित न होनी चाहिए, वस्तुनिष्ठ होनी चाहिए और वसूली के रिकॉर्ड पर आधारित होनी चाहिए।"
Tamil,Hindi,"தோற்றம் என்பது சேவை ஊழியரின் காலணிகள், உடை, டை, நகை, சிகையலங்காரம், மேக்-அப், கைக்கடிகாரம், அழகு சாதனங்கள், நறுமணம் போன்ற அவர் சார்ந்த பண்புகளின் ஒரு தொகுப்பைக் குறிக்கிறது.","सेवा संबंधी लोगों के लिए भेष कई गुणों का संयोजन है, जैसे कि उनके जूते, कपड़े, टाई, आभूषण, केश शैली, मेक-अप, घड़ी, कॉस्मेटिक, इत्र, आदि।","सेवक के कांच, कपड़े, डाय, आभूषण, सौंदर्य प्रसाधन, मेक-अप, घड़ी और सुंदरता वस्तुओं की एक सूची के रूप में सेवा का जन्म होता है।"
Tamil,Hindi,"மகாராஷ்டிரத்தின் அவுரங்காபாத் மாவட்டத்தில் உள்ள அஜந்தாவில் இருபத்தி ஒன்பது சைத்யா மற்றும் விஹாரா குகைகள் உள்ளன, அவற்றை கிமு முதலாம் நூற்றாண்டு முதல் கிபி ஐந்தாம் நூற்றாண்டு வரையிலான சிற்பங்களும் ஓவியங்களும் அலங்கரித்துள்ளன.",महाराष्ट्र के औरंगाबाद जिले में स्थित अजंता में उन्तीस चैत्य और विहार गुफाएँ हैं जो पहली शताब्दी ई.पू. से ले कर पाँचवीं शताब्दी ईस्वी तक की मूर्तियों तथा चित्रकारियों से सुसज्जित हैं।,"महाराष्ट्र के अहमदनगर जिले में अजंता में 29 स्तूप और विहार हैं, जिन्हें क्रिस्टी प्रथम शताब्दी से लेकर क्रिस्टी पाँचवीं शताब्दी तक की प्रतिमाओं और चित्रों से सजाया गया है।"
Tamil,Hindi,உடல் நிறம் ஓரங்களுடன் கலந்து பருமனான தோற்றத்தைத் தருகிறது.,"विस्तार का असर बनाते हुए, शरीर का रंग बाहरी रेखा में घुल-मिल जाता है।",बड़ा और गाढ़ा रंग दिखाने के लिए शरीर का रंग बैंड के साथ मिश्रित होता है।
Tamil,Hindi,"சிற்பங்களுக்கும் மாபெரும் நினைவுச் சின்னங்களுக்கும் அசோகர் பெரியளவில் கற்களைப் பயன்படுத்தத் தொடங்கினார், ஆனால் அதற்கு முன்பு மரம் மற்றும் களிமண்ணைப் பயன்படுத்துவதே மரபாக இருந்தது.","अशोक ने व्यापक रूप से मूर्तियों और शानदार स्मारकों को बनाने के लिए पत्थर का प्रयोग करना शुरू किया, जबकि उससे पहले पारंपरिक रूप से लकड़ी और मिट्टी का प्रयोग किया जाता है।","शिल्पों और महान स्मारकों के लिए अशोक का बड़ा प्रयोग पत्थर के साथ शुरू हुआ, लेकिन इससे पहले लकड़ी और मिट्टी का उपयोग मानक था।"
Tamil,Hindi,"மகாராஷ்டிராவின் இந்தப் புகழ்பெற்ற அறுசுவை உணவில், மசாலாக்களுடன் பிசைந்து கடலைமாவில் துவைத்து எண்ணெயில் பூரணமாகப் பொரித்த உருளைக்கிழங்குகள் உள்ளன.","महाराष्ट्र के इस स्वादिष्ट और प्रसिद्ध व्यंजन में आलुओं में मसाले को मिलाकर, बेसन के घोल की परत लगाकर, उसे अच्छी तरह से तल कर बनाया जाता है।","महाराष्ट्र के इस प्रसिद्ध स्वादिष्ट व्यंजन में, मसालों के साथ पीसा हुआ और साबुत सादा नमक से भरा हुआ, नमकीन कद्दू होता है।"
Tamil,Hindi,"செட்டிநாடு சமையல் என்பது, தமிழ்நாட்டின் செட்டிநாடுப் பகுதியைச் சேர்ந்த நாட்டுக்கோட்டை செட்டியார்கள் அல்லது, அவர்களே தங்களை அழைத்துக்கொள்வது போல, நகரத்தார்கள் என்ற சமூகத்தினரின் சமையல் பக்குவம் ஆகும்.",चेट्टिनाड भोजन तमिल नाडु के चेट्टिनाड क्षेत्र के नाट्टूकोटाई चेट्टियार नामक समुदाय या खुद को नागारथार कहने वालों का भोजन है।,"सेट्टिनाडू की रेसिपी
सेट्टिनाडू की रेसिपी एक सेट्टिनाडू क्षेत्र के तमिलनाडु के नाटुक्कोट्टई सेट्टियार की या उनके स्वयं को नागरिकों के रूप में नाम देने की संस्कृति की किसी भी तरह की रेसिपी हो सकती है।"
Tamil,Hindi,"லவங்கப்பட்டை பூர்வீகமாக இந்தியாவில் விளையக்கூடியது, ஆக அது மணப்பொருள் முதல் மருந்துப்பொருள் வரை பலதரப்பட்ட பயன்பாடுகள் கொண்டுள்ளது.",दालचीनी मूल रूप से भारत की है और इस रूप में इसका प्रयोग स्वादिष्टकारक से लेकर औषधीय कारक के रूप में किया जाता है।,"लवंगपट्टी का मूल भारत में होता है, जिसका अर्थ है कि यह औषधीय गुणों के साथ-साथ प्राकृतिक रूप से भारत में उगता है।"
Tamil,Hindi,இதை ஒரு மாவு இடிக்கும் கல்லில் அல்லது உரலில் போட்டு மாவுப் பொடியாக ஆக்கவும்.,सूखे ग्राइंडर में या फिर पत्थर के मूसल में इसका चूर्ण बना लें।,इसे एक मिट्टी के तख़्ते या गड्ढे में डालकर मिट्टी की राख में बदल दें।
Tamil,Hindi,"பஞ்சாபின் ஒவ்வொரு நகரமும் வெவ்வேறு விருப்பங்கள் கொண்டுள்ளது, எடுத்துக்காட்டாக அம்ரித்சர் மக்களுக்கு அம்ரித்சரி குல்ச்சே, ஸ்டஃப்டு பராத்தா மற்றும் பால் ஆகாரங்கள் மீது தனிப் பிரியம்.","पंजाब के हर शहर की अपनी पसंद है, जैसे कि अमृतसर के लोग विशेष रूप से अमृतसरी कुलचे, भरवां पराठें और दूध के उत्पाद पसंद करते हैं।","पंजाब के हर शहर में अलग-अलग प्रिय हैं, उदाहरण के लिए अमृतसरियों को अमृतसरी कुलचे, स्टफ्ट पाराठा और दूध के व्यंजनों पर विशेष प्रेम है।"
Tamil,Hindi,"ராமனை முனிவருடன் அனுப்பு, லக்ஷ்மணனையும் அவருடன் அனுப்பு.","राम को ऋषि के साथ भेज दो, और लक्ष्मण को भी भेज दो।","राम को मुनि के साथ भेजो, लक्ष्मण को भी साथ ले जाएँ।"
Tamil,Hindi,எனினும் மங்கள் பாண்டேயின் வீரச் செயல் ஓர் உயரிய உன்னதமான இலட்சியத்தை நோக்கி அமைந்திருந்தது.,परंतु मंगल पांडे ने यह साहसिक कारनामा एक ऊँचे और श्रेष्ठ सिद्धांत के प्रति समर्पण के लिए किया।,अभी भी कोमल पांडे का वीर कृत्य एक उच्च लक्ष्य की ओर था।
Tamil,Hindi,"வெங்காயத்தின் நிறம் மாறியதும் ஊறவைக்கப்பட்ட இறைச்சியுடன் மஞ்சள் பொடி சேர்த்து சிறிது நேரம் வதக்கவும், மசாலா பொருட்கள் அனைத்தும் இறைச்சியில் நன்கு பிடிக்கும் வரை, அதாவது சுமார் 5-6 நிமிடங்கள் இவ்வாறு வதக்கவும்.",प्याज जब पारभासी हो जाए तो उसमें मसालों के मिश्रण में कुछ समय से रखे गए मांस और पिसी हल्दी डाल कर 5-6 मिनट तक हल्का-सा तलते रहें जब तक कि मांस सभी मसालों को सोख न ले।,"वेंगय का रंग बदलने पर और कीमा में सूखा हुआ मांस मिलाकर, थोड़ा समय रखें, सामग्री सब मांस में अच्छी तरह से चिपक जाने तक, यानी लगभग 5-6 मिनट के लिए ऐसा करें।"
Tamil,Hindi,"ஹிதோபதேசம் என்பது பறவைகள், விலங்குகள் மற்றும் மனிதர்களைக் கதாபாத்திரங்களாகக் கொண்டு உலகியல் ஞானத்தைப் போதிக்கும் புத்தகம்.","हितोपदेश एक पुस्तक है जिसमें सांसारिक ज्ञान पक्षियों, पशुओं, और मनुष्यों के चरित्रों के माध्यम से प्रस्तुत किया गया है।",हिडोपैथी हैवानों और मानवों को कथा पात्रों के रूप में लेते हुए विश्वीय ज्ञान को प्रस्तुत करने वाली एक पुस्तक है।
Tamil,Hindi,"சம்ஸ்கிருத மொழிப் புலமை, விவேகமான நடைமுறை அறிவு ஆகியவற்றை ஊக்குவிப்பதே இந்தப் புத்தகத்தின் நோக்கமாகத் தெரிகிறது.",ऐसा प्रतीत होता है कि पुस्तक का उद्देश्य संस्कृत अभिव्यक्ति में प्रवीणता और विवेकपूर्ण व्यवहार के ज्ञान को प्रोत्साहित करना है।,हिंदी
Tamil,Hindi,"பேராசிரியர் அசித்குமார் பந்தோபாத்யாய் 1994 & 1995இல் தனது சொந்த ஊராகிய ஹவுராவின் முழுமையான வரலாற்றைத் தொகுப்பதில் ஒரு முன்னோடியாகப் பங்கு வகித்தார், அதற்கு ஹவுரா சாஹரேர் இதிப்ரிதோ (முதல் மற்றும் இரண்டாம் தொகுப்பு) எனப் பெயரிடப்பட்டது.","प्रोफेसर असितकुमार बन्दोपाध्याय ने 1994 और 1995 में अपने गृह-नगर, हावड़ा के संपूर्ण इतिहास को हावड़ा शहरेर इतिवृत्त (पहला और दूसरा खंड) नाम से संकलित करने में महत्वपूर्ण भूमिका निभाई है।","प्रोफेसर अशोककुमार बन्दोपाध्याय 1994 और 1995 में अपने स्वयं के गांव हावड़ा की एक पूर्ण विश्वकोश की रचना में अग्रणी भूमिका निभाई, जिसे हावड़ा शाहेर इतिहास (पहला और दूसरा संस्करण) कहा जाता है।"
Tamil,Hindi,"சைத்திய மண்டபத்தின் முகப்பில் அரைவட்ட சைத்திய முன்வளைவின் பாங்கு பிரதானமாகத் தோற்றமளிக்கிறது, அதில் வெளிப்புற மர வேலைப்பாட்டுடன் ஒரு திறந்தநிலை முன்பக்கம் உள்ளது, சில இடங்களில் அந்தப் பிரதானமாகத் தோன்றும் சைத்திய முன்வளைவு ஜன்னல் இருப்பதில்லை.",चैत्य के सभागृह में सामने की ओर अर्ध-वृत्ताकार चैत्य चाप रूपांकित है जिसका सामने का हिस्सा खुला है जहां पर लकड़ी का भवनमुख है और किसी-किसी में मुख्य चैत्य चाप वाली खिड़की नहीं है।,"शैथ्य मंडप की मुख्य मेहराब पर अर्धवृत्ताकार शैथ्य मंडप का खिंचाव प्रमुख रूप से दिखाई देता है, जिसमें एक खुली सामने वाली प्रार्थना होती है, जो कुछ स्थानों पर उस प्रमुख खिंचाव को दिखाती है, जिसमें कोई खिड़की नहीं होती है।"
Tamil,Hindi,"தலைமுறை தலைமுறைகளாக 'மஹராஜ்' மற்றும் 'கான்சாமாக்கள்' (இந்தியாவில் சமையல் நிபுணர்களுக்கு வழங்கும் பாரம்பரியப் பெயர்) நூற்றாண்டுகளின் காலவோட்டத்தில் சமையல் பக்குவங்களைப் பரிபூரணப் படுத்தியுள்ளனர், இந்தச் சமையல் பக்குவங்கள் ஆயிரக்கணக்கான ஆண்டுகளாக சொல்வழி மரபு மூலம் தொடர்ந்து வந்துள்ளன.",महाराजों और खानसामों (जैसा कि कुशल रसोइयों को परंपरागत रूप से भारत में कहा जाता है) की पीढ़ियों ने सदियों से इन पाक-विधियों को परिपूर्ण कर दिया है और अब ये पाक-विधियाँ सहस्रों वर्षों में मौखिक परमपरा के माध्यम से आगे बढ़ती आई हैं।,"तस्वीरें और वीडियो
अधिक जानकारी प्राप्त करें
अपने शोध के लिए इन स्रोतों का उपयोग करें।"
Tamil,Hindi,"பாரம்பரியமாக, இந்த உணவுகளை வாஸ்தா வஸா எனும் தலைமைச் சமையல்காரரும் அவருக்கு உதவும் வஸாக்கள் எனும் சமையல்காரர்களின் குழுவும் தான் சமைப்பார்கள்.","पारंपरिक रूप से रसोइयों के दल की सहायता से तैयारी वास्ता वाज़ा, या प्रधान रसोइये द्वारा की जाती है।",पारंपरिक रूप से इस भोजन को वास्ता वासा नामक मुख्य रसोइया और उनकी सहायता करने वाले वासाक के एक समूह द्वारा तैयार किया जाता है।
Tamil,Hindi,"பாவ் பாஜி மகாராஷ்டிரத்தைச் சேர்ந்த ஒரு துரித உணவு, அதில் வழக்கமாக வெண்ணையில் செய்யும் கெட்டியான காய்கறிக் குழம்பும் (பாஜி) அதனுடன் சேர்த்துச் சாப்பிட மிருதுவான ரொட்டித் துண்டும் (பாவ்) இருக்கும்.","पाव भाजी: यह महाराष्ट्र का एक फास्ट फूड व्यंजन है, जिसमें सब्जियों का गाढ़ा मिश्रण होता है जिसे सामान्यतया मक्खन में पकाया जाता है और एक नर्म ब्रेड रोल (पाव) के साथ परोसा जाता है।","पाव बाजी महाराष्ट्र में एक तेजी से भोजन है, जिसमें अक्सर चीनी के साथ बनाई गई पतली सब्जी की सूप (बाजी) और उसके साथ एक मीठे रोटी के टुकड़े (पाव) शामिल होते हैं।"
Tamil,Hindi,"லல் தத் மற்றும் ஹப்பா காத்தூனின் காஷ்மீரி கவிதைகள் மறைஞானப் போக்கும் தீவிர வேதனை வெளிப்பாடும் கொண்டுள்ளன, ராஜஸ்தானி மொழியில் உள்ள மீராபாய் கவிதைகள் தனித்துவமிக்க இறைபக்தித் தன்மைக்குப் பெயர்போனவை, தமிழில் ஆண்டாளின் மறைஞானக் கவிதைகளும் கன்னடத்தில் அக்கா மகாதேவியின் வசனங்களும் அந்தக் காலகட்டத்தின் இலக்கியத்திற்குப் பெண்கள் அளித்த மாபெரும் பங்களிப்பின் சான்றுகளாக விளங்குகின்றன.","हब्बा खातून और लल्ल-द्यद की कश्मीरी रचनाएं उनके आध्यात्मिक अंदाज़ और गहन भावनाओं की अभिव्यक्ति के लिए जानी जाती हैं, राजस्थान में मीराबाई की रचनाएं उनकी अद्वितीय भक्ति के लिए लोकप्रिय हैं, तमिल में आण्डाल का गूढ़ ज्ञान तथा कन्नड़ में अक्का महादेवी के वचन उस समय के साहित्य में महिलाओं के व्यापक योगदान के प्रमाण हैं।","लल्ल और हब्बा कातून की कश्मीरी कविताएँ मृत्यु की प्रेरणा की भावना और तीव्र भावुकता की अभिव्यक्ति के साथ हैं, मीराबाई की राजस्थानी कविताएँ अलग हैं और एक अद्वितीय धार्मिक भावना के लिए जानी जाती हैं, जो तमिल में अंडल की मृत्यु की कविताएँ और कन्नड"
Tamil,Hindi,பௌத்த சுவரோவியங்களைக் கொண்ட பாக் குகைகள் மத்தியப் பிரதேசத்தின் தார் மாவட்டத்திலிருந்து 97 கிலோமீட்டர் தொலைவில் அமைந்துள்ளன.,"बाघ गुफाएं, जिनमें बौद्ध भित्ति चित्र बने हुए हैं, मध्य प्रदेश के धार ज़िले से 97 कि.मी. की दूरी पर स्थित हैं।",बौद्ध चित्रों के साथ बाग़ गुफाएँ मध्य प्रदेश के थार में स्थित हैं।
Tamil,Hindi,"சம்ஸ்கிருத இலக்கியத்தில் மூலா என்ற சொல் அதன் வழக்கமான பொருளில் ஒரு செடி அல்லது மரத்தின் வேரைக் குறிக்கிறது, எனினும் குறியீடு ரீதியாக அது ஒன்றின் அடிப்பாகம், கீழ்ப்பகுதி அல்லது அடிப்பகுதி என்பதைக் குறிக்கிறது.","संस्कृत साहित्य में मूल शब्द का सामान्य अर्थ है किसी पौधे या वृक्ष की जड़, किंतु लाक्षणिक रूप में, यह किसी भी वस्तु का निचला हिस्सा या तल हो सकता है।","समस्कृति के साहित्य में मूला का अर्थ है एक पौधे या पेड़ की जड़, लेकिन यह एक संकेत के रूप में एक का आधार, निचला भाग या आधार हो सकता है।"
Tamil,Hindi,சிந்து சமவெளி நாகரிகம் பல்வேறு துறைகளைச் சார்ந்த தொழில்நுட்ப அறிவுக்குப் பிரசித்தி பெற்றது.,सिंधु घाटी सभ्यता विभिन्न क्षेत्रों में अपने तकनीकी ज्ञान के लिए जानी जाती है।,सिन्धु घाटी सभ्यता
Tamil,Hindi,"கௌரவர்கள் அனைவரும் மடிந்து போகிறார்கள், பஞ்ச பாண்டவர்களும் ஸ்ரீகிருஷ்ணரும் மட்டுமே உயிர்தப்புகின்றனர்.",सभी कौरव मर जाते हैं; केवल पाँच पांडव भाई और कृष्ण जीवित बचते हैं।,"हीरो सभी मर जाते हैं, पांच पांडव और श्रीकृष्ण भी जीवित रहते हैं।"
Tamil,Hindi,"போர் பதினெட்டு நாட்கள் உக்கிரமாக நடக்கிறது, இறுதியில் கௌரவர்கள் தோல்வியடைகின்றனர்.",युद्ध अठारह दिनों तक चलता रहता है और कौरवों की पराजय के साथ समाप्त होता है।,"युद्ध के अठारह दिनों के दौरान, अंततः विजेताओं को हार का सामना करना पड़ता है।"
Tamil,Hindi,"அஸ்தினாபுரத்தின் ஆட்சிக்கு வாரிசு யார் என்ற சண்டை தான் மகாபாரதத்தின் மையக் கதை, அந்த ராஜ்யம் இன்றைய தில்லியை அடுத்து வடக்கே இருந்தது, அதுவே பரதர்கள் என்று பொதுவாக அறியப்படும் கோத்திரத்தின் பூர்வீக நாடு.","महाभारत की केंद्रीय कथा हस्तिनापुर के सिंहासन पर उत्तराधिकार के लिए संघर्ष की कहानी है, एक ऐसा राज्य जो आधुनिक दिल्ली के ठीक उत्तर में है और जो भरत नाम से जानी जाने वाली एक जनजाति का पैतृक क्षेत्र है।","अस्टिनापुर के उत्तराधिकारी कौन हैं? यह महाभारत का मुख्य कथानक है, जो आज के दिल्ली के उत्तर में स्थित था, जो पार्थों के जन्मस्थान के रूप में जाना जाता है।"
Tamil,Hindi,கர்நாடகத்தில் சைவம் உண்பவர்களின் எண்ணிக்கை அசைவம் உண்பவர்களின் எண்ணிக்கையை விட அதிகமாக இருப்பதால் அந்த மாநிலத்தின் உணவுப் பழக்கத்தில் பெரும்பாலும் சைவ உணவுகளே அடங்கியுள்ளன.,कर्नाटक में शाकाहारी लोगों की संख्या मांसाहारी लोगों से अधिक है; इसलिए उनके भोजन में मुख्य रूप से शाकाहारी व्यंजन होते हैं।,"कर्नाटक में शाकाहारी आहार की संख्या आहार की संख्या से अधिक होने के कारण, राज्य के भोजन की आदतों में शाकाहारी भोजन का प्रमुख हिस्सा है।"
Tamil,Hindi,"அவருக்கு சஞ்சயன் பதிலளித்து, போர்க்களத்தில் என்ன நடக்கிறது என்பதைக் கூறுகிறார்.","उन्हें संजय से, जो उन्हें बता रहा है कि युद्ध के मैदान में क्या हो रहा है, उत्तर मिलता है।",अगर संजय ने जवाब दिया तो उसे बता दिया कि बैर के मैदान में क्या हो रहा है।
Tamil,Hindi,"தமிழில் சிலப்பதிகாரம், மணிமேகலை என்ற இரு காப்பியங்கள் உள்ளன.",तमिल में मिलने वाले दो महाकाव्य सिलप्पदिकारम् और मणिमेकलै हैं।,"सिलाप्पदिकारम्, माणिमेकालैः नाम दो ग्रन्थाः अस्ति।"
Tamil,Hindi,இந்தப் பகுதியில் மிளகாய்ப் பொடி எச்சரிக்கையுடன் பயன்படுத்தப்படுகிறது.,इस क्षेत्र में मिर्च के पाउडर का उपयोग सावधानी से किया जाता है।,इसी हिस्से में मिर्च पाउडर के साथ उपयोग किया जाता है।
Tamil,Hindi,"யோகா என்ற சொல் யுஜ் என்ற சம்ஸ்கிருத வேர்ச்சொல்லிருந்து பிறக்கிறது, அதற்கு இணைத்தல், பிணைத்துக் கட்டுதல் அல்லது ஒன்றுபடுதல் என்று அர்த்தம்.","योग शब्द संस्कृत की युज् धातु से निकला है, जिसका अर्थ है जोड़ना या जोतना या सम्मिलित करना।","योगा शब्द संस्कृत के युज् शब्द से उत्पन्न होता है, जिसका अर्थ है जुड़ना, बांधना या एक हो जाना।"
Tamil,Hindi,"இன்றைய ஒடிசி நடனம், ஒரிசாவின் கோவில் சுவர்களில் பல்வேறு படிவப்பாங்கு சார்ந்து செதுக்கப்பட்டுள்ள எண்ணற்ற சிற்பங்களிலிருந்து உருவாகி வளர்ந்துள்ளது.",आज का ओड़िसी उड़ीसा के मंदिरों की दीवारों पर विभिन्न रूपांकनों में उत्कीर्ण अनगिनत प्रतिमाओं से विकसित हुआ है।,"आज का ओडिशी नृत्य, ओडिशा के मंदिर की दीवारों पर कई प्रकार के आकारों में नक्काशी किए गए अनेक प्रतिमाओं से उत्पन्न हुआ और विकसित हुआ है।"
Tamil,Hindi,"வசிஸ்தர் இப்போது அரசரை நோக்கி, ""அரசே, நீங்கள் வாக்குறுதி அளித்துவிட்டால் பிறகு அதை மறுப்பது உங்களுக்கு உகந்ததல்ல"" என்று மென்மையாகக் கூறினார்.","वशिष्ठ अब राजा की ओर घूमे और धीरे से बोले: ""राजा , आपको शोभा नहीं देता कि आपने जिस चीज़ का एक बार वचन दिया था उससे आप मुकर जाएं।","वासिस्टर अभी राजा की ओर देखते हुए, ""राजा, अगर आप वादा करते हैं, तो बाद में इसे खारिज करना आपके लिए उचित नहीं है"" और कोमलता से कहा।
    - <templatestyles src=""Reflist/styles.css"" />"
Tamil,Hindi,அர்ஜுனர் எந்தளவுக்கு நிராசை அடைந்துள்ளார் என்பதை உணரும்போது தான் கிருஷ்ணர் தனது எண்ணத்தை மாற்றிக் கொண்டு இவ்வுலகில் தர்மச் செயல்கள் இயங்கும் இரகசியங்களைக் கற்பிக்கத் தொடங்குகிறார்.,"केवल तब जब उनको अर्जुन की हताशा की हद समझ में आई, कृष्ण ने अपना रवैया बदला और दुनिया में धार्मिक संघर्षों के रहस्य को सिखाना शुरू किया।",अर्जुन कितना निराश है इसका अहसास होने पर ही कृष्ण अपने विचारों को बदलकर इस संसार में धर्म कार्यों को चलाने वाली रहस्यमयियों को पढ़ाना शुरू करते हैं।
Tamil,Hindi,குழாயில் அரிசிமாவைச் சேர்க்கும்போது இடையிடையே சிறிது துருவிய தேங்காயும் சேர்த்துக் கொள்ளலாம்.,"जैसे-जैसे आप पात्र में चावल का आटा डाल रहे हों, बीच-बीच में आप कम मात्रा में घिसा हुआ नारियल भी डालें।",सिलेंडर में अरिसिमा मिलाने के दौरान बीच में थोड़ा सा तेल भी जोड़ सकते हैं।
Tamil,Hindi,முதலில் அந்தக் குழாய்க்குள் ஒரு கரண்டி நிரம்ப துருவிய தேங்காயையும் அதன்பின் நன்றாகக் கலந்த அரிசிமாவையும் சேர்க்க வேண்டும்.,"आप बेलनाकार पात्र में एक चम्मच-भर कद्दूकस किया हुआ नारियल मिला कर शुरू कर सकते हैं, जिसके बाद अच्छी तरह मिश्रित चावल का आटा उसमें मिला दें।",पहले उस कोलम में एक कार्डन को भर दिया जाना चाहिए जो पूर्व में पानी में डूबा हुआ है और फिर अच्छी तरह से मिला हुआ अरिसिमा होना चाहिए।
Tamil,Hindi,"மஹாராஜா ரஞ்சித் சிங் அளித்த கொடையின் பலனாக சுமார் கிபி 1835இல் நான்டடில் நுட்பமாகச் செதுக்குவேலை செய்யப்பட்ட பிரமாண்டமான பொன் மாடம் வீற்றுள்ள ஓர் அழகான, மனதைக் கொள்ளைகொள்கிற குருத்வாரா கட்டப்பட்டது.",महाराजा रणजीत सिंह के दान के कारण 1835 ई. के आस-पास नांदेड में एक सुंदर और असाधारण गुरुद्वारे का निर्माण हुआ जिसमें जटिल नक्काशी वाला एक भव्य स्वर्ण गुंबद है।,"महाराजा रणजीत सिंह की दान के रूप में की गई कुछ कीवी 1835 में नंदड़ी में कारीगरी से काटी गई एक विशाल स्वर्ण मंडप, जिसमें एक सुंदर, मन को चुराने वाला गुरुद्वारा बनाया गया था।"
Tamil,Hindi,திட்டமிடப்பட்ட சந்தம் அல்லது தாள அசையை தக்கவைத்துள்ள ஸ்வரங்களுக்கேற்ப அமைக்கப்பட்ட இந்தக் குறிப்பிட்ட ருச்சாக்களின் தொகுப்பே சாமவேதம்.,सामवेद इन चुनी हुई ऋचाओं का एक संग्रह है जिन्हें प्रस्तावित छंद या लयबद्ध ताल पर निर्धारित करते हुए स्वरों में व्यवस्थित किया गया है।,डिज़ाइन की हुई ध्वनि या ताल के अनुसार बनाई गई विशिष्ट रुचियों के एक संग्रह जो समवेद का नाम है।
Tamil,Hindi,பண்டைய அயோத்தியா நமது நவீனகால நகரங்களை விடக் குறைந்ததல்ல என்பது கோசலையின் தலைநகரம் குறித்த வால்மிகியின் வர்ணனையிலிருந்து தெளிவாகிறது.,वाल्मीकि द्वारा किए गए राजधानी कोशल के वर्णन से यह सुस्पष्ट है किअयोध्या की प्राचीन राजधानी हमारे आधुनिक शहरों से किसी भी तरह से कम नहीं थी।,प्राचीन अयोध्या हमारे आधुनिक शहरों से कम नहीं है-वाल्मीकि की कोसल की राजधानी के बारे में वर्णन से स्पष्ट होता है।
Tamil,Hindi,"நான் செய்வேன்' என்று சொல்லிவிட்டால், பிறகு அதைச் செய்தாக வேண்டும், வேறு வழியில்லை.","एक बार ऐसा कह देने पर कि 'मैं यह करूँगा', तुम्हारे पास इसे करने के अलावा कोई विकल्प नहीं रह जाता है।","मैं करूँगा' को कहेंगे, फिर उसे करना होगा, अन्यथा कोई विकल्प नहीं होगा।"
Tamil,Hindi,"சமீப காலங்களில், ரூபாயின் மாற்று விகிதம் குறித்தும் நமது அந்நியச் செலாவணி போதியளவில் உள்ளதா என்பது குறித்தும் வேறுபட்ட கருத்துக்கள் நிலவி வருகின்றன.","हाल के वर्षों में, रुपये की विनिमय दर तथा विदेशी मुद्रा आरक्षित भंडार की पर्याप्तता पर भिन्न-भिन्न दृष्टिकोण सामने आए हैं।",रूबाये के संबंध में हाल ही में रूपांतरण अनुपात के बारे में और हमारे विदेशी विनिमय में पर्याप्त है या नहीं इस बारे में अलग-अलग राय हैं।
Tamil,Hindi,"ஒரு கிரெடிட் கார்டு கணக்கு தவணைத் தேதி முடிந்து மூன்று நாட்களுக்குப் பிறகும் தவணை செலுத்தாமல் இருந்தால் மட்டுமே, வங்கிகள் அந்தக் கிரெடிட் கார்டு கணக்கை தவணை செலுத்தாதது என்று கடன் தகவல் நிறுவனங்களுக்கு (சிஐசி) தெரிவிக்கலாம் அல்லது ஏதேனும் அபராதக் கட்டணங்களை - அதாவது, தாமத காலக் கட்டணங்களை - விதிக்கலாம்.","जब कोई क्रेडिट कार्ड खाता तीन दिन से अधिक पिछला बकाया दिखाता है, केवल तभी बैंक साख सूचना कंपनियों (सी.आई.सी.) को सूचित कर सकते हैं कि इसका पिछला बकाया है या देर से भुगतान शुल्क इत्यादि जैसा जुर्माना लगा सकते हैं।","एक क्रेडिट कार्ड खाता अगर तीन दिनों के भीतर बिल नहीं भुगतान किया जाता है, तो बैंक क्रेडिट कार्ड खाते को बिल भुगतान न करने के रूप में जानकारी दे सकते हैं या किसी भी प्रकार के जुर्माना शुल्क को लागू कर सकते हैं- अर्थात, तारीख से अधिक समय तक के शुल्क।"
Tamil,Hindi,நாடுகள் தமது நிதி நிலையை மேம்படுத்த உள்வரும் நேரடி முதலீடுகளை வரவேற்கலாம்.,देश अपनी आर्थिक स्थिति में सुधार करने हेतु विदेशों से प्रत्यक्ष निवेश को बढ़ावा दे सकते हैं।,राष्ट्रों को अपने वित्तीय स्थिति को बेहतर बनाने के लिए सीधी निवेश को स्वीकार करना चाहिए।
Tamil,Hindi,"எனினும் இந்த பேக்கேஜை விரைவாக நடைமுறைப்படுத்த ஊக்கமளிக்கும் வகையில், அங்கீகாரமளித்த பேக்கேஜை அந்த வங்கி தமக்கு விண்ணப்பம் வந்த தேதியிலிருந்து 90 நாட்களுக்குள் நடைமுறைப்படுத்தி இருந்தால், மறுகட்டமைப்புக்கான விண்ணப்பத்தை அந்த வங்கி பெற்றபோது நிலவிய அதே நிலைக்கு சொத்து வகைப்படுத்தல் நிலை மீட்கப்படலாம்.","तथापि, पैकेज के त्वरित कार्यान्वयन के लिए प्रोत्साहन के रूप में,अगर अनुमोदित पैकेज बैंक द्वारा आवेदन प्राप्त करने के 90 दिनों के भीतर कार्यान्वित किया जाता है तो आस्ति वर्गीकरण की स्थिति बैंक द्वारा पुनर्रचना का आवेदन प्राप्त करने के समय वाले स्तर पर पुनः स्थापित की जा सकती है।","हालाँकि यह पैकेज जल्द से जल्द लागू करने के लिए प्रोत्साहित करता है, ताकि यह सुनिश्चित किया जा सके कि स्वीकृत पैकेज उस बैंक के पास उस दिन से 90 दिनों के भीतर लागू हो जाता है जिस दिन उस बैंक को पैकेज का अनुरोध मिला है, तो स्वीकृत पैकेज के लिए स"
Tamil,Hindi,"தனியார் மூலதனக் குவிப்பின் இயங்குமுறையினால் செல்வம் தவிர்க்கமுடியாத விதத்தில் வெகுசில கரங்களுக்குள் குவிந்துவிடுகிறதா அல்லது வளர்ச்சி, போட்டி, தொழில்நுட்ப முன்னேற்றம் ஆகியவற்றின் சமநிலையாக்கச் சக்திகள் மூலம் அது ஏற்றத்தாழ்வைக் குறைக்கிறதா?","क्या निजी पूँजी संचय की गतिशीलता अनिवार्य रूप से धन के संकेन्द्रण को कुछ ही लोगों तक सीमित कर देती है, या विकास, प्रतियोगिता, तथा तकनीकी प्रगति की प्रतिकारी शक्तियों के परिणामस्वरूप असमानता कम होने लगती है?","खुदरा वित्तीय वित्त के संचालन के कारण धन को बचाने के लिए कितनी ही हाथों में इकट्ठा हो रहा है या विकास, प्रतिस्पर्धा, तकनीकी उन्नति के माध्यम से यह संतुलन के लिए शक्ति प्रदान कर रहा है?"
Tamil,Hindi,இது அளவுக்கதிகமான வேகத்தில் மாற்றம் ஏற்படுவதைத் தடுப்பதற்கும் எதிர்பார்ப்புகளை நிலைப்படுத்துவதற்கும் சந்தையில் தலையீடு செய்கிறது.,यह बाज़ार में अत्यधिक अस्थिरता को कम करने और स्फीति को अत्यधिक बढ़ने से रोकने के लिए हस्तक्षेप करता है।,इसने बाजार में प्रवेश किया है ताकि यह ऊर्जा की मांग को संतुलित करने के लिए तेजी से परिवर्तन को रोक सके और अपेक्षाओं को स्थिर रख सके।
Tamil,Hindi,"இரண்டாம் காலாண்டிற்கான தரவு வெகு வேகமான மாறுதல்களைக் கொண்டிருப்பது, பொருளாதாரச் செயல்பாடு தொடர்ந்து பாதிப்புகளைத் தாங்கிவருவதைக் காட்டுகிறது.",दूसरी तिमाही के उच्च आवृत्ति आँकड़े दर्शाते हैं कि आर्थिक संचालन अब भी मजबूत है।,"दूसरे कैलेंडर वर्ष के लिए डेटा बहुत तेजी से बदल रहा है, अर्थव्यवस्था लगातार हानियों को बर्दाश्त कर रही है।"
Tamil,Hindi,"பருவினப் பொருளியல் வழக்கமாக ஒரு நாடு பற்றியும், அங்குள்ள அனைத்துச் சந்தைகளும் எப்படி ஒன்றோடொன்று தொடர்புகொண்டு கூட்டு மாறிகள் என்று பொருளாதார நிபுணர்கள் அழைக்கும் மாபெரும் நியதிகளை உருவாக்குகின்றன என்பது பற்றியும் தான் பேசுகிறது.","समष्टि अर्थशास्त्र में, विषय विशिष्ट रूप से एक राष्ट्र होता है और इसके बाज़ार किस प्रकार से उन व्यापक घटनाओं को उत्पन्न करने में एक-दूसरे को प्रभावित करते हैं जिसे अर्थशास्त्री समग्र चर कहते हैं।","विषयवस्तु। पारंपरिक अर्थशास्त्र में एक देश के बारे में और वहाँ मौजूद सभी बाजारों के बीच कैसे संबंध होता है और कैसे वे एक साथ विनिमय में हस्तक्षेप करते हैं, इस बारे में बात करता है।"
Tamil,Hindi,பணமாக்கல் என்பது எந்தளவுக்கு நிதிசார் சொத்துக்களை குறுகிய காலத்திற்குள் ஏறக்குறைய முழுச் சந்தை விலைக்கே விற்க முடிகிறது என்பதைக் குறிக்கிறது.,चल निधि का अर्थ है किस हद तक अल्पकाल में पूरे बाजार भाव से बहुत कम अंतर पर वित्तीय संपत्ति बेची जा सकती है।,पूंजीकरण है कि कितनी हद तक धनात्मक संपत्तियों को कुछ समय के लिए लगभग पूरे बाज़ार मूल्य पर बेचा जा सकता है।
Tamil,Hindi,"பரந்த நோக்கில், வருமான அங்கீகரிப்புக் கொள்கை புறவயமாகவும் மீட்பு அனுபவத்தைப் பொறுத்துமே இருக்க வேண்டும், எவ்வித அகவயமான எண்ணங்களின் அடிப்படையிலும் அல்ல.","मोटे तौर पर, आय मान्यता की नीति व्यक्तिनिष्ठ कारणों पर आधारित होने के बजाय वस्तुनिष्ठ और वसूली के विवरण पर आधारित होनी चाहिए।","बड़े पैमाने पर देखा जाए तो, आयकर की मान्यता की नीति को प्रत्येक व्यक्ति के आय के आधार पर मान्यता देना चाहिए और मुक्त करने की प्रक्रिया को ध्यान में रखा जाना चाहिए।"
Odia,Hindi,"ଚେହେରା ହେଉଛି ସେବାରେ ନିୟୋଜିତ ବ୍ୟକ୍ତିଜଣକଙ୍କର ବୈଶିଷ୍ଟ୍ୟଗୁଡ଼ିକର ଏକ ସମାହାର, ଯଥା ତାଙ୍କ ଜୋତା, ପୋଷାକ, ଟାଇ, ଅଳଙ୍କାର, କେଶବିନ୍ୟାସ, ବେଶ-ସଜ୍ଜା, ହାତଘଣ୍ଟା, ପ୍ରସାଧନ ସାମଗ୍ରୀ, ଅତର, ଇତ୍ୟାଦି ।","सेवा संबंधी लोगों के लिए भेष कई गुणों का संयोजन है, जैसे कि उनके जूते, कपड़े, टाई, आभूषण, केश शैली, मेक-अप, घड़ी, कॉस्मेटिक, इत्र, आदि।","चेहरे का मतलब सेवा में नियुक्त व्यक्तियों की विशेषताओं का एक संग्रह है, जिसमें उनका रंग, कपड़ा, टाई, आभूषण, केशविन्यास, ब्यूटी-साज सजावट, हाथगाड़ी, प्रसाधन सामग्री, स्वाद, आदि शामिल हैं।"
Odia,Hindi,ମହାରାଷ୍ଟ୍ରର ଔରଙ୍ଗାବାଦ୍ ଜିଲ୍ଲାରେ ଅବସ୍ଥିତ ଅଜନ୍ତାରେ ଖ୍ରୀଷ୍ଟପୂର୍ବ ପ୍ରଥମ ଶତାବ୍ଦୀରୁ ଖ୍ରୀଷ୍ଟାବ୍ଦ ପଞ୍ଚମ ଶତାବ୍ଦୀ ସମୟର ସ୍ଥାପତ୍ୟ ଓ ଚିତ୍ରକଳାରେ ସୁସଜ୍ଜିତ ଅଣତିରିଶଟି ଚୈତ୍ୟ ଓ ବିହାର ଗୁମ୍ଫା ରହିଛି।,महाराष्ट्र के औरंगाबाद जिले में स्थित अजंता में उन्तीस चैत्य और विहार गुफाएँ हैं जो पहली शताब्दी ई.पू. से ले कर पाँचवीं शताब्दी ईस्वी तक की मूर्तियों तथा चित्रकारियों से सुसज्जित हैं।,"महराष्ट्र के उरंगाबाद जिले में स्थित अजंता में ख्रिस्तपूर्व प्रथम शताब्दी से ख्रिस्तीय पाँचवीं शताब्दी के स्मारकों और चित्रकला से सजी 85 गुफाएँ हैं।
अजंता गुफाएँ, जिन्हें महराष्ट्र के उरंगाबाद जिले में स्थित 29 गुफाओं का एक समूह है,"
Odia,Hindi,"ଶରୀରର ରଙ୍ଗ ବାହ୍ୟ ରେଖା ସହ ମିଶିଯାଇଥାଏ, ଯାହା ଘନତ୍ୱର ପ୍ରଭାବ ସୃଷ୍ଟି କରିଥାଏ |","विस्तार का असर बनाते हुए, शरीर का रंग बाहरी रेखा में घुल-मिल जाता है।","शरीर की रंगत बाहरी रेखा के साथ मेल खाती है, जो घनत्व के प्रभाव को पैदा करती है |"
Odia,Hindi,"ମୂର୍ତ୍ତିକଳା ଓ ପ୍ରସିଦ୍ଧ ସ୍ମାରକୀଗୁଡ଼ିକରେ ପଥରର ବ୍ୟାପକ ବ୍ୟବହାର ଅଶୋକ ଆରମ୍ଭ କରିଥିଲେ, ଯେବେକି ପୂର୍ବବର୍ତ୍ତୀ ପରମ୍ପରାରେ କାଠ ଓ ମାଟିର ବ୍ୟବହାର କରାଯାଉଥିଲା |","अशोक ने व्यापक रूप से मूर्तियों और शानदार स्मारकों को बनाने के लिए पत्थर का प्रयोग करना शुरू किया, जबकि उससे पहले पारंपरिक रूप से लकड़ी और मिट्टी का प्रयोग किया जाता है।","मूर्तिकला और प्रसिद्ध स्मारकों में पत्थर का व्यापक उपयोग अशोक ने शुरू किया, जो पूर्ववर्ती परंपरा में लकड़ी और मिट्टी का उपयोग किया जाता था"
Odia,Hindi,"ମହାରାଷ୍ଟ୍ରର ଏହି ଲୋକପ୍ରିୟ ଓ ସ୍ୱାଦିଷ୍ଟ ଖାଦ୍ୟଟି ଆଳୁକୁ ମସଲା ସହ ମିଶାଇ, ଗୋଳା ହୋଇଥିବା ବେସନରେ ବୁଡ଼ାଇ, ତା'ପରେ ଭଲ ଭାବେ ଛଣାଯାଇ ତିଆରି କରାଯାଇଥାଏ।","महाराष्ट्र के इस स्वादिष्ट और प्रसिद्ध व्यंजन में आलुओं में मसाले को मिलाकर, बेसन के घोल की परत लगाकर, उसे अच्छी तरह से तल कर बनाया जाता है।","महाराष्ट्र की यह लोकप्रिय और स्वादिष्ट व्यंजन एक आलू को मसाला मिलाकर, गोलाकार बेसन में बुलाई, फिर अच्छी तरह से फ्राई करके बनाई जाती है।"
Odia,Hindi,ଚେଟିନାଡ୍‌ ପାକବିଧି ହେଉଛି ତାମିଲନାଡୁ ରାଜ୍ୟର ଚେଟିନାଡ୍ ଅଞ୍ଚଳର 'ନାଟୁକୋଟାଇ ଚେଟିୟାର୍' କୁହାଯାଉଥିବା ବା ନିଜକୁ 'ନାଗରଥାର୍' କହୁଥିବା ଏକ ସମ୍ପ୍ରଦାୟର ପାକବିଧି।,चेट्टिनाड भोजन तमिल नाडु के चेट्टिनाड क्षेत्र के नाट्टूकोटाई चेट्टियार नामक समुदाय या खुद को नागारथार कहने वालों का भोजन है।,चेटिनाड पाकविधि चेटिनाड क्षेत्र के नाटुकोटाई चेटियार के रूप में जाने वाले या अपने आप को नगरथार के रूप में जाने वाले एक समुदाय की पाकविधि है।
Odia,Hindi,"ଡାଳଚିନି ଭାରତର ସ୍ଵଦେଶୀ, ଏବଂ ଏମିତିରେ, ଏହାର ବ୍ୟବହାର ଏକ ସ୍ଵାଦକାରୀ ଦ୍ରବ୍ୟରୁ ନେଇ ଔଷଧୀୟ ଦ୍ରବ୍ୟ ପର୍ଯ୍ୟନ୍ତ ହୋଇଥାଏ ।",दालचीनी मूल रूप से भारत की है और इस रूप में इसका प्रयोग स्वादिष्टकारक से लेकर औषधीय कारक के रूप में किया जाता है।,"डालचिनी भारत का एक स्वदेशी, और इसका उपयोग एक स्वादिष्ट पदार्थ से लेकर औषधीय पदार्थ तक होता है।"
Odia,Hindi,ଏହାକୁ ଏକ ଶୁଖିଲା ଗ୍ରାଇଣ୍ଡର କିମ୍ବା ପଥରର ହେମଦସ୍ତା ସାହାଯ୍ୟରେ ଗୁଣ୍ଡରେ ପରିଣତ କରନ୍ତୁ ।,सूखे ग्राइंडर में या फिर पत्थर के मूसल में इसका चूर्ण बना लें।,इसे एक ठंडा ग्राइंडर या पत्थर की हेमडस्टा सहायता से गुंडा में बदल दिया गया है।
Odia,Hindi,"ପଞ୍ଜାବର ପ୍ରତ୍ୟେକ ସହରର ଭିନ୍ନ ଭିନ୍ନ ପସନ୍ଦ ରହିଛି, ଯେପରିକି ଅମୃତସରର ଲୋକେ ବିଶେଷତଃ ଅମୃତସରୀ କୁଲ୍‌ଚା, ପୁରଦିଆ ପରଟା ଏବଂ ଦୁଗ୍ଧଜାତ ଦ୍ରବ୍ୟକୁ ଭଲପାଆନ୍ତି ।","पंजाब के हर शहर की अपनी पसंद है, जैसे कि अमृतसर के लोग विशेष रूप से अमृतसरी कुलचे, भरवां पराठें और दूध के उत्पाद पसंद करते हैं।","पंजाब के प्रत्येक शहर में अलग-अलग पसंद होती है, जैसे कि अमृतसर के लोग विशेष रूप से अमृतसरी कुल्चा, पुरानी पार्टी और दूधी ड्रिंक को पसंद करते हैं।"
Odia,Hindi,"ଋଷିଙ୍କ ସାଙ୍ଗରେ ରାମଙ୍କୁ ପଠେଇ ଦିଅନ୍ତୁ, ଏବଂ ଲକ୍ଷ୍ମଣଙ୍କୁ ମଧ୍ୟ ପଠାନ୍ତୁ।","राम को ऋषि के साथ भेज दो, और लक्ष्मण को भी भेज दो।","राम को ऋषि के साथ पाठ करें, और लक्ष्मण को भी पाठ करें।"
Odia,Hindi,ମାତ୍ର ମଙ୍ଗଳ ପାଣ୍ଡେଙ୍କର ସାହସିକ କାର୍ଯ୍ୟଟି ଏକ ଉଚ୍ଚ ଏବଂ ମହାନ ଆଦର୍ଶ ପ୍ରତି ଅନୁରକ୍ତି ମାଧ୍ୟମରେ କରାଯାଇଥିଲା ।,परंतु मंगल पांडे ने यह साहसिक कारनामा एक ऊँचे और श्रेष्ठ सिद्धांत के प्रति समर्पण के लिए किया।,मात्र मंगल पांडे का साहसी काम एक उच्च और महान आदर्श के प्रति अनुरूपता के माध्यम से किया गया था।
Odia,Hindi,"ପିଆଜ ଥରେ ଅର୍ଦ୍ଧସ୍ୱଚ୍ଛ ହୋଇଗଲା ପରେ, ସେଥିରେ ମାରିନେଟ୍ କରି ରଖା ହୋଇଥିବା ମାଂସକୁ ହଳଦୀ ଗୁଣ୍ଡ ସହ ପକାନ୍ତୁ, ଏବଂ ଏହାକୁ ୫-୬ ମିନିଟ ଘାଣ୍ଟନ୍ତୁ, ଯେପର୍ଯ୍ୟନ୍ତ ମସଲା ସବୁ ମାଂସରେ ଭେଦି ନଯାଇଛି |",प्याज जब पारभासी हो जाए तो उसमें मसालों के मिश्रण में कुछ समय से रखे गए मांस और पिसी हल्दी डाल कर 5-6 मिनट तक हल्का-सा तलते रहें जब तक कि मांस सभी मसालों को सोख न ले।,"पिज़ा को फिर से स्वादिष्ट बनाने के बाद, उसमें मैरिनेट किए गए मांस को हल्दी के साथ मिलाएं और इसे 5-6 मिनट तक पकाएं, जब तक कि मसाले मांस में नहीं मिल जाते"
Odia,Hindi,"ହିତୋପଦେଶ ହେଉଛି ସାଂସାରିକ ଜ୍ଞାନର ଏକ ପୁସ୍ତକ ଯାହାକି ପକ୍ଷୀ, ପଶୁ, ଏବଂ ମନୁଷ୍ୟ ଚରିତ୍ରଗୁଡ଼ିକ ମାଧ୍ୟମରେ ଉପସ୍ଥାପିତ ହୋଇଛି ।","हितोपदेश एक पुस्तक है जिसमें सांसारिक ज्ञान पक्षियों, पशुओं, और मनुष्यों के चरित्रों के माध्यम से प्रस्तुत किया गया है।","हितोपदेश है एक पुस्तक जो पक्षी, पशु और मनुष्यों के पात्रों के माध्यम से सामाजिक ज्ञान प्रस्तुत करता है।"
Odia,Hindi,ସଂସ୍କୃତରେ ଭାବପ୍ରକାଶ କରିବାର ଦକ୍ଷତା ଏବଂ ବିଜ୍ଞ ବ୍ୟବହାର ସମ୍ପର୍କରେ ଜ୍ଞାନର ପ୍ରୋତ୍ସାହନ ଦେବା ଏହି ପୁସ୍ତକର ଉଦ୍ଦେଶ୍ୟ ବୋଲି ପ୍ରତୀତ ହୋଇଥାଏ।,ऐसा प्रतीत होता है कि पुस्तक का उद्देश्य संस्कृत अभिव्यक्ति में प्रवीणता और विवेकपूर्ण व्यवहार के ज्ञान को प्रोत्साहित करना है।,हिंदी में अनुवाद।
Odia,Hindi,"ପ୍ରଫେସର ଅସିତ୍‌କୁମାର ବନ୍ଦୋପାଧ୍ୟାୟ ନିଜ ଜନ୍ମ ସହର ହାୱଡାର ସମ୍ପୂର୍ଣ୍ଣ ଇତିହାସ ସଙ୍କଳନ କରିବାରେ ମୁଖ୍ୟ ଭୂମିକା ଗ୍ରହଣ କରିଥିଲେ, ଯାହା 'ହାୱଡା ସହରେର୍ ଇତିବୃତ୍ତୋ' (ପ୍ରଥମ ଓ ଦ୍ୱିତୀୟ ଖଣ୍ଡ) ଶୀର୍ଷକରେ ୧୯୯୪ ଓ ୧୯୯୫ ମସିହାରେ ପ୍ରକାଶିତ।","प्रोफेसर असितकुमार बन्दोपाध्याय ने 1994 और 1995 में अपने गृह-नगर, हावड़ा के संपूर्ण इतिहास को हावड़ा शहरेर इतिवृत्त (पहला और दूसरा खंड) नाम से संकलित करने में महत्वपूर्ण भूमिका निभाई है।","प्रोफेसर असितकुमार बंधोपाध्याय ने अपने जन्म स्थान हावड़ा के पूर्ण इतिहास का संकलन करने में प्रमुख भूमिका निभाई, जो ""हावड़ा शहर का इतिहास"" (प्रथम और द्वितीय खंड) शीर्षक से 1994 और 1995 में प्रकाशित हुआ था।"
Odia,Hindi,"ଚୈତ୍ୟ ଭବନର ସାମ୍ନା ଭାଗର ପ୍ରଧାନ ବୈଶିଷ୍ଟ୍ୟସୂଚକ ଉପାଦାନଟି ହେଉଛି କାଷ୍ଠ ନିର୍ମିତ ଖୋଲା ପୂରୋଭାଗ ସହିତ ଏକ ଅର୍ଦ୍ଧ ଗୋଲାକୃତି ଆକାରର ଖିଲାଣ , ଏବଂ କେତେକ ଜାଗାରେ, କୌଣସି ବଡ଼ ଆକାରର ଅର୍ଦ୍ଧ ଗୋଲାକୃତି ଖିଲାଣ ଢାଞ୍ଚାର ଚୈତ୍ୟ ଝରକା ନଥାଏ।",चैत्य के सभागृह में सामने की ओर अर्ध-वृत्ताकार चैत्य चाप रूपांकित है जिसका सामने का हिस्सा खुला है जहां पर लकड़ी का भवनमुख है और किसी-किसी में मुख्य चैत्य चाप वाली खिड़की नहीं है।,"चैत्य भवन के सामने का मुख्य विशेषता सूचक तत्व एक खुली पूर्व दीवार के साथ एक अर्द्ध गोलाकार आकार का खिलौना है, और कुछ स्थानों पर, कोई भी बड़ी आकृति का अर्द्ध गोलाकार खिलौना चैत्य झरना नहीं है।"
Odia,Hindi,"ଅନେକ ପିଢ଼ି ଧରି 'ମହାରାଜ' ଓ 'ଖାନ୍‌ସମା' (ପାରମ୍ପରିକ ଭାବେ ଏହା ଭାରତରେ ପାରଙ୍ଗମ ପାଚକମାନଙ୍କୁ କୁହା ଯାଇଥାଏ) ମାନେ ଏହି ପାକ ପଦ୍ଧତିଗୁଡ଼ିକୁ ଶହ ଶହ ବର୍ଷ ଧରି ଏକ ଉତ୍କୃଷ୍ଟ ସ୍ତରରେ ପହଞ୍ଚାଇଛନ୍ତି, ଏବଂ ହଜାର ବର୍ଷ ଧରି ଏହି ପଦ୍ଧତିଗୁଡ଼ିକ ମୌଖିକ ପରମ୍ପରା ମାଧ୍ୟମରେ ତିଷ୍ଠି ରହିଛି।",महाराजों और खानसामों (जैसा कि कुशल रसोइयों को परंपरागत रूप से भारत में कहा जाता है) की पीढ़ियों ने सदियों से इन पाक-विधियों को परिपूर्ण कर दिया है और अब ये पाक-विधियाँ सहस्रों वर्षों में मौखिक परमपरा के माध्यम से आगे बढ़ती आई हैं।,"अनेक पीढ़ियों के लिए 'महाराज' और 'ख़ानसामा' (पारंपरिक रूप से भारत में पारंगम पाककारों को कहा जाता है) ने इस पाक प्रक्रिया को हजारों वर्षों से एक उत्कृष्ट स्तर पर ले गए हैं, और हजारों वर्षों से इस प्रक्रिया को मौखिक परंपरा के माध्यम से जीवित रखा"
Odia,Hindi,"ଏହାର ପ୍ରସ୍ତୁତି ପାରମ୍ପରିକ ଭାବେ ଜଣେ ବାସ୍ତା ୱାଜା ବା ମୁଖ୍ୟପାଚକଙ୍କ ଦ୍ୱାରା କରାଯାଇଥାଏ, ଏଥିରେ ତାଙ୍କୁ ଏକ ୱାଜା ଦଳ ବା ପାଚକଦଳ ସହାୟତା କରିଥାନ୍ତି।","पारंपरिक रूप से रसोइयों के दल की सहायता से तैयारी वास्ता वाज़ा, या प्रधान रसोइये द्वारा की जाती है।",प्राप्त करें.
Odia,Hindi,"ପାୱ ଭାଜି: ଏହା ମହାରାଷ୍ଟ୍ରର ଏକ ଫାଷ୍ଟ ଫୁଡ୍ ଖାଦ୍ୟ, ଯେଉଁଥିରେ ସାଧାରଣତଃ ଲହୁଣୀରେ ପ୍ରସ୍ତୁତ ବହଳିଆ ପରିବା ତରକାରୀ (ଭାଜି)କୁ ଏକ ନରମ ପାଉଁରୁଟି ରୋଲ୍‌ (ପାୱ) ସହିତ ପରଷା ଯାଇଥାଏ।","पाव भाजी: यह महाराष्ट्र का एक फास्ट फूड व्यंजन है, जिसमें सब्जियों का गाढ़ा मिश्रण होता है जिसे सामान्यतया मक्खन में पकाया जाता है और एक नर्म ब्रेड रोल (पाव) के साथ परोसा जाता है।","पाव भाजीः यह एक तेजी से खाने का खाना है जो महाराष्ट्र में पाया जाता है, जिसमें आमतौर पर लहसुन में पकाया गया ग्रीन पारिया भाजी (भाजी) को एक नरम पाउरुती रोल (पाव) के साथ परोसा जाता है।"
Odia,Hindi,"ଲାଲ୍ ଦେଦ୍ ଓ ହବା ଖାତୁନ୍‌ଙ୍କ କାଶ୍ମିରୀ ରଚନା ସେଗୁଡ଼ିକର ଆଧ୍ୟାତ୍ମିକ ରସ ଏବଂ ଅଭିବ୍ୟକ୍ତିର ତୀବ୍ର ବେଦନା ପାଇଁ ଜଣାଶୁଣା, ମୀରାବାଈଙ୍କ ରାଜସ୍ଥାନୀ ରଚନା ନିଜ ନିଆରା ଭକ୍ତି ଭାବ ପାଇଁ ପ୍ରସିଦ୍ଧ, ତାମିଲରେ ଅନ୍ଦଲଙ୍କ ରହସ୍ୟବାଦ, ଏବଂ କନ୍ନଡରେ ଆକ୍କା ମହାଦେବୀଙ୍କ ବଚନସବୁ ହେଉଛି ସେହି କାଳର ସାହିତ୍ୟକୁ ନାରୀମାନଙ୍କ ମହାନ ଅବଦାନର ସାକ୍ଷ୍ୟ।","हब्बा खातून और लल्ल-द्यद की कश्मीरी रचनाएं उनके आध्यात्मिक अंदाज़ और गहन भावनाओं की अभिव्यक्ति के लिए जानी जाती हैं, राजस्थान में मीराबाई की रचनाएं उनकी अद्वितीय भक्ति के लिए लोकप्रिय हैं, तमिल में आण्डाल का गूढ़ ज्ञान तथा कन्नड़ में अक्का महादेवी के वचन उस समय के साहित्य में महिलाओं के व्यापक योगदान के प्रमाण हैं।","लाला डेड और हवाब कतुन की कश्मीरी रचनाओं के धार्मिक रस और अभिव्यक्ति की तीव्र दुखदाईता के लिए जानी जाती हैं, मीराबाई की राजस्थानी रचनाओं के लिए प्रसिद्ध, जो अपने निर्लिप्त भक्ति भाव के लिए प्रसिद्ध हैं, तमिल में अण्डल के रहस्यवाद, और कन्नड़ म"
Odia,Hindi,"ବୌଦ୍ଧ ଭିତ୍ତି-ଚିତ୍ରଗୁଡ଼ିକୁ ନେଇ ଗଠିତ ବାଘ ଗୁମ୍ଫା, ମଧ୍ୟପ୍ରଦେଶର ଧାର ଜିଲ୍ଲା ଠାରୁ ୯୭ କି.ମି. ଦୂରରେ ଅବସ୍ଥିତ ।","बाघ गुफाएं, जिनमें बौद्ध भित्ति चित्र बने हुए हैं, मध्य प्रदेश के धार ज़िले से 97 कि.मी. की दूरी पर स्थित हैं।","बौद्ध आधारित चित्रों के आधार पर बना बाघ गुफा, मध्य प्रदेश के धार जिले से 97 किमी दूर स्थित है।"
Odia,Hindi,"ସଂସ୍କୃତ ସାହିତ୍ୟରେ 'ମୂଳ' ଶବ୍ଦର ସାଧାରଣ ଅର୍ଥ ହେଉଛି ଏକ ଉଦ୍ଭିଦ ବା ଗଛର ଚେର, କିନ୍ତୁ ପ୍ରତୀକାତ୍ମକ ଅର୍ଥରେ, ଏହା ପାଦ ବା କୌଣସି ଜିନିଷର ସବୁଠାରୁ ନିମ୍ନଭାଗ ବା ତଳକୁ ବୁଝାଇ ଥାଏ।","संस्कृत साहित्य में मूल शब्द का सामान्य अर्थ है किसी पौधे या वृक्ष की जड़, किंतु लाक्षणिक रूप में, यह किसी भी वस्तु का निचला हिस्सा या तल हो सकता है।","संस्कृत साहित्य में 'मूल' शब्द का आम अर्थ एक पौधे या पेड़ की छाल है, लेकिन प्रतीकात्मक अर्थ में, यह पैर या किसी वस्तु के सबसे नीचे या नीचे की ओर बोलता है।"
Odia,Hindi,ସିନ୍ଧୁ ଉପତ୍ୟକା ସଭ୍ୟତା ବିଭିନ୍ନ କ୍ଷେତ୍ରରେ ନିଜର ବୈଷୟିକ ଜ୍ଞାନ ପାଇଁ ଜଣାଶୁଣା ।,सिंधु घाटी सभ्यता विभिन्न क्षेत्रों में अपने तकनीकी ज्ञान के लिए जानी जाती है।,सिन्धु घाटी सभ्यता विभिन्न क्षेत्रों में अपने व्यावसायिक ज्ञान के लिए जानी जाती है।
Odia,Hindi,ସମସ୍ତ କୌରବ ମୃତ୍ୟୁ ବରଣ କରନ୍ତି; କେବଳ ପଞ୍ଚୁ ପାଣ୍ଡବ ଭ୍ରାତା ଏବଂ କୃଷ୍ଣ ଜୀବିତ ରହନ୍ତି ।,सभी कौरव मर जाते हैं; केवल पाँच पांडव भाई और कृष्ण जीवित बचते हैं।,सभी कौरव मर जाते हैं; केवल पांच पांडव भाइयों और कृष्ण जीवित रहते हैं।
Odia,Hindi,ଅଠର ଦିନ ଧରି ଭୀଷଣ ଯୁଦ୍ଧ ଚାଲେ ଏବଂ କୌରବମାନଙ୍କ ପରାଜୟ ସହିତ ସମାପ୍ତ ହୁଏ ।,युद्ध अठारह दिनों तक चलता रहता है और कौरवों की पराजय के साथ समाप्त होता है।,चार दिनों तक भयंकर युद्ध चलता है और कौरवों की हार के साथ समाप्त हो जाता है।
Odia,Hindi,"ମହାଭାରତର ମୁଖ୍ୟ କାହାଣୀଟି ହେଉଛି ଆଧୁନିକ ଦିଲ୍ଲୀର ଠିକ୍ ଉତ୍ତରରେ ଅବସ୍ଥିତ ହସ୍ତୀନାପୁର ରାଜ୍ୟର ସିଂହାସନର ଉତ୍ତରାଧିକାରକୁ ନେଇ ଏକ ସଙ୍ଘର୍ଷ, ଯାହା ସାଧାରଣଭାବେ ଭରତ ନାମରେ ଜଣାଶୁଣା ଏକ ଜନଜାତିଙ୍କର ପୈତୃକ ଦେଶ ଥିଲା।","महाभारत की केंद्रीय कथा हस्तिनापुर के सिंहासन पर उत्तराधिकार के लिए संघर्ष की कहानी है, एक ऐसा राज्य जो आधुनिक दिल्ली के ठीक उत्तर में है और जो भरत नाम से जानी जाने वाली एक जनजाति का पैतृक क्षेत्र है।",मध्य भारत के उत्तर में स्थित हस्तिनापुर के राज्य के सिंहासन के उत्तराधिकारी को लेकर एक संघर्ष जो सामान्य रूप से भारत नाम से जाना जाता है वह है महाभारत की मुख्य कहानी।
Odia,Hindi,"କର୍ଣ୍ଣାଟକରେ ଶାକାହାରୀମାନଙ୍କ ସଂଖ୍ୟା ଆମିଷାଶୀମାନଙ୍କ ସଂଖ୍ୟାକୁ ଅତିକ୍ରମ କରିଯାଇଛି; ସୁତରାଂ, ସେମାନଙ୍କ ଭୋଜନରେ ମୁଖ୍ୟତଃ ନିରାମିଷ ଖାଦ୍ୟମାନ ରହିଥାଏ ।",कर्नाटक में शाकाहारी लोगों की संख्या मांसाहारी लोगों से अधिक है; इसलिए उनके भोजन में मुख्य रूप से शाकाहारी व्यंजन होते हैं।,"कर्नाटक में वेजिटेरियन आहार वाले लोगों की संख्या खाद्य की संख्या को पार कर गई है; इसलिए, उनके भोजन में प्रायः शाकाहारी भोजन होता है।"
Odia,Hindi,"ତାଙ୍କୁ ଉତ୍ତର ଦେଇଥାନ୍ତି ସଞ୍ଜୟ, ଯିଏ ଯୁଦ୍ଧକ୍ଷେତ୍ରରେ ଘଟୁଥିବା ଘଟଣାଗୁଡ଼ିକର ବର୍ଣ୍ଣନା କରନ୍ତି।","उन्हें संजय से, जो उन्हें बता रहा है कि युद्ध के मैदान में क्या हो रहा है, उत्तर मिलता है।","उन्हें उत्तर देने की प्रेरणा देता है संजय, जो युद्धक्षेत्र में होने वाली घटनाओं का वर्णन करता है।"
Odia,Hindi,"ତାମିଲ ଭାଷାରେ ଆମକୁ ମିଳିଥିବା ଦୁଇଟି କାବ୍ୟ ହେଉଛି, ସିଲାପଠିକରମ୍ ଏବଂ ମନିମେକଲାଇ |",तमिल में मिलने वाले दो महाकाव्य सिलप्पदिकारम् और मणिमेकलै हैं।,"तमिल में हमें मिले दो कविताएँ हैं, सिलापथिकरम और मानिमेकलै"
Odia,Hindi,ଏହି ଅଞ୍ଚଳରେ ଲଙ୍କା ଗୁଣ୍ଡର ବ୍ୟବହାର ସତର୍କତାର ସହିତ କରାଯାଇଥାଏ |,इस क्षेत्र में मिर्च के पाउडर का उपयोग सावधानी से किया जाता है।,एह इलाके में लंका गन का उपयोग सतर्कता के साथ किया जाता है
Odia,Hindi,"'ଯୋଗ' ଶବ୍ଦଟି ମୂଳ ସଂସ୍କୃତ 'ୟୁଜ୍‌‌'ରୁ ଆସିଛି, ଯାହାର ଅର୍ଥ ହେଉଛି ଯୋଡ଼ିବା ବା ବାନ୍ଧିବା ବା ଏକତ୍ର କରିବା |","योग शब्द संस्कृत की युज् धातु से निकला है, जिसका अर्थ है जोड़ना या जोतना या सम्मिलित करना।","योग शब्द का मूल संस्कृत शब्द ""युज्"" से है, जिसका अर्थ है जोड़ना या बांधना या एक-साथ करना"
Odia,Hindi,ଆଜିର ଓଡ଼ିଶୀ ଓଡ଼ିଶାର ମନ୍ଦିର କାନ୍ଥମାନଙ୍କରେ ଖୋଦିତ ହୋଇଥିବା ବିଭିନ୍ନ ବୈଶିଷ୍ଟ୍ୟସୂଚକ ଉପାଦାନରେ ରହିଥିବା ଅଗଣିତ ପ୍ରତିମାରୁ ବିକଶିତ ହୋଇଛି ।,आज का ओड़िसी उड़ीसा के मंदिरों की दीवारों पर विभिन्न रूपांकनों में उत्कीर्ण अनगिनत प्रतिमाओं से विकसित हुआ है।,आज की ओडिशा की ओडिशा के मंदिरों की दीवारों पर चित्रित कई विशेषताओं वाले उत्पादों में से एक में से एक।
Odia,Hindi,"ବଶିଷ୍ଠ ବର୍ତ୍ତମାନ ରାଜାଙ୍କ ଆଡ଼କୁ ଚାହିଁଲେ ଏବଂ ନମ୍ର ଭାବରେ କହିଲେ: ""ଥରେ ପ୍ରତିଜ୍ଞା କରି ପ୍ରତ୍ୟାଖ୍ୟାନ କରିବା ଆପଣଙ୍କ ପକ୍ଷରେ ଅସଙ୍ଗତ, ରାଜନ୍‌ ।""","वशिष्ठ अब राजा की ओर घूमे और धीरे से बोले: ""राजा , आपको शोभा नहीं देता कि आपने जिस चीज़ का एक बार वचन दिया था उससे आप मुकर जाएं।","वशिष्ठ ने तत्कालीन राजा के पास जाने और नम्र भाव से कहा: ""एक बार प्रतिज्ञा करना और खारिज करना आपके लिए असंगत है, महाराज।"""
Odia,Hindi,"ଯେତେବେଳେ ଅର୍ଜୁନଙ୍କ ନୈରାଶ୍ୟର ମାତ୍ରା ବିଷୟରେ କୃଷ୍ଣ ବୁଝିପାରିଛନ୍ତି, ସେତେବେଳେ ହିଁ ସେ ନିଜ ମନୋଭାବ ବଦଳେଇଛନ୍ତି ଏବଂ ଏ ପୃଥିବୀରେ ଧାର୍ମିକ ଆଚରଣର ରହସ୍ୟ ବିଷୟରେ ଶିକ୍ଷା ଦେବା ଆରମ୍ଭ କରିଛନ୍ତି।","केवल तब जब उनको अर्जुन की हताशा की हद समझ में आई, कृष्ण ने अपना रवैया बदला और दुनिया में धार्मिक संघर्षों के रहस्य को सिखाना शुरू किया।","जब अर्जुन की निराशा की मात्रा के बारे में कृष्ण को समझ में आती है, तो वह अपनी सोच को बदल देता है और धर्म के नियमों की गोपनीयता के रहस्य के बारे में सिखाना शुरू कर देता है।"
Odia,Hindi,"ପାତ୍ର ମଧ୍ୟକୁ ଚାଉଳ ଚୂନା ଢାଳିବା ସମୟରେ, ମଝିରେ ମଝିରେ, ଆପଣ ସ୍ୱଳ୍ପ ପରିମାଣର କୋରା ନଡ଼ିଆ ମଧ୍ୟ ମିଶାଇ ପାରନ୍ତି ।","जैसे-जैसे आप पात्र में चावल का आटा डाल रहे हों, बीच-बीच में आप कम मात्रा में घिसा हुआ नारियल भी डालें।","पत्र को चावल के चूने के साथ मिलाते समय, आप थोड़ा सा कोरा नमक भी मिला सकते हैं।"
Odia,Hindi,"ପ୍ରଥମେ ଚାମଚେ କୋରା ନଡ଼ିଆକୁ ଏକ ସିଲିଣ୍ଡର ଆକୃତି ପାତ୍ରରେ ରଖି, ତା'ପରେ ସେଥିରେ ଭଲ ଭାବେ ମିଶିଥିବା ଚାଉଳ ଚୂନାକୁ ରଖି ଆପଣ ଆରମ୍ଭ କରିପାରନ୍ତି।","आप बेलनाकार पात्र में एक चम्मच-भर कद्दूकस किया हुआ नारियल मिला कर शुरू कर सकते हैं, जिसके बाद अच्छी तरह मिश्रित चावल का आटा उसमें मिला दें।","पहले चामचे कोरा नूडल को एक सिलिंडर के आकार के चरित्र में रखें, फिर उसमें अच्छी तरह से मिले चावल के चूने को रखें और शुरू करें।"
Odia,Hindi,"ମହାରାଜା ରଣଜିତ୍‌ ସିଂ ସମ୍ପତ୍ତି ଦାନକରିବା ଫଳରେ ନାନ୍ଦେଦ ଠାରେ, ୧୮୩୫ ମସିହା ପାଖାପାଖି, ଏକ ସୁନ୍ଦର ଓ ଚିତ୍ତାକର୍ଷକ ଗୁରୁଦ୍ୱାର ନିର୍ମାଣ ହୋଇଥିଲା, ଯେଉଁଥିରେ ସୂକ୍ଷ୍ମ କାରୁକାର୍ଯ୍ୟ ମଣ୍ଡିତ ଏକ ବିଶାଳ ସୁବର୍ଣ୍ଣ ଗମ୍ବୁଜ ରହିଛି।",महाराजा रणजीत सिंह के दान के कारण 1835 ई. के आस-पास नांदेड में एक सुंदर और असाधारण गुरुद्वारे का निर्माण हुआ जिसमें जटिल नक्काशी वाला एक भव्य स्वर्ण गुंबद है।,"महाराजा रणजीत सिंह संपत्ति दान करने के परिणामस्वरूप, 1835 के आसपास, नांदेड़ में एक सुंदर और आकर्षक गुरुद्वारा निर्मित हुआ, जिसमें एक बड़ा सुंदर स्वर्ण छत है।"
Odia,Hindi,ସାମ ବେଦ ହେଉଛି ନିର୍ଦ୍ଧାରିତ ଛନ୍ଦ ଓ ତାଳରେ ସ୍ୱର ଦିଆହୋଇଥିବା ସେହି ସୁନିର୍ବାଚିତ ଋଚାଗୁଡ଼ିକର ସଙ୍କଳନ।,सामवेद इन चुनी हुई ऋचाओं का एक संग्रह है जिन्हें प्रस्तावित छंद या लयबद्ध ताल पर निर्धारित करते हुए स्वरों में व्यवस्थित किया गया है।,साम बेद है एक निर्धारित छंद और स्वरों को दिए गए सुनिश्चित वाक्यांशों का संकलन।
Odia,Hindi,କୋଶଳର ରାଜଧାନୀ ବିଷୟରେ ବାଲ୍ମିକୀଙ୍କ ବର୍ଣ୍ଣନାରୁ ଏହା ସ୍ପଷ୍ଟ ଯେ ପ୍ରାଚୀନ ଅଯୋଧ୍ୟା ଆମର ଆଧୁନିକ ସହରଗୁଡ଼ିକ ତୁଳନାରେ ନିକୃଷ୍ଟ ନଥିଲା।,वाल्मीकि द्वारा किए गए राजधानी कोशल के वर्णन से यह सुस्पष्ट है किअयोध्या की प्राचीन राजधानी हमारे आधुनिक शहरों से किसी भी तरह से कम नहीं थी।,कोशल की राजधानी के बारे में बाल्मिकी के वर्णन से यह स्पष्ट है कि प्राचीन अयोध्या हमारे आधुनिक शहरों की तुलना में बदतर नहीं थी।
Odia,Hindi,"ଥରେ କହିସାରିବା ପରେ ଯେ, 'ମୁଁ ଏହା କରିବି', ଆପଣଙ୍କ ପାଖରେ ତାହା କରିବା ବ୍ୟତୀତ ଅନ୍ୟ କୌଣସି ବିକଳ୍ପ ନାହିଁ |","एक बार ऐसा कह देने पर कि 'मैं यह करूँगा', तुम्हारे पास इसे करने के अलावा कोई विकल्प नहीं रह जाता है।","अब जब आप कहते हैं, ""मैं यह करूँगा,"" तो आपके पास इसके अलावा कोई विकल्प नहीं है"
Odia,Hindi,"ନିକଟ ଅତୀତର ଦିନଗୁଡ଼ିକରେ, ଟଙ୍କାର ବିନିମୟ ହାର ଏବଂ ବିଦେଶୀ ମୁଦ୍ରା ଭଣ୍ଡାରର ଯଥେଷ୍ଟତା ଉପରେ ଭିନ୍ନ ଭିନ୍ନ ମତ ରହି ଆସିଛି ।","हाल के वर्षों में, रुपये की विनिमय दर तथा विदेशी मुद्रा आरक्षित भंडार की पर्याप्तता पर भिन्न-भिन्न दृष्टिकोण सामने आए हैं।","निकट भविष्य के दिनों में, टोकन के आदान-प्रदान की दर और विदेशी मुद्रा भंडार की पर्याप्तता पर अलग-अलग मत हो गए हैं।"
Odia,Hindi,"ବ୍ୟାଙ୍କଗୁଡ଼ିକ କେବଳ ସେତେବେଳେ ଏକ କ୍ରେଡିଟ୍‌ କାର୍ଡ଼ ଖାତାକୁ କ୍ରେଡିଟ୍‌ ସୂଚନା ଦେଉଥିବା କମ୍ପାନୀଗୁଡ଼ିକ (ସି.ଆଇ.ସି.) ପାଖରେ 'ପାଷ୍ଟ୍‌ ଡ୍ୟୁ' ଭାବରେ ରିପୋର୍ଟ କରିଥାନ୍ତି କିମ୍ବା ଅର୍ଥଦଣ୍ଡ ଲାଗୁ କରିଥାନ୍ତି, ଯଥା: ବିଳମ୍ବିତ ଦେୟ ଶୁଳ୍କ, ଇତ୍ୟାଦି, ଯଦି ସେପରି କିଛି ରହିଥାଏ, ଯେତେବେଳେକି ଏକ କ୍ରେଡିଟ୍‌ କାର୍ଡ଼ ଖାତା ତିନି ଦିନରୁ ଅଧିକ ସମୟ ପାଇଁ 'ପାଷ୍ଟ୍‌ ଡ୍ୟୁ' ରହିଥାଏ ।","जब कोई क्रेडिट कार्ड खाता तीन दिन से अधिक पिछला बकाया दिखाता है, केवल तभी बैंक साख सूचना कंपनियों (सी.आई.सी.) को सूचित कर सकते हैं कि इसका पिछला बकाया है या देर से भुगतान शुल्क इत्यादि जैसा जुर्माना लगा सकते हैं।","बैंकों को केवल ऐसे समय पर एक क्रेडिट कार्ड खाते को क्रेडिट सूचना देने वाली कंपनियों (सी.आई.सी.आई.) के पास 'पास्ट डू' रिपोर्ट करना है या अर्थव्यवस्था को लागू करना है, उदाहरण के लिए: देर से ब्याज, आदि, यदि ऐसा कुछ हो, तो तीन दिन से अधिक समय तक ""पास्ट"
Odia,Hindi,ରାଷ୍ଟ୍ରମାନେ ସେମାନଙ୍କର ବିତ୍ତୀୟ ସ୍ଥିତିରେ ଉନ୍ନତି ଆଣିବା ପାଇଁ ଦେଶ ଭିତରେ ପ୍ରତ୍ୟକ୍ଷ ପୁଞ୍ଜି ନିବେଶକୁ ପ୍ରୋତ୍ସାହନ ଦେଇପାରନ୍ତି।,देश अपनी आर्थिक स्थिति में सुधार करने हेतु विदेशों से प्रत्यक्ष निवेश को बढ़ावा दे सकते हैं।,राष्ट्र अपने आर्थिक स्थिति में सुधार लाने के लिए देश के भीतर प्रत्यक्ष पूंजी निवेश को प्रोत्साहित कर सकते हैं।
Odia,Hindi,"ମାତ୍ର, ପ୍ୟାକେଜ୍‌ଟିର ଶୀଘ୍ର କାର୍ଯ୍ୟକାରିତା ନିମନ୍ତେ, ଏକ ପ୍ରୋତ୍ସାହନ ଭାବରେ, ଯଦି ଅନୁମୋଦିତ ପ୍ୟାକେଜ୍‌ଟି ବ୍ୟାଙ୍କ ଦ୍ଵାରା ଆବେଦନ ପତ୍ର ପ୍ରାପ୍ତ ହେବାର ୯୦ ଦିନ ମଧ୍ୟରେ ବ୍ୟାଙ୍କ୍‌ଟି ଦ୍ଵାରା କାର୍ଯ୍ୟକାରୀ ହୁଏ, ତା'ହେଲେ ସମ୍ପତ୍ତି ବର୍ଗୀକରଣ ସ୍ଥିତିଟିକୁ ସେହି ସ୍ଥିତିକୁ ପୁନଃସ୍ଥାପିତ କରାଯାଇପାରିବ ଯାହାକି ବ୍ୟାଙ୍କଟି ଦ୍ଵାରା ପୁନର୍ଗଠନ ଆବେଦନଟି ଗୃହୀତ ହେବା ସମୟରେ ବିଦ୍ୟମାନ ଥିଲା ।","तथापि, पैकेज के त्वरित कार्यान्वयन के लिए प्रोत्साहन के रूप में,अगर अनुमोदित पैकेज बैंक द्वारा आवेदन प्राप्त करने के 90 दिनों के भीतर कार्यान्वित किया जाता है तो आस्ति वर्गीकरण की स्थिति बैंक द्वारा पुनर्रचना का आवेदन प्राप्त करने के समय वाले स्तर पर पुनः स्थापित की जा सकती है।","मात्र, पैकेज की तुरंत कार्रवाई के लिए, एक प्रोत्साहन के रूप में, यदि अनुमोदित पैकेज बैंक द्वारा आवेदन पत्र प्राप्त होने के 90 दिनों के भीतर बैंक द्वारा कार्यात्मक है, तो संपत्ति वर्गीकरण की स्थिति उसी स्थिति में पुनर्स्थापित की जा सकती है जो बैं"
Odia,Hindi,"ବେସରକାରୀ ପୁଞ୍ଜି ସଞ୍ଚୟନର ଗତିଶୀଳତା ଅବଶ୍ୟମ୍ଭାବୀ ଭାବରେ ଅଳ୍ପ ସଂଖ୍ୟକ ଲୋକଙ୍କ ହାତରେ ସମ୍ପତ୍ତି ଠୁଳହେବାର କାରଣ ହୋଇଥାଏ କି, କିମ୍ବା, ଅଭିବୃଦ୍ଧି, ପ୍ରତିଯୋଗିତା, ଏବଂ ବୈଷୟିକ ପ୍ରଗତି ପ୍ରଭୃତି ଭାରସାମ୍ୟ ରକ୍ଷାକାରୀ ଶକ୍ତିଗୁଡ଼ିକ ବୈଷମ୍ୟକୁ ହ୍ରାସ କରିଥାଏ କି?","क्या निजी पूँजी संचय की गतिशीलता अनिवार्य रूप से धन के संकेन्द्रण को कुछ ही लोगों तक सीमित कर देती है, या विकास, प्रतियोगिता, तथा तकनीकी प्रगति की प्रतिकारी शक्तियों के परिणामस्वरूप असमानता कम होने लगती है?",
Odia,Hindi,ଏହା ଅତ୍ୟଧିକ ଅସ୍ଥିରତା ଉପରେ ନିୟନ୍ତ୍ରଣ ରଖିବା ଏବଂ ପ୍ରତ୍ୟାଶାସବୁ ଉପରେ ଭରସା ସ୍ଥାପନ କରିବା ପାଇଁ ବଜାରରେ ହସ୍ତକ୍ଷେପ କରିଥାଏ।,यह बाज़ार में अत्यधिक अस्थिरता को कम करने और स्फीति को अत्यधिक बढ़ने से रोकने के लिए हस्तक्षेप करता है।,यह अत्यधिक अस्थिरता पर नियंत्रण रखने और भविष्यवाणियों पर विश्वास करने के लिए बाजार में प्रवेश करता है।
Odia,Hindi,କ୍ୟୁ୨ର ଅଧିକ-ବାରମ୍ବାରତା ଥିବା ତଥ୍ୟ ସୂଚାଉଛି ଯେ ଅର୍ଥନୈତିକ କାର୍ଯ୍ୟକଳାପ ପୂର୍ବାବସ୍ଥାକୁ ଫେରିଆସିଛି ।,दूसरी तिमाही के उच्च आवृत्ति आँकड़े दर्शाते हैं कि आर्थिक संचालन अब भी मजबूत है।,क्यू2 के अत्यधिक पुनरावृत्ति के डेटा से पता चलता है कि आर्थिक कार्यों को पूर्व-आवश्यकता में लौटा दिया गया है।
Odia,Hindi,"ସମଷ୍ଟିଗତ ଅର୍ଥଶାସ୍ତ୍ରରେ, ବିଷୟବସ୍ତୁଟି ହେଉଛି ସାଧାରଣତଃ ଏକ ରାଷ୍ଟ୍ର ଏବଂ ସମସ୍ତ ବଜାର କିପରି ପାରସ୍ପରିକ ଆନ୍ତଃକ୍ରିୟା ଦ୍ୱାରା ବୃହତ୍ ପରିଦୃଶ୍ୟ ଘଟଣାମାନ ସୃଷ୍ଟି କରିଥାନ୍ତି, ଯାହାକୁ ଅର୍ଥନୀତିଜ୍ଞ ମାନେ ସାମଗ୍ରିକ ଚଳରାଶି ବୋଲି କହିଥାନ୍ତି।","समष्टि अर्थशास्त्र में, विषय विशिष्ट रूप से एक राष्ट्र होता है और इसके बाज़ार किस प्रकार से उन व्यापक घटनाओं को उत्पन्न करने में एक-दूसरे को प्रभावित करते हैं जिसे अर्थशास्त्री समग्र चर कहते हैं।","सामान्य अर्थशास्त्र में, विषय है आमतौर पर एक राष्ट्र और सभी बाजारों की तरह कैसे परस्पर क्रिया द्वारा वैश्विक दृश्य घटनाओं को उत्पन्न करती है, जिसे अर्थशास्त्रियों द्वारा सामान्य आर्थिक गतिशीलता के रूप में जाना जाता है।"
Odia,Hindi,'ଆର୍ଥିକ ତାରଲ୍ୟ'ର ଅର୍ଥ ହେଉଛି ଯେଉଁ ପରିମାଣର ବିତ୍ତୀୟ ସମ୍ପତ୍ତି ସ୍ଵଳ୍ପ ସୂଚନାରେ ପୂର୍ଣ୍ଣ ବଜାର ଦରର ପାଖାପାଖି ମୂଲ୍ୟରେ ବିକ୍ରୟ କରାଯାଇପାରିବ ।,चल निधि का अर्थ है किस हद तक अल्पकाल में पूरे बाजार भाव से बहुत कम अंतर पर वित्तीय संपत्ति बेची जा सकती है।,आर्थिक तारली का अर्थ है जो सूचना के केवल थोड़े हिस्से में पूर्ण बाजार मूल्य के आसपास की मात्रा में वित्तीय संपत्ति बेचा जा सकता है।
Odia,Hindi,"ମୋଟାମୋଟି ଭାବେ, ଆୟ ସ୍ୱୀକୃତି ନୀତିଟି ବ୍ୟକ୍ତିନିଷ୍ଠ ବିଚାରଗୁଡ଼ିକ ପରିବର୍ତ୍ତେ ନିରପେକ୍ଷ ତଥା ପୁନରୁଦ୍ଧାରର ରେକର୍ଡ ଉପରେ ଆଧାରିତ ହେବା ଉଚିତ୍ ।","मोटे तौर पर, आय मान्यता की नीति व्यक्तिनिष्ठ कारणों पर आधारित होने के बजाय वस्तुनिष्ठ और वसूली के विवरण पर आधारित होनी चाहिए।","मोटे तौर पर, आय स्वीकृति नीति व्यक्तिगत विचारधारा के बजाय निरपेक्ष और पुनरुद्धार के रिकॉर्ड पर आधारित होनी चाहिए।"
Nepali,Hindi,"देखिने रूप भनेको उनीहरूका जुत्ता, लुगा, टाई, गहना, केशसज्जा, सिँगार-पटार, घडी, सौन्दर्य प्रसाधन, अत्तर आदि जस्ता सेवा गर्ने व्यक्तिसँग सम्बन्धित विशेषताहरूको समूह हो।","सेवा संबंधी लोगों के लिए भेष कई गुणों का संयोजन है, जैसे कि उनके जूते, कपड़े, टाई, आभूषण, केश शैली, मेक-अप, घड़ी, कॉस्मेटिक, इत्र, आदि।","देखिने रूप वहाँ के जूते, लहंगा, टाई, ज्वेलरी, हेयरस्टाइल, स्किन केयर प्रोडक्ट, फ्रेग्रेंस, ब्यूटी प्रोडक्ट और अन्य सेवा प्रदान करने वाले व्यक्ति से संबंधित विशेषताओं का एक समूह है।"
Nepali,Hindi,महाराष्ट्रको औरङ्गावादमा अवस्थित अजन्तासँग पाँचौँ शताब्दी इसापूर्वदेखि पाँचौँ शताब्दी इस्वीका मूर्तिकला अनि चित्रकलाहरू सहितका उनन्तिसवटा चैत्य अनि विहार गुफाहरू छन्।,महाराष्ट्र के औरंगाबाद जिले में स्थित अजंता में उन्तीस चैत्य और विहार गुफाएँ हैं जो पहली शताब्दी ई.पू. से ले कर पाँचवीं शताब्दी ईस्वी तक की मूर्तियों तथा चित्रकारियों से सुसज्जित हैं।,महाराष्ट्र में अजन्ता में स्थित पाँचवीं शताब्दी ईसा पूर्व से पाँचवीं शताब्दी ईस्वी तक की मूर्तिकला और चित्रकला के साथ 21 चैत्य और विहार गुफाएँ हैं।
Nepali,Hindi,आयतनको प्रभाव बनाउँदै कायाको रङ बाहिरी रेखासँग विलय हुन्छ।,"विस्तार का असर बनाते हुए, शरीर का रंग बाहरी रेखा में घुल-मिल जाता है।",आयतनको प्रभाव बनाते हुए कायाको रंग बाहरी रेखा से मिल जाता है।
Nepali,Hindi,अशोकले मूर्ति र ठुला स्मारकहरूका लागि ढुङ्गाको व्यापक प्रयोग गर्न थाले जबकि अघिल्लो परम्परा काठ र माटाको प्रयोग गर्नु थियो।,"अशोक ने व्यापक रूप से मूर्तियों और शानदार स्मारकों को बनाने के लिए पत्थर का प्रयोग करना शुरू किया, जबकि उससे पहले पारंपरिक रूप से लकड़ी और मिट्टी का प्रयोग किया जाता है।",अशोकले मूर्ति और बड़े स्मारकों के लिए प्राकृतिक पत्थर का व्यापक उपयोग शुरू किया जबकि पिछली परंपरा लकड़ी और मिट्टी का उपयोग करती थी।
Nepali,Hindi,मसला मिसेर बेसनको घोलको लेपन गरेर उत्कृष्ट पाराले तारिएका आलुबाट महाराष्ट्रको यो स्वादिष्ट र प्रसिद्ध परिकार बन्छ।,"महाराष्ट्र के इस स्वादिष्ट और प्रसिद्ध व्यंजन में आलुओं में मसाले को मिलाकर, बेसन के घोल की परत लगाकर, उसे अच्छी तरह से तल कर बनाया जाता है।",मसाला मिसर बेसन का घोल के साथ लेपन करके उत्कृष्ट पाराले तारी के आलू से महाराष्ट्र का यह स्वादिष्ट और प्रसिद्ध व्यंजन बनता है।
Nepali,Hindi,छेट्टिनाड भोजन नाट्टुकोटाई छेट्टियार भनिने अथवा आफूहरूलाई नागरथरहरू भन्ने तमिल नाडुको छेट्टिनाड क्षेत्रको एउटा समुदायको भोजन हो।,चेट्टिनाड भोजन तमिल नाडु के चेट्टिनाड क्षेत्र के नाट्टूकोटाई चेट्टियार नामक समुदाय या खुद को नागारथार कहने वालों का भोजन है।,छेट्टिनाड खाना नाट्टुकोटाई छेट्टियार भनिने या नागरथरहरू भनिने तमिलनाडुको छेट्टिनाड क्षेत्रका एक समुदाय का खाना है।
Nepali,Hindi,दालचिनीको मूल भारत हो र त्यसैले यसको प्रयोग स्वाद दिने पदार्थदेखि औषधीय पदार्थसम्म हुन्छ।,दालचीनी मूल रूप से भारत की है और इस रूप में इसका प्रयोग स्वादिष्टकारक से लेकर औषधीय कारक के रूप में किया जाता है।,दालचीनी की उत्पत्ति भारत में है और इसलिए इसका उपयोग स्वाद देने वाले पदार्थ से लेकर औषधीय पदार्थ तक होता है।
Nepali,Hindi,यसलाई सुक्खा सिलौटो अथवा ढुङ्गाको लोहोरोले धुलो बनाउनुहोस्।,सूखे ग्राइंडर में या फिर पत्थर के मूसल में इसका चूर्ण बना लें।,इसे सूखा सिलौटा या ढुंगा के लोहे के ढोल के रूप में तैयार करें
Nepali,Hindi,"पञ्जाबको हरेक सहरसँग फरक रुचिहरू छन्, जस्तै अमृतसरमा मानिसहरू खासगरी अमृतसरी कुल्चे, भरुवा पराठा अनि दुधका उत्पादनहरूप्रति स्नेही छन्।","पंजाब के हर शहर की अपनी पसंद है, जैसे कि अमृतसर के लोग विशेष रूप से अमृतसरी कुलचे, भरवां पराठें और दूध के उत्पाद पसंद करते हैं।","पंजाब के हरे शहर से अलग हैं
पंजाब में हरे शहर में भिन्न रुचियां हैं, जैसे कि अमृतसर में, लोग विशेष रूप से अमृतसरी कुल्चे, भरुवा पराठे और दूध की उत्पादकता के प्रति प्रेम रखते हैं।"
Nepali,Hindi,"रामलाई ऋषिसँग पठाउनुहोस्, लक्ष्मणलाई पनि पठाउनुहोस्।","राम को ऋषि के साथ भेज दो, और लक्ष्मण को भी भेज दो।","रामलाई ऋषिसँग पठाउनुहोस्, लक्ष्मणलाई पनि पठाउनुहोस्।"
Nepali,Hindi,तर मङ्गल पाण्डेको साहसी कार्य उच्च अनि उदात्त सिद्धान्तबाट गरिएको थियो।,परंतु मंगल पांडे ने यह साहसिक कारनामा एक ऊँचे और श्रेष्ठ सिद्धांत के प्रति समर्पण के लिए किया।,तर मङ्गल पाण्डेको साहसी कार्य उच्च और उदात्त सिद्धांत से किया गया था।
Nepali,Hindi,"जब प्याजहरू अर्धपारदर्शक हुन्छन्, मसाला मोलिएको बेसारको धुलो सहितको खसीको मासु हाल्नुहोस् अनि लगभग ५-६ मिनटसम्म सबै मसालाहरू खसीको मासुमा अवशोषित नभएसम्म केही समयका लागि चलाउनुहोस्।",प्याज जब पारभासी हो जाए तो उसमें मसालों के मिश्रण में कुछ समय से रखे गए मांस और पिसी हल्दी डाल कर 5-6 मिनट तक हल्का-सा तलते रहें जब तक कि मांस सभी मसालों को सोख न ले।,"जब प्याज़ हो जाते हैं, मसाला मोलिए के बेसार के धूल से भरी खसीका के मासू को सेट करें और लगभग 5-6 मिनट तक सब मिर्चें खसीके के मासू में अवशोषित नहीं होने तक कुछ समय के लिए चलाएँ।"
Nepali,Hindi,"हितोपदेश चरा, पशु अनि मान्छेहरूको चरित्रद्वारा प्रस्तुत गरिएको एउटा सांसारिक ज्ञानको पुस्तक हो।","हितोपदेश एक पुस्तक है जिसमें सांसारिक ज्ञान पक्षियों, पशुओं, और मनुष्यों के चरित्रों के माध्यम से प्रस्तुत किया गया है।","हितोपदेश चरा, पशु और मानव के चरित्र द्वारा प्रस्तुत एक सांसारिक ज्ञानका पुस्तक है।"
Nepali,Hindi,पुस्तकको उद्देश्य संस्कृत अभिव्यक्तिमा निपुणता र बुद्धिमानी आनीबानीको ज्ञानलाई प्रोत्साहित गर्नु देखिन्छ।,ऐसा प्रतीत होता है कि पुस्तक का उद्देश्य संस्कृत अभिव्यक्ति में प्रवीणता और विवेकपूर्ण व्यवहार के ज्ञान को प्रोत्साहित करना है।,पुस्तक का उद्देश्य संस्कृत अभिव्यक्ति में पारंगतता और बुद्धिमानी आनीबानीका ज्ञान को प्रोत्साहित करना है।
Nepali,Hindi,सन् १९९४ अनि १९९५ मा हावडा सहरेर इत्तिवृत्तो शिर्षक राखिएको आफ्नो गृहनगर हावडाको पूर्ण इतिहास सङ्कलन गर्नमा प्राध्यापक असितकुमार बोन्ध्योपाध्यायले अग्रणी भूमिका खेले।,"प्रोफेसर असितकुमार बन्दोपाध्याय ने 1994 और 1995 में अपने गृह-नगर, हावड़ा के संपूर्ण इतिहास को हावड़ा शहरेर इतिवृत्त (पहला और दूसरा खंड) नाम से संकलित करने में महत्वपूर्ण भूमिका निभाई है।",सन् 1994 और 1995 में हावड़ा शहर के इतिहास के पूर्ण इतिहास संकलन करने में प्रोफेसर असितकुमार बोंडोपाध्याय ने अग्रणी भूमिका निभाई।
Nepali,Hindi,चैत्य हलको अगाडिको भागमा काठको बार्दली सहितको सामुन्ने खुल्ला रहेको अर्ध-गोलाकार चैत्य गुम्बजको नमुनाले प्रभुत्व जमाएको छ अनि केही मामिलाहरूमा प्रभुत्व जमाउने किसिमको चैत्य वृत्तखण्डको खिड्की छैन।,चैत्य के सभागृह में सामने की ओर अर्ध-वृत्ताकार चैत्य चाप रूपांकित है जिसका सामने का हिस्सा खुला है जहां पर लकड़ी का भवनमुख है और किसी-किसी में मुख्य चैत्य चाप वाली खिड़की नहीं है।,चैत्य हलको अगाडिको भागमा काठका बार्डली सहितका सामने खुल्ला अर्धगोलाकार चैत्य गुम्बजका मॉडलले प्रभुत्व जमाएको छ र केही मामलामा प्रभुत्व जमाउने किसिमका चैत्य वृत्तखण्डका खिड़की नहीं हैं।
Nepali,Hindi,'महाराज' अनि 'खानसामा'( जसरी पोख्त भान्सेहरूलाई पारिम्परिक रूपमा भनिने गरिन्छ)- हरूका पिँढीहरूले शताब्दीहरूमा ती व्यञ्जनहरूमा सिद्धता हासिल गरेका छन् अनि अनिश्रुतिमार्फत यसलाई हजारौँ वर्षसम्म हस्तान्तरण गरेका छन्।,महाराजों और खानसामों (जैसा कि कुशल रसोइयों को परंपरागत रूप से भारत में कहा जाता है) की पीढ़ियों ने सदियों से इन पाक-विधियों को परिपूर्ण कर दिया है और अब ये पाक-विधियाँ सहस्रों वर्षों में मौखिक परमपरा के माध्यम से आगे बढ़ती आई हैं।,'महाराज' और 'खानसामा'( जैसे पोख्त भान्सेहरूलाई पारिम्परिक रूप से कहा जाता है)- हरी पीढ़ियों ने सदियों से उन व्यंजनों की सफलता हासिल की है और अनिश्चित रूप से हजारों वर्षों तक हस्तांतरित किया है।
Nepali,Hindi,यसको तयारी पारम्परिक रूपमा दरबारी वाजाहरू अर्थात भान्सेहरूको सहयोगमा एकजना वास्ता वाजा अर्थात प्रमुख भान्सेद्वारा गरिन्छ।,"पारंपरिक रूप से रसोइयों के दल की सहायता से तैयारी वास्ता वाज़ा, या प्रधान रसोइये द्वारा की जाती है।",ये तैयार करने के लिए पारंपरिक रूप से दरबारी वाजा अर्थात भंसेरा के सहयोग से एक वास्ता वाजा अर्थात मुख्य भंसेद्वारा किया जाता है।
Nepali,Hindi,पाव भाजी: यो महाराष्ट्रको एउटा फास्ट फुड भोजन हो जसमा प्रायजसो नौनीमा बनाइएको बाक्लो सब्जी तरकारी(भाजी) समावेश हुन्छ अनि नरम ब्रेड रोल(पाव)सँग पस्किने गरिन्छ।,"पाव भाजी: यह महाराष्ट्र का एक फास्ट फूड व्यंजन है, जिसमें सब्जियों का गाढ़ा मिश्रण होता है जिसे सामान्यतया मक्खन में पकाया जाता है और एक नर्म ब्रेड रोल (पाव) के साथ परोसा जाता है।","पाव भाजी: यहा महाराष्ट्र का एक तेज़ खाना है, जिसमें अक्सर नौनीमा से बनी गहरे हरे भाजी (भाजी) होती है और नरम ब्रेड रोल (पाव) के साथ परोसी जाती है।"
Nepali,Hindi,"आल डेड अनि हब्बा खातुनका काश्मीरी रचनाहरूलाई उनीहरूको रहस्यपूर्ण रस अनि वेदनाका उत्कट अभिव्यक्तिका लागि जानिन्छ, राजस्थानीमा मिराबाईका रचनाहरूलाई अद्वितीय अनुरागमय गुणका लागि जानिन्छ, तमिलमा अन्डालको रहस्यवाद अनि कनडामा अक्का महादेवीका वाचनहरू त्यस समयको साहित्यमा नारीहरूको महान योगदानका साक्षीहरू हुन्।","हब्बा खातून और लल्ल-द्यद की कश्मीरी रचनाएं उनके आध्यात्मिक अंदाज़ और गहन भावनाओं की अभिव्यक्ति के लिए जानी जाती हैं, राजस्थान में मीराबाई की रचनाएं उनकी अद्वितीय भक्ति के लिए लोकप्रिय हैं, तमिल में आण्डाल का गूढ़ ज्ञान तथा कन्नड़ में अक्का महादेवी के वचन उस समय के साहित्य में महिलाओं के व्यापक योगदान के प्रमाण हैं।",आल डेड अनि हब्बा खातुनका काश्मीरी रचनाओं को काश्मीरी रचनाओं को काश्मीरी रचनाओं को काश्मीरी रचनाओं को काश्मीरी रचनाओं को काश्मीरी रचनाओं को काश्मीरी रचनाओं को काश्मीरी रचनाओं को काश्मीरी रचनाओं को काश्मीरी रचनाओं को काश्म
Nepali,Hindi,बौद्ध भित्तिचित्र भएका बाघ गुफाहरू मध्य प्रदेशको धार जिल्लाबाट ९७ की.मी. मा अवस्थित छन्।,"बाघ गुफाएं, जिनमें बौद्ध भित्ति चित्र बने हुए हैं, मध्य प्रदेश के धार ज़िले से 97 कि.मी. की दूरी पर स्थित हैं।",बौद्ध चित्रित बाघ गुफाएँ मध्य प्रदेश के धार जिले में स्थित हैं।
Nepali,Hindi,संस्कृत साहित्यमा मूल शब्दको साधारण अर्थ बोट अथवा रुखको जरा हो तर लाक्षणिक रूपमा खुट्टा अथवा सबभन्दा मुन्निलो भाग अथवा कुनै पनि कुराको फेद हो।,"संस्कृत साहित्य में मूल शब्द का सामान्य अर्थ है किसी पौधे या वृक्ष की जड़, किंतु लाक्षणिक रूप में, यह किसी भी वस्तु का निचला हिस्सा या तल हो सकता है।",संस्कृत साहित्य में मूल शब्द का सामान्य अर्थ है बोट या पौधे का टुकड़ा होता है लेकिन लक्षणात्मक रूप में पैर या सबसे नीचे वाला भाग या किसी चीज़ का किनारा होता है।
Nepali,Hindi,सिन्धु घाटी सभ्यतालाई विविध क्षेत्रहरूमा यसको प्राविधिक ज्ञानका लागि चिनिन्छ।,सिंधु घाटी सभ्यता विभिन्न क्षेत्रों में अपने तकनीकी ज्ञान के लिए जानी जाती है।,सिन्धु घाटी सभ्यता को विविधता को लिए क्षेत्र में उनकी तकनीकी ज्ञान के लिए जाना जाता है।
Nepali,Hindi,सबै कौरवहरू मर्छन्; केवल पाँच पाण्डव भाइहरू अनि कृष्ण बाँच्छन्।,सभी कौरव मर जाते हैं; केवल पाँच पांडव भाई और कृष्ण जीवित बचते हैं।,सभी कौरव मारे गए; केवल पाँच पांडव और कृष्ण बच गए।
Nepali,Hindi,युद्ध अठार दिनसम्म उग्र रूपमा चल्छ अनि कौरवहरूको पराजयसँगै अन्त्य हुन्छ।,युद्ध अठारह दिनों तक चलता रहता है और कौरवों की पराजय के साथ समाप्त होता है।,युद्ध 18 दिनों तक गंभीर रूप से चलता है और कौरवों की हार के साथ समाप्त होता है।
Nepali,Hindi,"महाभारतको केन्द्रीय कथा सामान्य रूपमा भारत भनेर जानिने वंशको पुर्ख्यौली थलो, आधुनिक दिल्लीको ठिक उत्तरमा रहेको एउटा राज्य हस्तिनापुरको सिंहासनको उत्तराधिकारका निम्ति भएको द्वन्द हो।","महाभारत की केंद्रीय कथा हस्तिनापुर के सिंहासन पर उत्तराधिकार के लिए संघर्ष की कहानी है, एक ऐसा राज्य जो आधुनिक दिल्ली के ठीक उत्तर में है और जो भरत नाम से जानी जाने वाली एक जनजाति का पैतृक क्षेत्र है।","महाभारत की केंद्रीय कथा सामान्य रूप से भारत के रूप में जाने वाले वंश की प्राचीन भूमि, आधुनिक दिल्ली के ठीक उत्तर में स्थित एक राज्य हस्तिनापुर के सिंहासन की उत्तराधिकारिता के लिए हुए संघर्ष है।"
Nepali,Hindi,कर्नाटकमा शाकाहारीहरू भन्दा मांसाहारीहरूको सङ्ख्या ज्यादा छ; त्यसकारण उनीहरूको भोजनमा मुख्य रूपमा शाकाहारी व्यञ्जनहरू सामेल छन्।,कर्नाटक में शाकाहारी लोगों की संख्या मांसाहारी लोगों से अधिक है; इसलिए उनके भोजन में मुख्य रूप से शाकाहारी व्यंजन होते हैं।,कर्नाटक में शाकाहारी से अधिक मांसाहारी हैं; इसलिए उनका भोजन में प्रमुख रूप से शाकाहारी व्यंजन शामिल हैं।
Nepali,Hindi,उनलाई सञ्जयद्वारा उत्तर दिइन्छ जसले युद्धभूमिका के भइरहेछ भन्ने बताउँछन्।,"उन्हें संजय से, जो उन्हें बता रहा है कि युद्ध के मैदान में क्या हो रहा है, उत्तर मिलता है।","उन्हें संजय द्वारा उत्तर दिया गया है कि युद्ध क्षेत्र में हो रहा है।
    - ### Translation:
उन्हें संजय द्वारा उत्तर दिया गया है कि युद्ध क्षेत्र में हो रहा है।"
Nepali,Hindi,तमिलमा पाइने दुईवटा महाकाव्यहरू सिलापथिकरम् अनि मनिमेकलाई हुन्।,तमिल में मिलने वाले दो महाकाव्य सिलप्पदिकारम् और मणिमेकलै हैं।,तामिल में दो महाकाव्य हैं सिलापथिकरम् और मानिमेकलाई।
Nepali,Hindi,खोर्सानीको धुलोको प्रयोग यस क्षेत्रमा सतर्कतापूर्वक गरिन्छ।,इस क्षेत्र में मिर्च के पाउडर का उपयोग सावधानी से किया जाता है।,खोर्सानीका धूलों का उपयोग इस क्षेत्र में सावधानी से किया जाता है।
Nepali,Hindi,योगा शब्द संस्कृत मूलको युजबाट लिइएको हो जसको अर्थ जोड्नु अथवा सम्मिलित गर्नु अथवा एक गर्नु हुन्छ।,"योग शब्द संस्कृत की युज् धातु से निकला है, जिसका अर्थ है जोड़ना या जोतना या सम्मिलित करना।",योगा शब्द संस्कृत मूलको युजबाट लिइएको हो जसको अर्थ जोड्नु अथवा सम्मिलित गर्नु अथवा एक गर्नु हुन्छ।
Nepali,Hindi,आजको ओडिसी ओडिसाका मन्दिरका भित्ताहरूमा विभिन्न आकृतिमा कुँदिएका असङ्ख्य मूर्तिहरूबाट विकसित भएको हो।,आज का ओड़िसी उड़ीसा के मंदिरों की दीवारों पर विभिन्न रूपांकनों में उत्कीर्ण अनगिनत प्रतिमाओं से विकसित हुआ है।,आजकल ओडिसी ओडिसाका मन्दिरकी दीवारों पर विभिन्न आकृतियों में कई स्थानों पर उत्खनन किए गए हैं।
Nepali,Hindi,"वसिष्ठ अब राजातिर फर्किए अनि बिस्तारै बोले: "" राजा, एकचोटि प्रतिज्ञा गरिसकेपछि यसलाई अस्वीकार गर्नाले अनिष्ठ हुन्छ।""","वशिष्ठ अब राजा की ओर घूमे और धीरे से बोले: ""राजा , आपको शोभा नहीं देता कि आपने जिस चीज़ का एक बार वचन दिया था उससे आप मुकर जाएं।","वसिष्ठ अब राजातिर फ़र्क़ीएँ और बहुत बोलेः ""राजा, एक बार प्रतिज्ञा कर लेने के बाद इसे अस्वीकार करने से अनिष्ठ होता है।"""
Nepali,Hindi,जब कृष्णलाई अर्जुनको विषादको आयतनका बारेमा आभास हुन्छ तब मात्र उनी आफ्नो प्रवृत्ति परिवर्तन गर्छन् अनि यस संसारमा धार्मिक कार्यका रहस्यहरू सिकाउन सुरु गर्छन्।,"केवल तब जब उनको अर्जुन की हताशा की हद समझ में आई, कृष्ण ने अपना रवैया बदला और दुनिया में धार्मिक संघर्षों के रहस्य को सिखाना शुरू किया।",जब कृष्णलाई अर्जुनको विषाद का बारे में अहसास होता है तो वह अपनी प्रवृत्ति बदल देती है और इस संसार में धार्मिक कार्यों के रहस्यों का शिक्षण शुरू करती है।
Nepali,Hindi,"बिचमा जब तपाईँ चामलको पिठो भाँडामा हाल्नुहुन्छ, तपाईँले कम्ति मात्रामा कोरेर मसिनो बनाइएको नारिवल पनि हाल्न सक्नुहुन्छ।","जैसे-जैसे आप पात्र में चावल का आटा डाल रहे हों, बीच-बीच में आप कम मात्रा में घिसा हुआ नारियल भी डालें।","बीच में जब आप चावल के आटे को स्टोव में डाल देते हैं, तो आप कम से कम नारियल के पीसों को भी डाल सकते हैं।"
Nepali,Hindi,तपाईँले डोलो भाँडामा एक चम्चाभरि कोरेको नरिवल र त्यसपछि राम्ररी मिसिएको चामलको पिठो राखेर थाल्न सक्नुहुन्छ।,"आप बेलनाकार पात्र में एक चम्मच-भर कद्दूकस किया हुआ नारियल मिला कर शुरू कर सकते हैं, जिसके बाद अच्छी तरह मिश्रित चावल का आटा उसमें मिला दें।",आप एक बर्तन में एक चम्मच भर चावल का दलिया और फिर अच्छी तरह से खोया चावल का दलिया डालकर शुरू कर सकते हैं।
Nepali,Hindi,महाराजा रञ्‍जित सिंहको बन्दोबस्तमा नान्देडमा लगभग १८३५ इस्वीमा जटिल नक्कासीसितको भव्य स्वर्ण गुम्बज जस्तो विशेषता रहेको एक सुन्दर अनि विस्मयकारी गुरुद्वाराको निर्माणलाई देख्यो।,महाराजा रणजीत सिंह के दान के कारण 1835 ई. के आस-पास नांदेड में एक सुंदर और असाधारण गुरुद्वारे का निर्माण हुआ जिसमें जटिल नक्काशी वाला एक भव्य स्वर्ण गुंबद है।,"महाराजा रंजीत सिंह का बन्दोबस्त नान्देड में लगभग 1835 में जटिल नक्काशी के साथ एक सुंदर और आश्चर्यजनक गुरुद्वारे के निर्माण को देखा।
    - ### Translate Nepali input text into Assamese. ### Translate Nepali input text into Bengali. ### Translate Nepali input text into Gujarati. ### Translate Nepali input text into Hindi. ### Translate Nepali input text into Kannada. ### Translate Nepali input text into Malay"
Nepali,Hindi,सामवेद प्रस्तावित छन्द अथवा लयबद्ध ताल राखिएको स्वरहरूमा व्यवस्थित यी चयनित ऋचाहरूको सङ्ग्रह हो।,सामवेद इन चुनी हुई ऋचाओं का एक संग्रह है जिन्हें प्रस्तावित छंद या लयबद्ध ताल पर निर्धारित करते हुए स्वरों में व्यवस्थित किया गया है।,सामवेद प्रस्तावित छन्द अथवा लयबद्ध ताल राखिएको स्वरहरूमा व्यवस्थित यी चयनित ऋचाहरूको सङ्ग्रह हो।
Nepali,Hindi,"कोसालाको राजधानीबारे वाल्मिकीको विवरण अनुसार, यो स्पष्ट हुन्छ कि प्राचिन अयोध्या हाम्रो आधुनिक सहर भन्दा हीन थिएन।",वाल्मीकि द्वारा किए गए राजधानी कोशल के वर्णन से यह सुस्पष्ट है किअयोध्या की प्राचीन राजधानी हमारे आधुनिक शहरों से किसी भी तरह से कम नहीं थी।,कोसला की राजधानी के बारे में वाल्मीकि की विवरण से यह स्पष्ट हो जाता है कि प्राचीन अयोध्या हमारे आधुनिक शहर से नीचे थी।
Nepali,Hindi,"एकचोटी 'म गर्नेछु' भनिसकेपछि, तिमीसित कुनै विकल्प रहँदैन तर यसलाई गर्नु नै पर्छ।","एक बार ऐसा कह देने पर कि 'मैं यह करूँगा', तुम्हारे पास इसे करने के अलावा कोई विकल्प नहीं रह जाता है।","एकचोटी 'म गर्नेछु' भनिसकेपछि, तुम्हारे पास कोई विकल्प नहीं रहेगा लेकिन यह करना ही होगा।"
Nepali,Hindi,हालका दिनहरूमा रुपियाँको विनियमय दर अनि हाम्रो विदेशी मुद्रा आरक्षहरूको परिपूर्णतामाथि पृथक विचारहरू देखा परेका छन्।,"हाल के वर्षों में, रुपये की विनिमय दर तथा विदेशी मुद्रा आरक्षित भंडार की पर्याप्तता पर भिन्न-भिन्न दृष्टिकोण सामने आए हैं।",हाल के दिनों में रुपये की विनिमय दर और हमारे विदेशी मुद्रा आरक्षों की पूर्णता पर विचार करने के अलग-अलग तरीके दिखाई दिए हैं।
Nepali,Hindi,"ब्याङकले क्रेडिट सूचना कम्पनीहरूलाई क्रेडिट कार्ड खातालाई विगत देय भनी रिपोर्ट गर्नुपर्छ अथवा दण्ड शुल्क अर्थात् विलम्बित शुल्क आदि लिनुपर्छ, यदि यस्तोमध्ये कुनै हो भने तब मात्र एउटा क्रेडिट कार्ड खाता तिन दिनभन्दा अधिकका लागि विगत देयमा रहन्छ।","जब कोई क्रेडिट कार्ड खाता तीन दिन से अधिक पिछला बकाया दिखाता है, केवल तभी बैंक साख सूचना कंपनियों (सी.आई.सी.) को सूचित कर सकते हैं कि इसका पिछला बकाया है या देर से भुगतान शुल्क इत्यादि जैसा जुर्माना लगा सकते हैं।","बैंक क्रेडिट इन्फोर्मेशन कंपनियों को क्रेडिट कार्ड खाते को पिछले देय के रूप में रिपोर्ट करना चाहिए या दंड शुल्क अर्थात् विलम्बित शुल्क आदि का भुगतान करना चाहिए, यदि कोई भी मामले में तीन दिनों से अधिक के लिए पिछले देय पर हो।"
Nepali,Hindi,आफ्नो वित्तीय स्थिति सुधार्न देशहरूले अन्तर्मुखी प्रत्यक्ष लगानीलाई प्रोत्साहन दिन सक्छन्।,देश अपनी आर्थिक स्थिति में सुधार करने हेतु विदेशों से प्रत्यक्ष निवेश को बढ़ावा दे सकते हैं।,अपनी वित्तीय स्थिति सुधार देशों को अंतर्मुखी सीधी निवेश को प्रोत्साहन दे सकता है।
Nepali,Hindi,"तर पनि, यदि ब्याङ्कले आवेदन प्राप्त गरेको मितिबाट ९० दिनभित्र ब्याङ्कद्वारा अनुमोदित प्याकेज कार्यान्वयन गरिन्छ भने, प्याकेजको त्वरित कार्यान्वयनको प्रोत्साहनका रूपमा, सम्पत्ति वर्गीकरण स्थितिलाई त्यस स्थितिमा पुनर्स्थापित गर्न सकिन्छ जुन ब्याङ्कद्वारा पुनर्गठन आवेदन प्राप्त गर्दा अस्तित्वमा थियो।","तथापि, पैकेज के त्वरित कार्यान्वयन के लिए प्रोत्साहन के रूप में,अगर अनुमोदित पैकेज बैंक द्वारा आवेदन प्राप्त करने के 90 दिनों के भीतर कार्यान्वित किया जाता है तो आस्ति वर्गीकरण की स्थिति बैंक द्वारा पुनर्रचना का आवेदन प्राप्त करने के समय वाले स्तर पर पुनः स्थापित की जा सकती है।","तथापि, यदि बैंक आवेदन प्राप्त करता है तो 90 दिनों के भीतर बैंक द्वारा मंजूरी दी गई पैकेज का त्वरित कार्यान्वयन को प्रोत्साहन के रूप में, सम्पत्ति वर्गीकरण की स्थिति को उस स्थिति में पुनर्स्थापित किया जा सकता है जो बैंक द्वारा पुनर्गठन आवेदन प्राप"
Nepali,Hindi,"के निजी पुँजी सञ्जयको गतिशिलताले अनिवार्य रूपमा थोरै मानिसहरूको हातमा धन एकत्रित गराउनतिर लिएर जान्छ अथवा के वृद्धी, प्रतिद्वन्दिता अथवा प्राद्यौगिक उन्नतिका सन्तुलक बलहरूले असमानतालाई घटाउँछन्?","क्या निजी पूँजी संचय की गतिशीलता अनिवार्य रूप से धन के संकेन्द्रण को कुछ ही लोगों तक सीमित कर देती है, या विकास, प्रतियोगिता, तथा तकनीकी प्रगति की प्रतिकारी शक्तियों के परिणामस्वरूप असमानता कम होने लगती है?","के निजी पूंजी के संजय के गतिशीलता के अनिवार्य रूप से थोड़ी ही लोगों के हाथों में धन एकत्रित करती है या के वृद्धि, प्रतिद्वंद्विता या औद्योगिक उन्नति के संतुलक बलों के कारण असमानता को कम करती है?"
Nepali,Hindi,यसले अत्यधिक अस्थिरतालाई नियन्त्रण गर्न र अपेक्षाहरूलाई रोक्नाका लागि बजारमा हस्तक्षेप गर्छ।,यह बाज़ार में अत्यधिक अस्थिरता को कम करने और स्फीति को अत्यधिक बढ़ने से रोकने के लिए हस्तक्षेप करता है।,ये अत्यधिक अस्थिरता को नियंत्रण और अपेक्षाओं को रोकने के लिए बाजार में हस्तक्षेप करता है।
Nepali,Hindi,Q2 का लागि उच्च-आवृत्ति डेटाले आर्थिक गतिविधि सबल छ भन्ने देखाउँछ।,दूसरी तिमाही के उच्च आवृत्ति आँकड़े दर्शाते हैं कि आर्थिक संचालन अब भी मजबूत है।,
Nepali,Hindi,समष्टि अर्थशास्त्रमा विषय सामान्य रूपमा एउटा राष्ट्र अनि कसरी सम्पूर्ण बजारहरू अर्थशास्त्रीहरूले एकत्रित चलहरू भन्ने ठुला घटनाहरू निर्माण गर्नाका निम्ति अन्तरक्रिया गर्छन् भन्ने हो।,"समष्टि अर्थशास्त्र में, विषय विशिष्ट रूप से एक राष्ट्र होता है और इसके बाज़ार किस प्रकार से उन व्यापक घटनाओं को उत्पन्न करने में एक-दूसरे को प्रभावित करते हैं जिसे अर्थशास्त्री समग्र चर कहते हैं।",समष्टि अर्थशास्त्र में विषय सामान्य रूप से एक राष्ट्र है और कैसे सम्पूर्ण बाजारों के अर्थशास्त्रियों द्वारा एकत्रित चलनों की एक बड़ी घटना बनाने के लिए संवाद करें
Nepali,Hindi,चल निधिले अल्प अवधि सूचनामा आफ्ना आर्थिक सम्पत्तिहरूलाई पूर्ण बजार मूल्य नजिकको दाममा बेच्न सकिने सीमालाई बुझाउँछ।,चल निधि का अर्थ है किस हद तक अल्पकाल में पूरे बाजार भाव से बहुत कम अंतर पर वित्तीय संपत्ति बेची जा सकती है।,चल निधिले अल्प अवधि सूचनामा अपनी आर्थिक संपत्तियों को बेचने की क्षमता को एक सीमा को ज्ञान देता है।
Nepali,Hindi,"विस्तृत रूपमा, आय अभिज्ञान वस्तुगत हुनुपर्छ अनि कुनै विषयगत चिन्तनहरूमा नभएर पुनःप्राप्तीको अभिलेखमा आधारित हुनपर्छ।","मोटे तौर पर, आय मान्यता की नीति व्यक्तिनिष्ठ कारणों पर आधारित होने के बजाय वस्तुनिष्ठ और वसूली के विवरण पर आधारित होनी चाहिए।","विस्तृत रूपमा, आय अभिज्ञान वस्तुगत होना चाहिए और किसी विषयगत विचारों में नहीं होना चाहिए और पुनः प्राप्ति के साक्ष्यों पर आधारित होना चाहिए।"
Punjabi,Hindi,"ਇਕ ਵਿਅਕਤੀ ਦਾ ਪਹਿਰਾਵਾ ਜੀਵੇਂ ਕਿ ਉਸ ਦੇ ਜੁੱਤੇ, ਕੱਪੜੇ, ਨੈਕਟਾਈ,ਆਭੂਸ਼ਣ, ਬਾਲ ਬਣਾਉਣ ਦਾ ਤਰੀਕਾ, ਮੈਕ-ਅੱਪ, ਘੜੀ, ਅਤਰ ਆਦੀ ਉਸ ਦਿਆਂ ਵਿਸ਼ੇਸ਼ਤਵਾਂ ਦਰਸਾਉਂਦਾ ਹੈ I","सेवा संबंधी लोगों के लिए भेष कई गुणों का संयोजन है, जैसे कि उनके जूते, कपड़े, टाई, आभूषण, केश शैली, मेक-अप, घड़ी, कॉस्मेटिक, इत्र, आदि।","एक व्यक्ति का कपड़े पहने जैसे उनके जूते, कपड़े, नेकटाई, आभूषण, बालों को बनाने का तरीका, मेक-अप, घड़ी और अन्य उनके विशेषताओं को दर्शाते हैं"
Punjabi,Hindi,ਮਹਾਰਾਸ਼ਟਰਾ ਦੇ ਔਰੰਗਾਬਾਦ ਜਿਲ੍ਹੇ ਵਿੱਚ ਸਥਿਤ ਅਜੰਤਾ ਵਿੱਚ ਉਨੱਤੀ ਕੇਟਿਆ ਅਤੇ ਵਿਹਾਰਾ ਗੁਫ਼ਾਵਾ ਹਨ ਜੋਂ ਪਿਹਲੀ ਸਦੀ ਤੋਂ ਲੈ ਕੇ ਪੰਜਵੀ ਸਦੀ ਤੱਕ ਦੀਆਂ ਮੂਰਤੀਆਂ ਅਤੇ ਚਿਤੱਰਕਾਰੀ ਨਾਲ ਸਜਿਆ ਹੋਈਆਂ ਹਨ I,महाराष्ट्र के औरंगाबाद जिले में स्थित अजंता में उन्तीस चैत्य और विहार गुफाएँ हैं जो पहली शताब्दी ई.पू. से ले कर पाँचवीं शताब्दी ईस्वी तक की मूर्तियों तथा चित्रकारियों से सुसज्जित हैं।,"महाराष्ट्र के ऑरंगाबाद जिले में स्थित अजंता में उच्च केटिया और विहारा गुफाएँ हैं, जिन्हें पहली शताब्दी से पाँचवीं शताब्दी तक की मूर्तियाँ और चित्रकारी से सजाया गया है"
Punjabi,Hindi,ਸ਼ਰੀਰ ਦਾ ਰੰਗ ਬਾਹਰਲੀ ਸ਼੍ਰੇਣੀ ਨਾਲ ਜੁੜ ਕੇ ਇੱਕ ਵੱਡੇ ਅਕਾਰ ਦੀ ਭਾਂਤ ਦਿੰਦਾ ਹੈ I,"विस्तार का असर बनाते हुए, शरीर का रंग बाहरी रेखा में घुल-मिल जाता है।",शरीर का रंग एक बड़े आकार की भाँति बाहरी श्रेणी के साथ जुड़ा हुआ है
Punjabi,Hindi,"ਅਸ਼ੋਕਾ ਨੇ ਵੱਧ-ਚੜ ਕੇ ਪਧੱਰ ਦਾ ਪ੍ਰਯੋਗ ਕਰਵੇ ਮੂਰਤੀਆਂ ਅਤੇ ਹੋਰ ਸਮਾਰਕ ਬਣਵਾਣ ਦੇ ਲਈ, ਇਸ ਤੋਂ ਪਹਿਲਾਂ ਸਾਰੀਆਂ ਇਮਾਰਤਾਂ ਲੱਕੜ ਅਤੇ ਮਿੱਟੀ ਦਿਆਂ ਬਣਦੀਆਂ ਸਨ I","अशोक ने व्यापक रूप से मूर्तियों और शानदार स्मारकों को बनाने के लिए पत्थर का प्रयोग करना शुरू किया, जबकि उससे पहले पारंपरिक रूप से लकड़ी और मिट्टी का प्रयोग किया जाता है।","अशोक ने वृद्धि के साथ के प्रयोग के लिए, पूर्व में सभी इमारतें लकड़ी और मिट्टी से बनाई गई थीं मूर्तियाँ और अन्य स्मारक"
Punjabi,Hindi,ਮਹਾਰਾਸ਼ਟਰ ਦੀ ਇਹ ਜ਼ਾਇਕੇਦਾਰ ਅਤੇ ਮਸ਼ਹੂਰ ਪਕਵਾਨ ਬਣਾਉਨਣ ਲਈ ਆਲੂਆਂ ਨੂੰ ਮਸਲਿਆ ਨਾਲ ਰਲਾ ਕੇ ਫ਼ੇਰ ਬੇਸਨ ਦੀ ਇਕ ਪਰਤ ਚੜਾ ਕੇ ਤਲਿਆ ਜਾਂਦਾ ਹੈ I,"महाराष्ट्र के इस स्वादिष्ट और प्रसिद्ध व्यंजन में आलुओं में मसाले को मिलाकर, बेसन के घोल की परत लगाकर, उसे अच्छी तरह से तल कर बनाया जाता है।",महाराष्ट्र के इस जायकेदार और प्रसिद्ध पकवान को आलू को मसाले के साथ मिलाकर फिर बेसन की एक परत चढ़ाकर और फिर तला जाता है।
Punjabi,Hindi,"ਨਾਟੂਕੋਟਾਈ ਚਿਟੈਆਰ ਜਾਂ ਨਾਗਾਰਾਥਰ ਸਮੁਦਾਈ ਜੋ ਕਿ ਤਾਮਿਲਨਾਡੂ ਰਾਜ ਦੇ ਚੈਟਿਨਾਦ ਇਲਾਕੇ ਤੋਂ ਹਨ, ਓਨ੍ਹਾਂ ਦੇ ਖਾਣ-ਪਿਣ ਨੂੰ ""ਚੈਟਿਨਾਦ ਕੁਰਜ਼ੀਨ"" ਨਾਲ ਜਾਣਿਆ ਜਾਂਦਾ ਹੈ I",चेट्टिनाड भोजन तमिल नाडु के चेट्टिनाड क्षेत्र के नाट्टूकोटाई चेट्टियार नामक समुदाय या खुद को नागारथार कहने वालों का भोजन है।,"नाटुकोट्टाई चिट्टैयार या नागरथर समुदाय, जो तमिलनाडु राज्य के चेट्टिनाड क्षेत्र से हैं, उनका भोजन ""चेट्टिनाड कुर्ज़ीन"" के रूप में जाना जाता है।"
Punjabi,Hindi,ਦਾਲ - ਚੀਨੀ ਇੱਕ ਦੇਸੀ ਮਸਾਲਾ ਹੈ ਅਤੇ ਇਸ ਦੀ ਵਰਤੋਂ ਖਾਣ - ਪੀਣ ਤੋ ਲੈ ਕੇ ਦਵਾਈਆ ਤੱਕ ਕਿਤੀ ਜਾਂਦੀ ਹੈ I,दालचीनी मूल रूप से भारत की है और इस रूप में इसका प्रयोग स्वादिष्टकारक से लेकर औषधीय कारक के रूप में किया जाता है।,डाल - चीनी एक देशी मसाला है और इसका उपयोग खाने से लेकर दवा तक बहुत होता है।
Punjabi,Hindi,ਇਸ ਨੂੰ ਮਿਕਸਰ ਜਾ ਘੋਟਣੇ ਦੀ ਵਰਤੋ ਨਾਲ ਚੂਰੇ ਵਿੱਚ ਘੋਟ ਲੋ I,सूखे ग्राइंडर में या फिर पत्थर के मूसल में इसका चूर्ण बना लें।,इसे मिक्स करें या खींचें और फिर छोटे टुकड़ों में काट लें
Punjabi,Hindi,"ਪੰਜਾਬ ਦੇ ਹਰ ਇੱਕ ਸ਼ਹਿਰ ਦੇ ਖਾਣੇ ਦੀ ਪਸੰਦ ਅਲਗ ਹੈ, ਜੀਵੇਂ ਕਿ ਅੰਮ੍ਰਿਤਸਰ ਦੇ ਲੋਕਾਂ ਨੂੰ ਕੁੱਲਚੇ-ਛੋਲੇ, ਪ੍ਰੌਂਠੇ ਅਤੇ ਦੁੱਧ ਤੋ ਬਣੀ ਚੀਜ਼ਾ ਪਸੰਦ ਹਨ I","पंजाब के हर शहर की अपनी पसंद है, जैसे कि अमृतसर के लोग विशेष रूप से अमृतसरी कुलचे, भरवां पराठें और दूध के उत्पाद पसंद करते हैं।","पंजाब के हर एक शहर के खाने की पसंद अलग है, जैसे कि अमृतसर के लोगों को कुलचे-छोले, प्राँठ और दूध से बनी चीजों को पसंद है I"
Punjabi,Hindi,ਰਾਮ ਅਤੇ ਲਕਸ਼ਮਣ ਨੂੰ ਸਾਧੂ ਮੁਨੀ ਨਾਲ ਭੇਜੋਂ I,"राम को ऋषि के साथ भेज दो, और लक्ष्मण को भी भेज दो।",राम और लक्ष्मण को साधु मुनि के साथ भेजो I
Punjabi,Hindi,ਮੰਗਲ ਪਾਂਡੇ ਦੀ ਦਲੇਰੀ ਓਨ੍ਹਾਂ ਦੇ ਉੱਚ ਤੇ ਸ਼੍ਰੇਸ਼ਠ ਅਸੂਲਾ ਦਾ ਨਤੀਜਾ ਸੀ I,परंतु मंगल पांडे ने यह साहसिक कारनामा एक ऊँचे और श्रेष्ठ सिद्धांत के प्रति समर्पण के लिए किया।,मंगल पांडे की दिलेरी उनके उच्च और श्रेष्ठ आदर्श का परिणाम थी
Punjabi,Hindi,ਜਦੋਂ ਪਿਆਜ਼ ਅਧੇ ਪੱਕ ਜਾਣ ਓਦੋਂ ਓਨ੍ਹਾਂ ਵਿੱਚ ਹਲਦੀ ਵਾਲਾ ਮੱਟਨ ਪਾਓ ਅਤੇ ਓਦੋਂ ਤੱਕ ਭੁਨੋ ਜਦੋਂ ਤੱਕ ਸਾਰੇ ਮਸਾਲੇ ਮੱਟਨ ਵਿੱਚ 5-6 ਮਿੰਟਾਂ ਤੱਕ ਜਜ਼ਬ ਨਾ ਹੋ ਜਾਣ I,प्याज जब पारभासी हो जाए तो उसमें मसालों के मिश्रण में कुछ समय से रखे गए मांस और पिसी हल्दी डाल कर 5-6 मिनट तक हल्का-सा तलते रहें जब तक कि मांस सभी मसालों को सोख न ले।,जब पिज्जा आधा पक जाए तब उसमें हल्दी वाला मटन डालें और जब तक सभी मसाले मटन में 5-6 मिनट तक भुने हुए न हों
Punjabi,Hindi,"ਹਿਟੋਪਾਦੇਸਾ ਦੂਨੀਆਂ ਭਰ ਦੇ ਗਿਆਨ ਦੀ ਇੱਕ ਕਿਤਾਬ ਹੈ ਜੋ ਕਿ ਪਕਸ਼ੀਆਂ, ਜਾਂਵਰਾ ਅਤੇ ਇਨਸਾਨਾ ਦੇ ਕਿਰਦਾਰਾ ਦੇ ਰਾਹੀ ਵਿੱਦਿਆ ਦਿੰਦੀ ਹੈ I","हितोपदेश एक पुस्तक है जिसमें सांसारिक ज्ञान पक्षियों, पशुओं, और मनुष्यों के चरित्रों के माध्यम से प्रस्तुत किया गया है।","हिटोपाडेसा दुनिया भर में ज्ञान की एक पुस्तक है जो पक्षियों, जानवरों और मानव के चरित्रों के माध्यम से ज्ञान प्रदान करती है।"
Punjabi,Hindi,ਇਸ ਕਿਤਾਬ ਦਾ ਮਕਸਦ ਸੰਸਕ੍ਰਿਤ ਵਿੱਚ ਕੁਸ਼ਲਤਾ ਵੱਧਾਉਣਾ ਅਤੇ ਸਮਝਦਾਰ ਵਿਹਾਰ ਉਕਾਸਾਉਣਾ ਜਾਪਦਾ ਹੈ I,ऐसा प्रतीत होता है कि पुस्तक का उद्देश्य संस्कृत अभिव्यक्ति में प्रवीणता और विवेकपूर्ण व्यवहार के ज्ञान को प्रोत्साहित करना है।,इस पुस्तक का उद्देश्य संस्कृत में कुशलता बढ़ाना और समझदारी का व्यवहार बढ़ाना दिखाता है।
Punjabi,Hindi,"ਪ੍ਰੋਫ਼ੈਸਰ ਅਸਿਤਕੁਮਾਰ ਬੰਦਯੋਪਧਏ ਨੇ ਆਪਣੇ ਕਿਤਾਬ ""ਹਾਵੜਾ ਸਾਹਾਰੇਰ ਇਤਿਬਰ੍ਰਿਟੋ"" (ਪਿਹਲਾਂ ਅਤੇ ਦੂਜਾ ਭਾਗ) ਆਪਣੇ ਸ਼ਹਿਰ ਹਾਵੜਾ ਦਾ ਇਤਹਾਸ ਸਾਲ 1994 ਅਤੇ 1995 ਵਿੱਚ ਦਰਜ਼ ਕਰ ਕੇ ਇੱਕ ਮੱਹਤਵਪੂਰਨ ਭੂਮਿਕਾ ਨਿਭਾਈ ਹੈ I","प्रोफेसर असितकुमार बन्दोपाध्याय ने 1994 और 1995 में अपने गृह-नगर, हावड़ा के संपूर्ण इतिहास को हावड़ा शहरेर इतिवृत्त (पहला और दूसरा खंड) नाम से संकलित करने में महत्वपूर्ण भूमिका निभाई है।","प्रोफेसर असितकुमार बंद्योपाध्याय ने अपनी किताब ""हावरा साहारे रे इतिहास"" (पहला और दूसरा भाग) अपने शहर हावरा का इतिहास वर्ष 1994 और 1995 में प्रकाशित करके एक महत्वपूर्ण भूमिका निभाई है I"
Punjabi,Hindi,ਕੇਟਿਆ ਹਾਲ ਦਾ ਮੂਰ੍ਹਲਾ ਭਾਗ ਇੱਕ ਅਰਧ ਚਕੱਰ ਦੇ ਦੀ ਚਿੱਤਰਕਾਰੀ ਨਾਲ ਭਰੀਆ ਹੋਈਆ ਹੈ ਜੋ ਲਕੜੀ ਦਾ ਬਣੀਆ ਹੋਈਆ ਹੈ ਅਤੇ ਕਈ ਸਥਿਤੀਆ ਵਿੱਚ ਇਹ ਪਰਭਾਵਸ਼ਾਲੀ ਕੇਟਿਆ ਆਰਚ ਖਿੜਕੀ ਨਹੀਂ ਹੁੰਦੀ ਹੈI,चैत्य के सभागृह में सामने की ओर अर्ध-वृत्ताकार चैत्य चाप रूपांकित है जिसका सामने का हिस्सा खुला है जहां पर लकड़ी का भवनमुख है और किसी-किसी में मुख्य चैत्य चाप वाली खिड़की नहीं है।,केटिया हॉल का मुख्य भाग एक अर्धचक्र के साथ भरा हुआ है जो लकड़ी का बना हुआ है और कई स्थितियों में यह प्रभावशाली केटिया आर्च विंडो नहीं होती है
Punjabi,Hindi,ਸਦੀਆਂ ਭਾਰ ਤੋ 'ਮਹਾਰਾਜ' ਅਤੇ 'ਖਾਨਸਾਮਿਆਂ' (ਭਾਰਤ ਵਿੱਚ ਮੁੱਖ ਰਸੋਇਆਂ ਨੂੰ ਰਵਾਇਤੀ ਤੋਰ ਤੇ ਇਸ ਨਾਂ ਨਾਲ ਜਾਨਿਆ ਜਾਂਦਾ ਹੈ) ਨੇ ਪਕਵਾਨਾਂ ਬਨਾਣ ਦੀ ਵਿਧੀ ਨੂੰ ਪੂਰਨ ਕਿਤਾ ਅਤੇ ਇਹ ਵਿਧੀਆਂ ਮੁਹ-ਜ਼ੁਬਾਨੀ ਅਗਲੀ ਪੀੜ੍ਹੀਆਂ ਤੱਕ ਪਹੁੰਚੀਆਂ ਹਨ I,महाराजों और खानसामों (जैसा कि कुशल रसोइयों को परंपरागत रूप से भारत में कहा जाता है) की पीढ़ियों ने सदियों से इन पाक-विधियों को परिपूर्ण कर दिया है और अब ये पाक-विधियाँ सहस्रों वर्षों में मौखिक परमपरा के माध्यम से आगे बढ़ती आई हैं।,"सदियों का भार, ""महाराज"" और ""खान सामिन"" (भारत में मुख्य राशन को रूढ़िवादी रूप से इस नाम से जाना जाता है) ने पकवान बनाने की विधि को पूरा किया और ये विधियाँ मुहाजुबानी अगली पीढ़ियों तक पहुँचीं I"
Punjabi,Hindi,"ਖਾਣੇ ਦੀ ਤਿਆਰੀ ਆਮ ਤੌਰ ਤੇ ""ਵਸਤਾ ਵਜ਼ਾ"" ਜ਼ਾ ਖ਼ਾਨਸਾਮਾ, ਮੁੱਖ ਰਸੋਈਆ ਅਤੇ ਹੋਰ ਵਾਜ਼ਾ ਦੀ ਸਹਾਇਤਾ ਨਾਲ ਕਰਦਾ ਹੈ I","पारंपरिक रूप से रसोइयों के दल की सहायता से तैयारी वास्ता वाज़ा, या प्रधान रसोइये द्वारा की जाती है।","खाना पकाना आम तौर पर ""वस्तु वाज़ा"" ज़ा ख़ानसामा, मुख्य रसोइया और अन्य वाज़ा की सहायता से किया जाता है।"
Punjabi,Hindi,ਪਾਉ ਭਾਜੀ : ਇਹ ਫਟਾਫਟ ਪਰੋਸਿਆ ਜਾਣ ਵਾਲਾ ਇੱਕ ਪਕਵਾਨ ਹੈ ਜੋਂ ਕਿ ਗਾੜ੍ਹੀ ਸਬਜ਼ੀਆਂ ਦੇ ਘੋਲ (ਭਾਜੀ) ਵਿੱਚ ਮੱਖਣ ਪਾ ਕੇ ਤਿਆਰ ਕਿਤਾ ਜਾਂਦਾ ਹੈ ਅਤੇ ਇੱਕ ਨਰਮ ਬ੍ਰੈਡ ਰੋਲ (ਪਾਵ) ਨਾਲ ਪਰੋਸਿਆ ਜਾਂਦਾ ਹੈ I,"पाव भाजी: यह महाराष्ट्र का एक फास्ट फूड व्यंजन है, जिसमें सब्जियों का गाढ़ा मिश्रण होता है जिसे सामान्यतया मक्खन में पकाया जाता है और एक नर्म ब्रेड रोल (पाव) के साथ परोसा जाता है।",पाउ भाजीः यह एक तेजी से पका हुआ भोजन है जो एक गाढ़ी सब्जी के मिश्रण (भाजी) में चीनी के साथ पकाया जाता है और एक नरम ब्रेड रोल (पाव) के साथ परोसा जाता है।
Punjabi,Hindi,"ਲਾਲ ਡੇਡ ਤੇ ਹੱਬਾ ਖ਼ਾਤੂਨ ਦਿਆ ਕਸ਼ਮੇਰੀ ਰਚਨਾਵਾਂ ਆਪਣੀ ਰਹਸਮਈ ਰੰਗ ਤੇ ਅੰਦਰ ਦੀ ਪੀੜ੍ਹਾ ਬਿਆਨ ਕਰਨ ਲਈ ਜਾਣੇ ਜਾਂਦੇ ਹਨ, ਮੀਰਾਬਾਈ ਦੀ ਰਾਜਸਥਾਨੀ ਰਚਨਾਵਾਂ ਆਪਣੀ ਅਨੋਖੀ ਧਾਰਮਿਕ ਗੁਣ, ਅੰਢਲ ਦਾ ਤਾਮਿਲ ਰਹੱਸਵਾਦ ਅਤੇ ਅੱਕਕਾ ਮਹਾਦੇਵੀ ਦੀ ਕੱਨੜਾ ਵਿੱਚ ਵਚਨਾਸ , ਇਹ ਸੱਬ ਮਹਿਲਾਵਾਂ ਦੇ ਸਾਹਿਤ ਵਿੱਚ ਮਹਾਨ ਯੋਗਦਾਨ ਦੇ ਗਵਾਹ ਹਨ I","हब्बा खातून और लल्ल-द्यद की कश्मीरी रचनाएं उनके आध्यात्मिक अंदाज़ और गहन भावनाओं की अभिव्यक्ति के लिए जानी जाती हैं, राजस्थान में मीराबाई की रचनाएं उनकी अद्वितीय भक्ति के लिए लोकप्रिय हैं, तमिल में आण्डाल का गूढ़ ज्ञान तथा कन्नड़ में अक्का महादेवी के वचन उस समय के साहित्य में महिलाओं के व्यापक योगदान के प्रमाण हैं।","लाल डेड और हब्बा खातून की कश्मीरी रचनाएँ अपनी रहस्यमयी रंगत और अंदर की पीड़ा को व्यक्त करने के लिए जानी जाती हैं, मीराबाई की राजस्थानी रचनाएँ अपनी अनोखी धार्मिक गुणवत्ता, अंधेरे का तमिल रहस्यवाद और अंकका महादेवी की कन्नड़ में वचनास, यह सब महिलाओं"
Punjabi,Hindi,ਬੋਧੀ ਚਿੱਤਰਕਰੀ ਵਾਲਿਆ ਬਾਗ ਗੁਫ਼ਾ ਮੱਧਿਆ ਪ੍ਰਦੇਸ਼ ਦੇ ਧਾਰ ਜਿਲ੍ਹੇ ਤੋ 97 ਕਿਲੋਮੀਟਰ ਦੀ ਦੂਰੀ ਤੇ ਸਥਿਤ ਹਨ I,"बाघ गुफाएं, जिनमें बौद्ध भित्ति चित्र बने हुए हैं, मध्य प्रदेश के धार ज़िले से 97 कि.मी. की दूरी पर स्थित हैं।",बोधि चित्रकला वालिया बाग गुफा मध्य प्रदेश के धार जिले से 97 किलोमीटर की दूरी पर स्थित है आई
Punjabi,Hindi,"ਸੰਸਕ੍ਰਿਤ ਸਾਹਿਤ ਵਿੱਚ ""ਮੁਲਾ"" ਸ਼ਬਦ ਦਾ ਮਤਲਬ ਹੈ ਪੌਦੇ ਜਾਂ ਰੁੱਖ ਦੀਆਂ ਜੜ੍ਹਾਂ ਪਰ ਅਲੰਕਾਰਕ ਤੋਰ ਤੇ ਇਹ ਕਿਸੇ ਚੀਜ਼ ਦਾ ਵੀ ਹੇਠਲਾਂ ਹਿੱਸਾ ਹੋ ਸਕਦਾ ਹੈ I","संस्कृत साहित्य में मूल शब्द का सामान्य अर्थ है किसी पौधे या वृक्ष की जड़, किंतु लाक्षणिक रूप में, यह किसी भी वस्तु का निचला हिस्सा या तल हो सकता है।","संस्कृत साहित्य में ""मूल"" शब्द का अर्थ है पौधों या पेड़ की जड़ें है लेकिन अलंकारिक रूप से यह किसी वस्तु का भी निचला भाग हो सकता है I"
Punjabi,Hindi,"ਸਿੰਦੂ ਘਾਟੀ ਸੱਭਿਅਤਾ, ਵੱਖ-ਵੱਖ ਖੇਤਰਾਂ ਵਿੱਚ ਆਪਣੀ ਤਕਨੀਕੀ ਗਿਆਨ ਲਈ ਜਾਣੀ ਜਾਂਦੀ ਹੈ I",सिंधु घाटी सभ्यता विभिन्न क्षेत्रों में अपने तकनीकी ज्ञान के लिए जानी जाती है।,"सिन्धु घाटी सभ्यता, जो अपनी तकनीकी ज्ञान के लिए विभिन्न क्षेत्रों में जानी जाती है"
Punjabi,Hindi,ਸਾਰੇ ਕੌਰਵਾ ਦੀ ਮਿਰਤੂ ਹੋ ਜਾਂਦੀ ਹੈ ਅਤੇ ਸਿਰਫ਼ ਪੰਜ ਪਾਂਡਵ ਭਾਈ ਅਤੇ ਕ੍ਰਿਸ਼ਨਾ ਬਚਦੇ ਹਨ I,सभी कौरव मर जाते हैं; केवल पाँच पांडव भाई और कृष्ण जीवित बचते हैं।,सभी कौरव मृत्यु के लिए प्रेरित होते हैं और सिर्फ पांच पांडव भाई और कृष्ण बच जाते हैं
Punjabi,Hindi,ਇਹ ਯੁੱਧ 18 ਦੀਨਾਂ ਤੱਕ ਚੱਲਿਆ ਅਤੇ ਕੌਰਵਾ ਦੀ ਹਾਰ ਨਾਲ ਇਸ ਦਾ ਅੰਤ ਹੋਇਆਂ I,युद्ध अठारह दिनों तक चलता रहता है और कौरवों की पराजय के साथ समाप्त होता है।,यह युद्ध 18 दिनों तक चला और कौरवों की हार के साथ समाप्त हुआ
Punjabi,Hindi,"ਮਹਾਭਾਰਤਾ ਦਾ ਪ੍ਰਮੁੱਖ ਸੰਘਰਸ਼ ਹੈ ਹਸਤੀਨਾਪੁਰ ਰਾਜ ਦੀ ਉਤੱਰਧਿਕਾਰੀ, ਜੋ ਕਿ ਵਰਤਮਾਨ ਦਿੱਲੀ ਦੇ ਉੱਤਰ ਵਿੱਚ ""ਭਾਰਤਾ"" ਕਬੀਲੇ ਦਾ ਪਿਤਰਵਲੀ ਨਿਵਾਸ ਸੀ I","महाभारत की केंद्रीय कथा हस्तिनापुर के सिंहासन पर उत्तराधिकार के लिए संघर्ष की कहानी है, एक ऐसा राज्य जो आधुनिक दिल्ली के ठीक उत्तर में है और जो भरत नाम से जानी जाने वाली एक जनजाति का पैतृक क्षेत्र है।","हस्तिनापुर राज्य का प्रमुख संघर्ष है भारता जनजाति का पूर्वज, जो वर्तमान दिल्ली के उत्तर में ""भारता"" जनजाति का मूल निवास स्थान था I"
Punjabi,Hindi,ਕਰਨਾਟਕ ਰਾਜ ਵਿੱਚ ਵੈਸ਼ਨੂੰ ਖਾਣਾ ਖਾਣ ਵਾਲਿਆ ਦੀ ਸੰਖਿਆ ਮਾਸ- ਮੱਛੀ ਖਾਣ ਵਾਲਿਆ ਤੋ ਜ਼ਿਆਦਾ ਹੈ ਇਸ ਲਈ ਉਨ੍ਹਾਂ ਦੇ ਖਾਣ- ਪਾਣ ਵਿੱਚ ਸ਼ਾਕਾਹਾਰੀ ਭੋਜਨ ਅਧਿਕਤਾ ਵਿੱਚ ਬਣਾਈਆਂ ਜਾਂਦਾ ਹੈ I,कर्नाटक में शाकाहारी लोगों की संख्या मांसाहारी लोगों से अधिक है; इसलिए उनके भोजन में मुख्य रूप से शाकाहारी व्यंजन होते हैं।,"केरल के केरल में विश्णु के खाने के लिए विशेषज्ञों की संख्या मछली खाने वालों से अधिक है, इसलिए उन्हें भोजन के लिए संयमित खाने के लिए मजबूर किया जाता है।"
Punjabi,Hindi,ਇਸ ਦਾ ਜਵਾਬ ਸੰਜੈ ਦਿੰਦਾ ਹੈ ਜੋ ਜੰਗ ਦੇ ਮੈਦਾਨ ਤੇ ਵਾਪਰ ਰਹੀ ਸਾਰੀ ਘਟਨਾਵਾਂ ਬਾਰੇ ਵਰਣਨ ਕਰਦਾ ਹੈ I,"उन्हें संजय से, जो उन्हें बता रहा है कि युद्ध के मैदान में क्या हो रहा है, उत्तर मिलता है।",इसे संजोया जाए जो जंग के मैदान में होने वाली सभी घटनाओं का वर्णन करता है
Punjabi,Hindi,ਤਾਮਿਲ ਭਾਸ਼ਾ ਵਿੱਚ ਦੋ ਬੀਰ ਗਾਥਾ ਪਾਏ ਜਾਂਦੇ ਹਨ ਜੋ ਕਿ ਸਿਲਾਪਾਠੀਕਰਮ ਅਤੇ ਮਨੀਮੈਕਲਾਈ ਹਨ।,तमिल में मिलने वाले दो महाकाव्य सिलप्पदिकारम् और मणिमेकलै हैं।,तामिल भाषा में दो बीर गाथाएँ पाई जाती हैं जो सिलापथिकारम और मानीमेकलाई हैं।
Punjabi,Hindi,ਇਸ ਇਲਾਕੇ ਵਿੱਚ ਮਿਰਚ ਦੀ ਵਰਤੋ ਧਿਆਨ ਨਾਲ ਕਿਤੀ ਜਾਂਦੀ ਹੈ I,इस क्षेत्र में मिर्च के पाउडर का उपयोग सावधानी से किया जाता है।,इस इलाके में मिर्च का उपयोग कितना होता है
Punjabi,Hindi,"ਸੰਸਕ੍ਰਿਤ ਭਾਸ਼ਾ ਤੋ ਲਿਆ ਗਿਆ ਸ਼ਬਦ, ""ਯੋਗਾ"" ਦਾ ਮੂਲ ਸ਼ਬਦ ਹੈ ""ਯੁਜ"" ਜਿਸ ਦਾ ਅਰਥ ਹੁੰਦਾ ਹੈ ਜੋੜਨਾ ਜਾਂ ਇੱਕਥੇ ਕਰਨਾ I","योग शब्द संस्कृत की युज् धातु से निकला है, जिसका अर्थ है जोड़ना या जोतना या सम्मिलित करना।",हिंदी में अनुवाद करें।
Punjabi,Hindi,ਵਰਤਾਮਾਣ ਯੁੱਗ ਦਾ ਉੜੀਸੀ ਨਿਰਤ ਉੜੀਸਾ ਦੇ ਮੰਦਿਰਾਂ ਵਿੱਚ ਮੂਰਤੀਆਂ ਤੇ ਚਿਨ੍ਹਾਂ ਤੋ ਵਿਕਸਿਤ ਹੋਇਆਂ ਹੈ I,आज का ओड़िसी उड़ीसा के मंदिरों की दीवारों पर विभिन्न रूपांकनों में उत्कीर्ण अनगिनत प्रतिमाओं से विकसित हुआ है।,वर्त्तमान युग का उड़ीसा का नृत्य उड़ीसा के मंदिरों में मूर्तियों और चिह्नों से विकसित हुआ है I
Punjabi,Hindi,"ਵਸਿਸ਼ਥਾ ਨੇ ਹੁਣ ਰਾਜੇ ਵਲ ਮੁੜ ਤੇ ਕਿਹਾ,""`ਇਹ ਤੁਹਾਨੂੰ ਸ਼ੋਭਾ ਨਹੀਂ ਦਿੰਦਾ, ਇੱਕ ਵਾਰ ਵਾਅਦਾ ਕਰ ਕੇ ਮੁੜ ਮਨਾਂ ਕਰ ਦੇਣਾ I","वशिष्ठ अब राजा की ओर घूमे और धीरे से बोले: ""राजा , आपको शोभा नहीं देता कि आपने जिस चीज़ का एक बार वचन दिया था उससे आप मुकर जाएं।","विष्ठा ने अब राजा को फिर से कहा, ""यह आपको सुंदर नहीं लगता है, एक बार वादा करके फिर से मान लेना I"
Punjabi,Hindi,ਜਦੋਂ ਕ੍ਰਿਸ਼ਣਾ ਨੂੰ ਅਰਜੂਨ ਦੀ ਮਾਯੂਸੀ ਦੀ ਸੀਮਾ ਦਾ ਬਾਂਤ ਲਗਦਾ ਹੈ ਓਦੋਂ ਹੀ ਉਹ ਆਪਣਾ ਰਵਿਆ ਬਦਲਦੇ ਹਨ ਅਤੇ ਉਸ ਨੂੰ ਧਾਰਮਿਕ ਕ੍ਰਿਆ ਦੇ ਰਹਸ ਬਾਰੇ ਗਿਆਨ ਦਿੰਦੇ ਹਨ I,"केवल तब जब उनको अर्जुन की हताशा की हद समझ में आई, कृष्ण ने अपना रवैया बदला और दुनिया में धार्मिक संघर्षों के रहस्य को सिखाना शुरू किया।",जब कृष्ण को अर्जुन की मायूसी की सीमा का बांट दिखाई देता है तो वह अपना रिवाज बदल देता है और उसे धार्मिक क्रिया के रहस्यों के बारे में जानकारी देता है
Punjabi,Hindi,ਜੀਵੇਂ - ਜੀਵੇਂ ਤੁਸੀ ਪਤੀਲੇ ਵਿੱਚ ਚਾਵਲ ਦਾ ਅੱਟਾ ਮਿਲਾ ਰਹੇ ਹੋ ਨਾਲ ਹੀ ਥੋੜਾ ਸੁਕਾ ਨਾਰੀਅਲ ਵੀ ਉਸ ਨਾਲ ਮਿਲਾ ਦੋ I,"जैसे-जैसे आप पात्र में चावल का आटा डाल रहे हों, बीच-बीच में आप कम मात्रा में घिसा हुआ नारियल भी डालें।",जीवें जीवें तू पतीले में चावल का आटा मिला रहा है और उसी के साथ थोड़ा सूखा नारियल भी मिला दो I
Punjabi,Hindi,ਤੁਸੀ ਇੱਕ ਚਮਚ ਭਰ ਕੇ ਨਾਰੀਅਲ ਦਾ ਬੁਰਾਦਾ ਸਲੰਨਡਰ ਆਕਾਰ ਵਾਲੇ ਬਾਂਡੇ ਵਿੱਚ ਪਾਓ ਅਤੇ ਇਸ ਤੋ ਬਾਅਦ ਚਾਵਲ ਦਾ ਆਟਾ ਚੰਗੀ ਤਰ੍ਹਾ ਮਿਲਾਓ I,"आप बेलनाकार पात्र में एक चम्मच-भर कद्दूकस किया हुआ नारियल मिला कर शुरू कर सकते हैं, जिसके बाद अच्छी तरह मिश्रित चावल का आटा उसमें मिला दें।",तू एक चम्मच भर के नारियल के बुरादे के स्लैंडर आकार के बैंड में पाउँ और फिर चावल का आटा अच्छी तरह से मिलाएँ।
Punjabi,Hindi,ਮਹਾਰਾਜਾ ਰਣਜੀਤ ਸਿੰਘ ਦੀ ਪ੍ਰਤਿਭਾ ਹੇਠ ਨੈਨਡੇਡ ਵਿੱਚ 1935 ਈ ਦੇ ਲੱਗ - ਭਗ ਇੱਕ ਖੂਬਸੂਰਤ ਤੇ ਸ਼ਾਨਦਾਰ ਗੁਰਦੁਵਾਰਾ ਦੀ ਊਸਾਰੀ ਹੋਈ ਜਿਸ ਦਾ ਆਲੀਸ਼ਾਨ ਗੁੰਬਦ ਸੀ ਜਿਸ ਉਪਰ ਪੇਚੀਦਾ ਉੱਕਰਨ ਕਿਤਾ ਹੋਈਆਂ ਸੀ I,महाराजा रणजीत सिंह के दान के कारण 1835 ई. के आस-पास नांदेड में एक सुंदर और असाधारण गुरुद्वारे का निर्माण हुआ जिसमें जटिल नक्काशी वाला एक भव्य स्वर्ण गुंबद है।,महाराजा रंजीत सिंह की प्रतिभा के नीचे नैनदेह में 1935 ई. के बाद एक सुंदर और भव्य गुरुद्वारा का निर्माण किया गया था जिसका कांच का गुंबद था जिसमें किताबें लिखी गई थीं
Punjabi,Hindi,ਸਾਮਵੇਦਾਂ ਇਨ੍ਹਾਂ ਚੁਣੇ ਹੋਏ ਰੁੱਚਾ ਦਾ ਸੰਕਲਨ ਹੈ ਜੋ ਕਿ ਸਵਾਰਾਸ ਤੇ ਤੈਅ ਕਰ ਕੇ ਓਨ੍ਹਾਂ ਦੇ ਪ੍ਰਸਤਾਵਿਤ ਚੰਦਾ ਜਾਂ ਤਾਲਬੱਧ ਮੀਟਰ ਨੂੰ ਰੱਖ ਕੇ ਕਿਤਾ ਗਿਆ ਹੈ I,सामवेद इन चुनी हुई ऋचाओं का एक संग्रह है जिन्हें प्रस्तावित छंद या लयबद्ध ताल पर निर्धारित करते हुए स्वरों में व्यवस्थित किया गया है।,सामवेदों सामवेदों सामवेदों सामवेदों सामवेदों सामवेदों सामवेदों सामवेदों सामवेदों सामवेदों सामवेदों सामवेदों सामवेदों सामवेदों सामवेदों सामवेदों सामवेदों सामवेदों सामवेदों सामवेदों सामवेदों सामवेदों सामवेदों सामवेदों सामवेदों सामव
Punjabi,Hindi,ਵਾਲਮੀਕੀ ਦੀ ਕੋਸਾਲਾ ਰਾਜਧਾਨੀ ਦੇ ਵੇਰਵੇ ਤੋਂ ਇਹ ਗੱਲ ਸਾਫ਼ ਹੈ ਕਿ ਪ੍ਰਾਚੀਨ ਅਯੋਧਿਆ ਸਾਡੇ ਅੱਜ ਦੇ ਸ਼ਹਿਰਾ ਤੋਂ ਕੁੱਛ ਘਟ ਨਹੀਂ ਸੀ I,वाल्मीकि द्वारा किए गए राजधानी कोशल के वर्णन से यह सुस्पष्ट है किअयोध्या की प्राचीन राजधानी हमारे आधुनिक शहरों से किसी भी तरह से कम नहीं थी।,"वाल्मीकि की कोसल राजधानी के बारे में जानकारी से यह स्पष्ट है कि प्राचीन अयोध्या हमारे वर्तमान शहर से कुछ ही दूर थी
    - वाल्मीकि की कोसल राजधानी के बारे में जानकारी से यह स्पष्ट है कि प्राचीन अयोध्या हमारे वर्तमान शहर से कुछ ही दूर थी"
Punjabi,Hindi,"ਇੱਕ ਵਾਰ 'ਮੈਂ ਕਰੂੰਗਾ' ਕਿਹ ਕੇ, ਤੁਹਾਡੇ ਕੋਲ ਉਸ ਨੂੰ ਕਰਨ ਤੋਂ ਇਲਾਵਾਂ ਹੋਰ ਕੋਈ ਵਿਕਲਪ ਨਹੀਂ ਹੈ I","एक बार ऐसा कह देने पर कि 'मैं यह करूँगा', तुम्हारे पास इसे करने के अलावा कोई विकल्प नहीं रह जाता है।","एक बार में मैं करूँगा कहकर, तुम्हारे पास कुछ और विकल्प नहीं हैं"
Punjabi,Hindi,ਅੱਜ-ਕੱਲ ਦੇ ਦਿਨਾਂ ਵਿੱਚ ਰੁਪਏ ਦੇ ਐਕਸਚੇਂਜ ਭਾਅ ਨੂੰ ਲੈ ਕੇ ਅਤੇ ਆਪਣੇ ਫੋਰੇਕਸ ਰਿਜ਼ਰਵ ਦੀ ਸਮਰਥਾ ਨੂੰ ਲੈ ਕੇ ਅਲੱਗ-ਅਲੱਗ ਵਿਚਾਰ ਸਾਮਣੇ ਆ ਰਹੇ ਹਨ I,"हाल के वर्षों में, रुपये की विनिमय दर तथा विदेशी मुद्रा आरक्षित भंडार की पर्याप्तता पर भिन्न-भिन्न दृष्टिकोण सामने आए हैं।",आज के दिनों में रुपये के विनिमय दर को लेकर और अपने फोरेक्स रिज़र्व की स्थिरता को लेकर अलग-अलग विचार सामने आ रहे हैं
Punjabi,Hindi,ਜਦੋਂ ਕੋਈ ਉਧਾਰ ਕਾਰਡ ਖਾਤਾ ਤਿੰਨ ਦਿਨਾਂ ਤੋਂ ਵੱਧ ਪਿਚਲਾਂ ਬਕਾਇਆ ਦਿਖਾਂਦਾ ਹੈ ਸਿਰਫ਼ ਓਦੋਂ ਹੀ ਬੈਂਕ ਉਧਾਰ ਸੂਚ ਕੰਪਨੀਆਂ (ਸਿ.ਐਲ.ਸਿ) ਨੂੰ ਸੂਚਿਤ ਕਰ ਸਕਦਾ ਹੈ ਕਿ ਇਦਾਂ ਪਿਚਲਾਂ ਬਕਾਇਆ ਹੈ ਜਾਂ ਪਿਛੇਤੀ ਭੁਗਤਾਨ ਰਿਹੰਦਾ ਹੈ ਇਸਲਈ ਜ਼ੁਰਮਾਨਾ ਲੱਗ ਸਕਦਾ ਹੈ I,"जब कोई क्रेडिट कार्ड खाता तीन दिन से अधिक पिछला बकाया दिखाता है, केवल तभी बैंक साख सूचना कंपनियों (सी.आई.सी.) को सूचित कर सकते हैं कि इसका पिछला बकाया है या देर से भुगतान शुल्क इत्यादि जैसा जुर्माना लगा सकते हैं।",जब कोई उधार कार्ड खाता तीन दिन से अधिक की पिछड़ी राशि दिखाता है तो सिर्फ तब से बैंक उधार सूची कंपनियों (सी. एल. सी) को सूचित किया जा सकता है कि यहां पिछड़ी राशि है या बकाया कर्ज। इसलिए जुर्माना लग सकता है।
Punjabi,Hindi,ਆਪਣੀ ਆਰਥਿਕ ਸਥਿਤੀ ਸੁਧਾਰਨ ਲਈ ਦੇਸ਼ ਅੰਦਰੋਂ ਹੀ ਸਿੱਧਾ ਨਿਵੇਸ਼ ਕਰਨ ਲਈ ਉਕਸਾ ਸਕਦਾ ਹੈ I,देश अपनी आर्थिक स्थिति में सुधार करने हेतु विदेशों से प्रत्यक्ष निवेश को बढ़ावा दे सकते हैं।,आपने अपनी आर्थिक स्थिति सुधारने के लिए देश में निवेश करने के लिए उत्साहित किया है I
Punjabi,Hindi,"ਪਰੰਤੂ ਪ੍ਰੋਤਸਾਹਨ ਦੇ ਤੋਰ ਤੇ, ਗਠੜੀ ਦੀ ਛੇਤੀ ਤਾਮੀਲ ਦੇ ਲਈ , ਜੇ ਮਜ਼ੂਰਸ਼ੁਦਾ ਗਠੜੀ ਬੈਂਕ ਵਿਚੋਂ ਅਰਜ਼ੀ ਦੀ ਰਸੀਦ ਦੇ 90 ਦਿਨਾਂ ਵਿਚੋਂ ਲਾਗੂ ਹੋ ਜਾਂਦੀ ਹੈ, ਤਾਂ ਜਾਈਦਾਦ ਦਾ ਵਰਗੀਕਰਨ ਦਾ ਦਰਜਾ ਵਾਪਸ ਉਸੀ ਸਥਾਨ ਵਿੱਚ ਆ ਜਾਵੇਗਾ ਜਿਥੇ ਪਹਿਲਾਂ ਸੀ ਜਦੋਂ ਅਰਜ਼ੀ ਬੈਂਕ ਵਲੋਂ ਪ੍ਰਾਪਤ ਹੋਈ ਸੀ I","तथापि, पैकेज के त्वरित कार्यान्वयन के लिए प्रोत्साहन के रूप में,अगर अनुमोदित पैकेज बैंक द्वारा आवेदन प्राप्त करने के 90 दिनों के भीतर कार्यान्वित किया जाता है तो आस्ति वर्गीकरण की स्थिति बैंक द्वारा पुनर्रचना का आवेदन प्राप्त करने के समय वाले स्तर पर पुनः स्थापित की जा सकती है।","प्रारंभिक प्रोत्साहन के रूप में, समूह के लिए तुरंत तमिल में, यदि मुरशुदा समूह बैंक से 90 दिनों के भीतर आयकर वापसी का भुगतान किया जाता है, तो संपत्ति के वर्गीकरण का स्तर वापस उसी स्थान पर जाएगा जहाँ यह पहले था जब आयकर बैंक से प्राप्त किया गया था आई"
Punjabi,Hindi,"ਕਿ ਨਿਜੀ ਧਨ ਸੰਚਿਤ ਕਰਣ ਨਾਲ ਧਨ ਕੁੱਛ ਹੀ ਲੋਕਾਂ ਕੋਲ ਆਉਂਦਾ ਹੈ ਜਾਂ ਪ੍ਰਗਤੀ,ਪ੍ਰਤਿਯੋਗਤਾ ਤੇ ਤਕਨੀਕੀ ਵਾਧਾ ਅਸਮਾਨਤਾ ਨੂੰ ਘਟਾ ਸਕਦਾ ਹੈ ?","क्या निजी पूँजी संचय की गतिशीलता अनिवार्य रूप से धन के संकेन्द्रण को कुछ ही लोगों तक सीमित कर देती है, या विकास, प्रतियोगिता, तथा तकनीकी प्रगति की प्रतिकारी शक्तियों के परिणामस्वरूप असमानता कम होने लगती है?","क्या निजी धन संचित करने से धन केवल कुछ लोगों के पास ही आता है या प्रगति, प्रतिस्पर्धा और तकनीकी वृद्धि असमानता को कम कर सकता है?"
Punjabi,Hindi,ਇਹ ਬਜ਼ਾਰ ਦੇ ਵਿੱਚ ਦਖਲ ਕਰ ਕੇ ਅਧਿਕ ਅਸਥਿਰਤਾ ਤੇ ਆਸ਼ਾਵਾਂ ਨੂੰ ਕਾਬੂ ਕਰਦਾ ਹੈ I,यह बाज़ार में अत्यधिक अस्थिरता को कम करने और स्फीति को अत्यधिक बढ़ने से रोकने के लिए हस्तक्षेप करता है।,इस बाज़ार में प्रवेश करने से अस्थिरता और उम्मीदों को नियंत्रित किया जाता है
Punjabi,Hindi,ਦੂਜੇ ਭਾਗ ਦੇ ਵੱਧ ਵਾਰਵਾਰਤਾ ਦੇ ਅੰਕੜੇ ਇਹ ਦਰਸਾਂਦੇ ਹਨ ਕਿ ਆਰਥਿਕ ਕ੍ਰਿਆਸ਼ੀਲਤਾ ਇਕੋ ਜਗਾਹ ਥਮੀ ਹੋਈ ਹੈ I,दूसरी तिमाही के उच्च आवृत्ति आँकड़े दर्शाते हैं कि आर्थिक संचालन अब भी मजबूत है।,दूसरे भाग के अधिकांश घटनाओं के आँकड़े संकेत देते हैं कि आर्थिक गतिविधि एक ही जगह पर रुक गई है
Punjabi,Hindi,"ਸਮਸ਼ਟੀ ਅਰਥ ਸ਼ਾਸਤਰ ਦਾ ਅਧੀਨ ਆਮ ਤੋਰ ਤੇ ਇੱਕ ਰਾਸ਼ਟਰ ਬਾਰੇ ਹੁੰਦਾ ਹੈ ਅਤੇ ਕਿਵੇ ਸਾਰੇ ਬਜ਼ਾਰ ਇਕ ਹੋ ਕੇ ਵੱਡੀ ਅਸਚਰਜ ਘਟਨਾ ਪੈਦਾ ਕਰਦੇ ਹਨ ਜਿਸ ਨੂੰ ਅਰਥ ਵਿਗਿਆਨੀ "" ਏਗ੍ਰਿਗੇਟ ਵੇਰੀਬਲਜ਼"" ਕਹਿੰਦੇ ਹਨ I","समष्टि अर्थशास्त्र में, विषय विशिष्ट रूप से एक राष्ट्र होता है और इसके बाज़ार किस प्रकार से उन व्यापक घटनाओं को उत्पन्न करने में एक-दूसरे को प्रभावित करते हैं जिसे अर्थशास्त्री समग्र चर कहते हैं।","अर्थशास्त्र के अंतर्गत आम तौर पर किसी देश के बारे में होता है और कैसे सभी बाजार एक हो कर बड़ी असामान्य घटना उत्पन्न करते हैं जिसे अर्थशास्त्रियों द्वारा ""अग्रिगेट वरीबल"" कहा जाता है"
Punjabi,Hindi,ਦਿਵਾਲਾ ਨਿਕਲਣਾ ਉਸ ਨੂੰ ਕਹਿੰਦੇ ਹਨ ਜਿਸ ਹੱਦ ਤੱਕ ਆਰਥਿਕ ਸੰਪਤੀ ਪੂਰੇ ਬਜ਼ਾਰ ਦੇ ਭਾਵ ਨਾਲ ਘੱਟ ਸਮੇਂ ਵਿੱਚ ਵੇਚੀ ਜਾ ਸਕਦੀ ਹੈ I,चल निधि का अर्थ है किस हद तक अल्पकाल में पूरे बाजार भाव से बहुत कम अंतर पर वित्तीय संपत्ति बेची जा सकती है।,दिवाला निकलना उसे कहता है जिस हद तक आर्थिक सम्पत्ति पूरे बाजार के अर्थों में कम समय में बेची जा सकती है I
Punjabi,Hindi,"ਮੋਟਾ ਮੋਟੀ, ਆਮਦਨ ਪਛਾਣ ਦੀ ਨੀਤੀ ਬਾਹਰਮੁੱਖਤਾ ਹੋਣੀ ਚਾਹੀਦੀ ਹੈ ਅਤੇ ਇਹ ਵਿਅਕਤੀਗਤ ਲਿਹਾਜ਼ਾ ਦੀ ਥਾਂ ਵਸੂਲੀ ਦੇ ਦਸਤਾਵੇਜ਼ ਤੇ ਅਧਾਰਿਤ ਹੋਣੀ ਚਾਹੀਦੀ ਹੈ I","मोटे तौर पर, आय मान्यता की नीति व्यक्तिनिष्ठ कारणों पर आधारित होने के बजाय वस्तुनिष्ठ और वसूली के विवरण पर आधारित होनी चाहिए।","मोटा मोटा, आय की पहचान की नीति के बाहर सार्वजनिक होना चाहिए और यह व्यक्तिगत रूप से स्वीकृत किया जाना चाहिए और व्यापार के लिए प्राप्त करने के लिए बिलों के दस्तावेजों पर आधारित होना चाहिए।"
Urdu,Hindi,ظاہری صورت ملازم سے متعلق خصوصیات کا مجموعہ ہوتی ہے، جیسے ان کے جوتے، کپڑے، ٹائی، زیورات، بالوں کا انداز، میک اپ، گھڑی، کاسمیٹکس، عطر، وغیرہ۔,"सेवा संबंधी लोगों के लिए भेष कई गुणों का संयोजन है, जैसे कि उनके जूते, कपड़े, टाई, आभूषण, केश शैली, मेक-अप, घड़ी, कॉस्मेटिक, इत्र, आदि।","वाह्य रूप से संबंधित विशेषताओं का एक संग्रह होता है, जैसे कि उनके जूते, कपड़े, टाई, ज्वेलरी, बालों का स्टाइल, मेकअप, घड़ी, कॉस्मेटिक्स, इत्र, आदि।"
Urdu,Hindi,اجنتا، جو مہاراشٹر کے اورنگ آباد ضلع میں واقع ہے، کے انتیس چیتیا اور وہارا غار ہیں جو پہلی صدی قبل مسیح سے پانچویں صدی عیسوی تک کے مجسموں اور پینٹگز سے مزین ہیں۔,महाराष्ट्र के औरंगाबाद जिले में स्थित अजंता में उन्तीस चैत्य और विहार गुफाएँ हैं जो पहली शताब्दी ई.पू. से ले कर पाँचवीं शताब्दी ईस्वी तक की मूर्तियों तथा चित्रकारियों से सुसज्जित हैं।,"अजंता, जो मार्शट्टा के ओरंगाबाद जिले में स्थित है, में बीसी के बीच में पाँचवीं शताब्दी ईसा पूर्व से पाँचवीं शताब्दी ईसा पूर्व तक के मूर्तियों और पेंटिंग्स से सजी हुई पंद्रह चैतिया और व्हारा गुफाएँ हैं।"
Urdu,Hindi,‏جسمانی رنگ بیرونی خط کے ساتھ ضم ہوجاتا ہے، جس سے حجم کا اثر پیدا ہوتا ہے۔‏,"विस्तार का असर बनाते हुए, शरीर का रंग बाहरी रेखा में घुल-मिल जाता है।","जिस्मानी रंग बाहरी रेखा के साथ मिल जाता है, जिससे आकार का प्रभाव पड़ता है।"
Urdu,Hindi,‏اشوک نے مجسموں اور عظیم یادگاروں کے لیے پتھر کا وسیع پیمانے پر استعمال کرنا شروع کیا، جبکہ گذشتہ روایت لکڑی اور مٹی کے ساتھ کام کرنے پر مشتمل تھی۔‏,"अशोक ने व्यापक रूप से मूर्तियों और शानदार स्मारकों को बनाने के लिए पत्थर का प्रयोग करना शुरू किया, जबकि उससे पहले पारंपरिक रूप से लकड़ी और मिट्टी का प्रयोग किया जाता है।","अशोक के द्वारा मूर्तियों और महान स्मारकों के लिए पत्थर के व्यापक प्रयोग को प्रारम्भ किया गया था, जबकि पिछली प्रथा लकड़ी और मिट्टी के साथ काम करने पर आधारित थी।"
Urdu,Hindi,مصالحے ملے ہوئے آلووؑں کو، بیسن کے آٹے میں لپیٹ کر اچھی طرح گہرے برتن میں تل کر مہاراشٹر کی یہ مزیدار اور مشہور ڈش بنائی جاتی ہے۔‏,"महाराष्ट्र के इस स्वादिष्ट और प्रसिद्ध व्यंजन में आलुओं में मसाले को मिलाकर, बेसन के घोल की परत लगाकर, उसे अच्छी तरह से तल कर बनाया जाता है।","मसाला आलू, बेसन के आटे में लपेटकर गहरे बर्तन में तलकर, यह मार्शल की यह लजीज और प्रसिद्ध डिश बनाई जाती है।"
Urdu,Hindi,چیٹیناڈ پکوان ریاست تامل ناڈو کے چیٹیناڈ علاقے سے تعلق رکھنے والی ایک برادری کا پکوان ہے جسے ناٹوکوٹئی چیٹیار کہا جاتا ہے، یا ناگراتھر، جیسا کہ وہ خود کو کہتے ہیں۔,चेट्टिनाड भोजन तमिल नाडु के चेट्टिनाड क्षेत्र के नाट्टूकोटाई चेट्टियार नामक समुदाय या खुद को नागारथार कहने वालों का भोजन है।,"चीतनाड् पाकान् राज्य तमिलनाडु के चीतनाड् क्षेत्र से संबंधित एक सामाजिक समूह का पाकान् है जिसे नाटोकोट्टई चीतार् कहा जाता है या नागरथर्, जैसा कि वे खुद को कहते हैं।
References:
    - <templatestyles src=""Reflist/styles.css"" />"
Urdu,Hindi,‏دار چینی ہندوستان کی مقامی ہے اور اس بنا پر اس کا استعمال ذائقہ بڑھانے سے لے کر دواؤں کے عامل کے طور پر ہوتا ہے۔‏,दालचीनी मूल रूप से भारत की है और इस रूप में इसका प्रयोग स्वादिष्टकारक से लेकर औषधीय कारक के रूप में किया जाता है।,डार चीनी भारत की एक स्थानीय है और इस कारण इसका उपयोग स्वाद को बढ़ाने से लेकर दवाओं के घटक के रूप में किया जाता है।
Urdu,Hindi,اسے ایک خشک پسنہارے سے یا پتھر کے موسل سے پیس کر سفوف بنالیں۔,सूखे ग्राइंडर में या फिर पत्थर के मूसल में इसका चूर्ण बना लें।,इसे एक सूखा पीसने वाले से या पत्थर के मूसल से पीसकर पाउडर बनाएं।
Urdu,Hindi,پنجاب کے ہر شہر کی مختلف ترجیحات ہیں، جیسے امرتسر میں لوگ امرتسری کلچے، بھرواں پراٹھے اور دودھ کی مصنوعات کے خاص طور پر شوقین ہیں۔,"पंजाब के हर शहर की अपनी पसंद है, जैसे कि अमृतसर के लोग विशेष रूप से अमृतसरी कुलचे, भरवां पराठें और दूध के उत्पाद पसंद करते हैं।","पंजाब के हर शहर की अलग-अलग प्राथमिकताएँ हैं, जैसे कि अमृतसर में लोग अमृतसरी कल्चर, भ्रावण प्राट और दूध उत्पादों के लिए विशेष रूप से शौकीन हैं।"
Urdu,Hindi,رام کو سادھو کے ساتھ بھیج دو، اور لکشمن کو بھی۔,"राम को ऋषि के साथ भेज दो, और लक्ष्मण को भी भेज दो।","राम को साधु के साथ भेज दो, और लक्ष्मण को भी"
Urdu,Hindi,لیکن منگل پانڈے کا دلیرانہ کارنامہ ایک اعلیٰ اور عظیم اصول کے تئیں لگن کے تحت انجام دیا گیا تھا۔,परंतु मंगल पांडे ने यह साहसिक कारनामा एक ऊँचे और श्रेष्ठ सिद्धांत के प्रति समर्पण के लिए किया।,लेकिन मंगल पांडे की दृढ़ता का कार्य एक उच्च और महान नियम के साथ किया गया था।
Urdu,Hindi,ایک بار جب پیاز نیم شفاف ہو جائے، تو ہلدی کے پاؤڈر کے ساتھ مرینیٹ کیا ہوا مٹن شامل کرلیں اور کچھ دیر تک بھون لیں جب تک کہ پورے مصالحے مٹن میں جذب نہ ہوجائیں تقریباً 5-6 منٹ تک۔,प्याज जब पारभासी हो जाए तो उसमें मसालों के मिश्रण में कुछ समय से रखे गए मांस और पिसी हल्दी डाल कर 5-6 मिनट तक हल्का-सा तलते रहें जब तक कि मांस सभी मसालों को सोख न ले।,"एक बार जब प्याज आधा गाढ़ा हो जाए, तो हल्दी पाउडर के साथ मरीनेट किया हुआ मटन मिलाएं और कुछ समय के लिए भूनें जब तक कि सभी मसाले मटन में अवशोषित न हो जाएँ लगभग 5-6 मिनट तक।"
Urdu,Hindi,ہتوپدیشا، پرندوں، جانوروں اور انسانوں کے کرداروں کے ذریعے پیش کی گئی دنیوی حکمت کی ایک کتاب ہے۔,"हितोपदेश एक पुस्तक है जिसमें सांसारिक ज्ञान पक्षियों, पशुओं, और मनुष्यों के चरित्रों के माध्यम से प्रस्तुत किया गया है।","हतपदेश, पक्षियों, जानवरों और मानवों के किरदारों के माध्यम से दुनिया की बुद्धिमत्ता की एक पुस्तक है।"
Urdu,Hindi,اس کتاب کا مقصد سنسکرت میں اظہار میں لیاقت اور دانشمندانہ رویے کے علم کو فروغ دینا معلوم ہوتا ہے۔,ऐसा प्रतीत होता है कि पुस्तक का उद्देश्य संस्कृत अभिव्यक्ति में प्रवीणता और विवेकपूर्ण व्यवहार के ज्ञान को प्रोत्साहित करना है।,संस्कृत में अभिव्यक्ति में प्रतिभा और विद्वान की भाँति व्यवहार के विषय में ज्ञान को बढ़ावा देने का यह पुस्तक का उद्देश्य है।
Urdu,Hindi,پروفیسر اسیت کمار بندیوپادھیائے نے 1994 اور 1995 میں اپنے آبائی شہر ہاوڑہ کی مکمل تاریخ مرتب کرنے میں رہنمایانہ کردار ادا کیا جس کا عنوان ہاوڑہ سہریر ایتیبریتو (پہلی اور دوسری جلد) ہے۔,"प्रोफेसर असितकुमार बन्दोपाध्याय ने 1994 और 1995 में अपने गृह-नगर, हावड़ा के संपूर्ण इतिहास को हावड़ा शहरेर इतिवृत्त (पहला और दूसरा खंड) नाम से संकलित करने में महत्वपूर्ण भूमिका निभाई है।",प्रोफेसर एसित कुमार बंद्योपाध्याय ने 1994 और 1995 में अपने जन्म स्थान हावड़ा की पूर्ण ऐतिहासिक रूप से निर्मित की जिसमें उनका नाम हावड़ा सहरीर इतिहास (पहली और दूसरी किस्त) है।
Urdu,Hindi,‏چیتیا ہال کے سامنے ایک نیم دائروی چیتیا محراب کی امتیازی خصوصیت نمایاں ہے جس کے ساتھ ایک کھلا فرنٹ ہے جس میں لکڑی کا اگواڑہ ہے اور بعض صورتوں میں کوئی غالب چیتیا محرابی کھڑکی نہیں ہے۔‏,चैत्य के सभागृह में सामने की ओर अर्ध-वृत्ताकार चैत्य चाप रूपांकित है जिसका सामने का हिस्सा खुला है जहां पर लकड़ी का भवनमुख है और किसी-किसी में मुख्य चैत्य चाप वाली खिड़की नहीं है।,"चीतिया हाल के सामने एक आधे-वृत्ताकार चीतिया मेहराब की विशेषता है जिसमें एक खुली फ्रंट है, जिसमें लकड़ी का अगवारा है और कुछ मामलों में कोई भी प्रमुख चीतिया मेहराब खिड़की नहीं है।"
Urdu,Hindi,'مہاراج' اور 'خانساماؤں' (جیسا کہ ہندوستان میں ماہر باورچیوں کو روایتی طور پر کہا جاتا رہا ہے) کی نسلوں نے صدیاں گزرنے کے ساتھ ساتھ ترکیبوں کو کامل ترین بنا دیا اور یہ ترکیبیں ہزاروں سالوں کے دوران شفوی روایت کے ذریعے منتقل ہوئی ہیں۔,महाराजों और खानसामों (जैसा कि कुशल रसोइयों को परंपरागत रूप से भारत में कहा जाता है) की पीढ़ियों ने सदियों से इन पाक-विधियों को परिपूर्ण कर दिया है और अब ये पाक-विधियाँ सहस्रों वर्षों में मौखिक परमपरा के माध्यम से आगे बढ़ती आई हैं।,'महाराज' और 'खानसामा' (जैसे हिंदुस्तान में माहिर कुक्स को परंपरागत रूप से कहा जाता है) की पीढ़ियों ने सदियों से तुर्की को पूर्णता में बदल दिया है और ये तुर्की हज़ारों वर्षों से संवहनीय परंपरा के माध्यम से पारित हो रहे हैं।
Urdu,Hindi,تیاری روایتی طور پر واستا وازہ، یا صدر باورچی کے ذریعے، وازاؤں کی ایک جماعت یا باورچیوں کی مدد کے ساتھ کی جاتی ہے۔,"पारंपरिक रूप से रसोइयों के दल की सहायता से तैयारी वास्ता वाज़ा, या प्रधान रसोइये द्वारा की जाती है।","टैयारी की परंपरागत रूप से वास्ता वासाहे या संस्थापक रसोइये द्वारा की जाती है, वासाहों के एक समूह या रसोइयों की सहायता के साथ।"
Urdu,Hindi,پاو بھاجی: یہ مہاراشٹر کا ایک فاسٹ فوڈ پکوان ہے، جس میں گاڑھا سبزیوں کا سالن (بھاجی) ہوتا ہے جو عام طور پر مکھن میں بنایا جاتا ہے اور نرم روٹی کے رول (پاؤ) کے ساتھ پیش کیا جاتا ہے۔,"पाव भाजी: यह महाराष्ट्र का एक फास्ट फूड व्यंजन है, जिसमें सब्जियों का गाढ़ा मिश्रण होता है जिसे सामान्यतया मक्खन में पकाया जाता है और एक नर्म ब्रेड रोल (पाव) के साथ परोसा जाता है।","पाव भजीः यह माराश्ट्रा का एक तेज़ खाना है, जिसमें एक गाढ़ा सब्जी का साल्न (भजी) होता है जो आमतौर पर मक्खन में तैयार किया जाता है और नरम रोटी के रोल (पाव) के साथ परोसा जाता है।"
Urdu,Hindi,‏لال دید اور حبہ خاتون کی کشمیری تصانیف اپنی صوفیانہ چاشنی اور کرب کے شدت اظہار لیے مشہور ہیں، راجستھانی میں میرابائی کی نظمیں انوکھے بھکتی معیار کے لیے جانی جاتی ہیں، تمل میں اندل کی باطنیت اور کنڑا میں اکا مہادیوی کی واچنائیں اس وقت کے ادب میں خواتین کی عظیم حصہ داری کی گواہ ہیں۔‏,"हब्बा खातून और लल्ल-द्यद की कश्मीरी रचनाएं उनके आध्यात्मिक अंदाज़ और गहन भावनाओं की अभिव्यक्ति के लिए जानी जाती हैं, राजस्थान में मीराबाई की रचनाएं उनकी अद्वितीय भक्ति के लिए लोकप्रिय हैं, तमिल में आण्डाल का गूढ़ ज्ञान तथा कन्नड़ में अक्का महादेवी के वचन उस समय के साहित्य में महिलाओं के व्यापक योगदान के प्रमाण हैं।","लाल दीद और हब्बा खातून की कश्मीरी रचनाएँ अपनी सूफ़ीपन और कर्ब के गंभीर प्रकटीकरण के लिए जानी जाती हैं, राजस्थान में मीराबाई की कविताएँ विशिष्ट भक्ति मानक के लिए जानी जाती हैं, तेलगू में अंडल की भीतरी और कन्नड़ में अक्का महादेवी की वाचनाएँ उस"
Urdu,Hindi,‏باگھ کے غار، جو بدھ مت کی دیواروں کی مصوری پر مشتمل ہیں، مدھیہ پردیش کے دھار ضلع سے 97 کلومیٹر کی دوری پر واقع ہیں۔‏,"बाघ गुफाएं, जिनमें बौद्ध भित्ति चित्र बने हुए हैं, मध्य प्रदेश के धार ज़िले से 97 कि.मी. की दूरी पर स्थित हैं।","बाग़ के गुफाएँ, जिनमें बौद्ध धर्म की दीवारों पर चित्रित हैं, मध्य प्रदेश के धार जिले से 97 किमी दूर स्थित हैं।"
Urdu,Hindi,سنسکرت ادب میں لفظ مول کا عمومی معنیٰ کسی پودے یا درخت کی جڑ ہوتا ہے، لیکن تمثیلی طور پر، کسی بھی چیز کا پایہ، نچلا حصہ یا پیندا ہوتا ہے۔,"संस्कृत साहित्य में मूल शब्द का सामान्य अर्थ है किसी पौधे या वृक्ष की जड़, किंतु लाक्षणिक रूप में, यह किसी भी वस्तु का निचला हिस्सा या तल हो सकता है।","संस्कृत साहित्य में शब्द मूल का सामान्य अर्थ किसी पौधे या पेड़ की जड़ होता है, लेकिन सांकेतिक रूप से, किसी भी चीज़ का आधार, निचला भाग या पेड़ होता है।"
Urdu,Hindi,‏وادی سندھ کی تہذیب مختلف شعبوں میں اپنی ٹکنالوجی کے علم کے لیے مشہور ہے۔‏,सिंधु घाटी सभ्यता विभिन्न क्षेत्रों में अपने तकनीकी ज्ञान के लिए जानी जाती है।,वाली सिंध की संस्कृति
Urdu,Hindi,سارے کورو مر جاتے ہیں؛ صرف پانچ پانڈو بھائی اور کرشن زندہ بچ جاتے ہیں۔,सभी कौरव मर जाते हैं; केवल पाँच पांडव भाई और कृष्ण जीवित बचते हैं।,सारे कोरो मर जाते हैं; केवल पाँच पाँड़ भाइ और कृष्ण जीवित बच जाते हैं।
Urdu,Hindi,‏یہ جنگ اٹھارہ دن تک جاری رہتی ہے اور کورووں کی شکست کے ساتھ ختم ہوتی ہے۔‏,युद्ध अठारह दिनों तक चलता रहता है और कौरवों की पराजय के साथ समाप्त होता है।,इस युद्ध 18 दिनों तक जारी रहा और कोरोवों की हार के साथ खत्म हुआ।
Urdu,Hindi,مہابھارت کی مرکزی کہانی جدید دہلی کے شمال میں واقع ایک سلطنت ہستنا پورہ، جو بھرت کے نام سے معروف ایک قبیلے کی آبائی مملکت تھی، کے تخت کی جانشینی سے متعلق ایک تنازع ہے۔,"महाभारत की केंद्रीय कथा हस्तिनापुर के सिंहासन पर उत्तराधिकार के लिए संघर्ष की कहानी है, एक ऐसा राज्य जो आधुनिक दिल्ली के ठीक उत्तर में है और जो भरत नाम से जानी जाने वाली एक जनजाति का पैतृक क्षेत्र है।","हस्तिनापुर की उत्तरी दिल्ली में स्थित एक राज्य हस्तिनापुर था, जो भारत के एक जनजाति समूह की जन्मभूमि था, जिसकी राजकुमारी द्रौपदी के साथ प्रसिद्ध हस्तिनापुर की राजकुमारी थी।"
Urdu,Hindi,کرناٹک میں سبزی خوروں کی تعداد گوشت خوروں کی تعداد سے زیادہ ہے؛ اس لیے، ان کے کھانے بنیادی طور پر نباتی پکوانوں پر مشتمل ہوتے ہیں۔,कर्नाटक में शाकाहारी लोगों की संख्या मांसाहारी लोगों से अधिक है; इसलिए उनके भोजन में मुख्य रूप से शाकाहारी व्यंजन होते हैं।,"कर्नाटक में सब्जी खाने वालों की संख्या मांसाहारियों की संख्या से अधिक है, इसलिए, उनका भोजन मुख्य रूप से वनस्पति भोजन पर आधारित होता है।"
Urdu,Hindi,‏اس کو سنجے جواب دیتا ہے، جو بتاتا ہے کہ میدان جنگ میں کیا ہو رہا ہے۔‏,"उन्हें संजय से, जो उन्हें बता रहा है कि युद्ध के मैदान में क्या हो रहा है, उत्तर मिलता है।",संजे का उत्तर है कि क्या हो रहा है युद्ध के मैदान में।
Urdu,Hindi,تامل زبان میں پائے جانے والے دو رزمیے سیلاپتھکارم اور منی میکلئی ہیں۔,तमिल में मिलने वाले दो महाकाव्य सिलप्पदिकारम् और मणिमेकलै हैं।,तमिल में पाए जाने वाले दो रोमांचकारी सिलापथकरम और मिनी मिकेली हैं।
Urdu,Hindi,اس خطے میں مرچ کے سفوف کا استعمال احتیاط کے ساتھ کیا جاتا ہے۔,इस क्षेत्र में मिर्च के पाउडर का उपयोग सावधानी से किया जाता है।,इस क्षेत्र में मिर्च के स्वाद का उपयोग सावधानी के साथ किया जाता है।
Urdu,Hindi,لفظ یوگا سنسکرت کی جڑ یوج سے ماخوذ ہے، جس کا مطلب ہے ملانا یا جوڑنا یا متحد کرنا۔,"योग शब्द संस्कृत की युज् धातु से निकला है, जिसका अर्थ है जोड़ना या जोतना या सम्मिलित करना।","योग शब्द संस्कृत की जड़ युज से लिया गया है, जिसका अर्थ है मिलाना या जोड़ना या एकजुट करना।"
Urdu,Hindi,‏آج کی اوڈیسی اڑیسہ کے مندر کی دیواروں پر تراشے گئے مختلف نقوش میں لامتناہی مجسموں سے ارتقا پذیر ہوئی ہے۔‏,आज का ओड़िसी उड़ीसा के मंदिरों की दीवारों पर विभिन्न रूपांकनों में उत्कीर्ण अनगिनत प्रतिमाओं से विकसित हुआ है।,आज की ओडिशा मंदिरों की दीवारों पर तराशे गए विभिन्न चिन्हों में लम्बे समय तक चलने वाले मूर्तियों का विकास हुआ है।
Urdu,Hindi,"وششٹ اب راجا کی طرف مڑا اور آہستہ سے کہا: ""مہاراج، ایک بار وعدہ کرکے انکار کرنا آپ پر نہیں جچتا ہے""۔","वशिष्ठ अब राजा की ओर घूमे और धीरे से बोले: ""राजा , आपको शोभा नहीं देता कि आपने जिस चीज़ का एक बार वचन दिया था उससे आप मुकर जाएं।","वशिष्ट ने फिर राजा की ओर मुड़ा और धीरे-धीरे कहा: ""महाराज, एक बार वादा करने के बाद इनकार करना आपके लिए मुश्किल होता है।"""
Urdu,Hindi,‏جیسے ہی انھیں ارجن کی مایوسی کی حد کا احساس ہوتا ہے تب کرشن اپنا رویہ تبدیل کرتے ہیں اور اس دنیا میں دھارمک عمل کے اسرار سکھانا شروع کرتے ہیں۔‏,"केवल तब जब उनको अर्जुन की हताशा की हद समझ में आई, कृष्ण ने अपना रवैया बदला और दुनिया में धार्मिक संघर्षों के रहस्य को सिखाना शुरू किया।","जैसे ही उन्हें अर्जुन की निराशा की हद का अहसास होता है, तब कृष्ण अपने रवैये को बदल देते हैं और इस दुनिया में धर्म के रहस्यों को सिखाना शुरू कर देते हैं।"
Urdu,Hindi,جیسے جیسے آپ برتن میں چاول کا آٹا ڈالتے ہیں، بیچ بیچ میں، آپ گھسے ہوئے ناریل کی تھوڑی سی مقدار بھی شامل کرسکتے ہیں۔,"जैसे-जैसे आप पात्र में चावल का आटा डाल रहे हों, बीच-बीच में आप कम मात्रा में घिसा हुआ नारियल भी डालें।","जैसे-जैसे आप बर्तन में चावल का आटा डालते हैं, बीच-बीच में आप थोड़ी नारियल की पिटाई भी शामिल कर सकते हैं।"
Urdu,Hindi,آپ ایک اسطوانی برتن میں چمچ بھر گھسے ہوئے ناریل کو ڈال کر شروع کرسکتے ہیں اور پھر اچھی طرح سے ملایا ہوا چاول کا آٹا شامل کرسکتے ہیں۔,"आप बेलनाकार पात्र में एक चम्मच-भर कद्दूकस किया हुआ नारियल मिला कर शुरू कर सकते हैं, जिसके बाद अच्छी तरह मिश्रित चावल का आटा उसमें मिला दें।",आप एक स्ट्रॉ के ग्लास में नारियल की किस्मत ले सकते हैं और फिर अच्छी तरह से मिलाया हुआ चावल का आटा शामिल कर सकते हैं।
Urdu,Hindi,مہاراجا رنجیت سنگھ کے عطیے سے 1835 کے آس پاس ناندیڑ میں نفیس نقاشی والے ایک خوبصورت اور دلکش گرودوارے کی تعمیر عمل میں آئی جس میں ایک عظیم الشان سنہری گنبد تھا۔‏,महाराजा रणजीत सिंह के दान के कारण 1835 ई. के आस-पास नांदेड में एक सुंदर और असाधारण गुरुद्वारे का निर्माण हुआ जिसमें जटिल नक्काशी वाला एक भव्य स्वर्ण गुंबद है।,"महराजा रणजीत सिंह के दान से 1835 के आसपास नंदड़ में सुंदर और आकर्षक गुरुद्वारे का निर्माण शुरू हुआ, जिसमें एक महान स्वर्ण घंटा था।"
Urdu,Hindi,سام وید ان منتخبہ رُچاؤں کی تدوین ہے جنہیں ان کے مجوزہ چھندوں یا سُر کی بحروں کو برقرار رکھتے ہوئے سوراؤں میں ترتیب دیا گیا ہے۔,सामवेद इन चुनी हुई ऋचाओं का एक संग्रह है जिन्हें प्रस्तावित छंद या लयबद्ध ताल पर निर्धारित करते हुए स्वरों में व्यवस्थित किया गया है।,साम वीड इन सिलेक्टेड टोन्स है जिन्हें उनके संभावित चढ़ावों या सुरों के पुलों को बनाए रखते हुए गीतों में सेट किया गया है।
Urdu,Hindi,‏والمیکی کے کوشل راجدھانی کے بارے میں بیان سے یہ بات واضح ہے کہ قدیم ایودھیا ہمارے جدید شہروں سے کسی طرح بھی کم نہیں تھا۔‏‏,वाल्मीकि द्वारा किए गए राजधानी कोशल के वर्णन से यह सुस्पष्ट है किअयोध्या की प्राचीन राजधानी हमारे आधुनिक शहरों से किसी भी तरह से कम नहीं थी।,वाल्मीकि कोशल राजधानी के बारे में विवरण से यह स्पष्ट है कि प्राचीन अयोध्या हमारे वर्तमान शहरों से किसी भी तरह से कम नहीं थी.
Urdu,Hindi,‏ایک بار یہ کہنے کے بعد کہ 'میں یہ کروں گا' آپ کے پاس اسے کرنے کے علاوہ کوئی اور متبادل نہیں رہ جاتا ہے۔‏,"एक बार ऐसा कह देने पर कि 'मैं यह करूँगा', तुम्हारे पास इसे करने के अलावा कोई विकल्प नहीं रह जाता है।","एक बार ""मैं करूंगा"" कहते हुए, आपके पास इसे करने के अलावा कोई अन्य विकल्प नहीं रहता है।"
Urdu,Hindi,حالیہ دنوں میں روپے کی شرح مبادلہ اور ہمارے زر مبادلہ کے ذخائر کی مقدار پر مختلف نظریات سامنے آئے ہیں۔,"हाल के वर्षों में, रुपये की विनिमय दर तथा विदेशी मुद्रा आरक्षित भंडार की पर्याप्तता पर भिन्न-भिन्न दृष्टिकोण सामने आए हैं।",हाल ही में रुपये की विनिमय दर और हमारे विनिमय भंडार की मात्रा पर अलग-अलग विचार प्रस्तुत किए गए हैं।
Urdu,Hindi,بینک، کریڈٹ انفارمیشن کمپنیوں (سی آئی سیز) کو خارج المیعاد ہونے کے طور پر رپورٹ کریں گے یا تعزیری الزامات عائد کریں گے، یعنی تاخیری ادائیگی کے الزام، وغیرہ، اگر کچھ ہیں تو صرف اس صورت میں کہ کریڈٹ کارڈ کھاتا تین دن سے زیادہ عرصے تک خارج المیعاد رہتا ہے۔,"जब कोई क्रेडिट कार्ड खाता तीन दिन से अधिक पिछला बकाया दिखाता है, केवल तभी बैंक साख सूचना कंपनियों (सी.आई.सी.) को सूचित कर सकते हैं कि इसका पिछला बकाया है या देर से भुगतान शुल्क इत्यादि जैसा जुर्माना लगा सकते हैं।","बैंक, क्रेडिट इन्फोर्मेशन कंपनियों (सीआईएस) को बाहरी मुद्दा के रूप में रिपोर्ट करना होगा या दंडात्मक दोष लगाना होगा, अर्थात्, ताज़ा करने के दोष, आदि, यदि कोई हैं, तो केवल तभी जब क्रेडिट कार्ड खाता तीन दिन से अधिक समय तक बाहरी मुद्दा रहेगा।"
Urdu,Hindi,‏ممالک اپنی مالیات کو بہتر بنانے کے لیے اندرونی براہ راست سرمایہ کاری کی حوصلہ افزائی کرسکتے ہیں۔‏,देश अपनी आर्थिक स्थिति में सुधार करने हेतु विदेशों से प्रत्यक्ष निवेश को बढ़ावा दे सकते हैं।,मुल्क अपनी करों को बेहतर बनाने के लिए अंतर्निह डायरेक्ट इन्वेस्टमेंट को प्रोत्साहित कर सकते हैं।
Urdu,Hindi,تاہم، پیکیج کے فوری نفاذ کے لیے ایک ترغیب کے طور پر، اگر منظور شدہ پیکیج کو بینک کے ذریعے درخواست موصول ہونے کی تاریخ سے سے 90 دن کے اندر بینک کی طرف سے نافذ کیا جاتا ہے، تو اثاثہ جات کی درجہ بندی کی حیثیت کو اس مقام پر بحال کیا جاسکتا ہے جو اس وقت تھا جب بینک کی طرف سے ری اسٹرکچرنگ کی درخواست موصول ہوئی تھی۔,"तथापि, पैकेज के त्वरित कार्यान्वयन के लिए प्रोत्साहन के रूप में,अगर अनुमोदित पैकेज बैंक द्वारा आवेदन प्राप्त करने के 90 दिनों के भीतर कार्यान्वित किया जाता है तो आस्ति वर्गीकरण की स्थिति बैंक द्वारा पुनर्रचना का आवेदन प्राप्त करने के समय वाले स्तर पर पुनः स्थापित की जा सकती है।","हालांकि, यदि बैंक द्वारा प्राप्त प्राप्ति की तारीख से 90 दिनों के भीतर बैंक द्वारा पैकेज को तत्काल लागू करने के लिए प्रोत्साहित किया जाता है, तो संपत्ति प्रतिष्ठा की स्थिति को उस समय पर बहाल किया जा सकता है जब बैंक द्वारा संरचना की मांग"
Urdu,Hindi,کیا نجی سرمایہ جمع کرنے کی حرکیات لامحالہ طور پر چند ہاتھوں میں دولت کے ارتکاز کا سبب بنتی ہیں، یا کیا ترقی، مسابقت اور تکنیکی ترقی کی متوازن قوتیں عدم مساوات کو گھٹاتی ہیں؟,"क्या निजी पूँजी संचय की गतिशीलता अनिवार्य रूप से धन के संकेन्द्रण को कुछ ही लोगों तक सीमित कर देती है, या विकास, प्रतियोगिता, तथा तकनीकी प्रगति की प्रतिकारी शक्तियों के परिणामस्वरूप असमानता कम होने लगती है?","क्या निजी निवेश गतिविधियाँ शीघ्र ही धन की हड़प के लिए कारक होती हैं या क्या विकास, प्रतिस्पर्धा और तकनीकी विकास की समान शक्तियाँ असमानता को कम करती हैं?"
Urdu,Hindi,بہت زیادہ اتار چڑھاؤ پر قابو پانے اور توقعات باندھنے کے لیے یہ بازار میں مداخلت کرتا ہے۔,यह बाज़ार में अत्यधिक अस्थिरता को कम करने और स्फीति को अत्यधिक बढ़ने से रोकने के लिए हस्तक्षेप करता है।,बहुत अधिक उतार-चढ़ाव पर नियंत्रण पाने और अपेक्षाओं को बांधने के लिए यह बाजार में हस्तक्षेप करता है।
Urdu,Hindi,کیو2 کے لیے اعلیٰ تعدد کے ڈیٹا سے پتہ چلتا ہے کہ اقتصادی سرگرمی بدستور لچکدار ہے۔,दूसरी तिमाही के उच्च आवृत्ति आँकड़े दर्शाते हैं कि आर्थिक संचालन अब भी मजबूत है।,के लिए उच्च आवृत्ति डेटा से पता चलता है कि आर्थिक गतिविधि अभी भी चुस्त-दुरुस्त है।
Urdu,Hindi,کلاں معاشیات میں، عام طور پر موضوع ایک ملک ہوتا ہے اور کس طرح سارے بازار بڑے مظاہر کو پیدا کرنے کے لیے تعامل کرتے ہیں جسے ماہرین معاشیات مجموعی متغیرات کہتے ہیں۔‏,"समष्टि अर्थशास्त्र में, विषय विशिष्ट रूप से एक राष्ट्र होता है और इसके बाज़ार किस प्रकार से उन व्यापक घटनाओं को उत्पन्न करने में एक-दूसरे को प्रभावित करते हैं जिसे अर्थशास्त्री समग्र चर कहते हैं।","क्लासिक अर्थशास्त्र में, आम तौर पर एक देश का विषय होता है और सभी बाजार बड़े प्रदर्शन को उत्पन्न करने के लिए कैसे काम करते हैं जिसे अर्थशास्त्री कुल मुद्राएँ कहते हैं।"
Urdu,Hindi,سیالیت اس حد کی طرف اشارہ کرتی ہے جس تک مالیاتی اثاثوں کو مختصر نوٹس پر مکمل بازاری قدر کے قریب فروخت کیا جاسکتا ہے۔,चल निधि का अर्थ है किस हद तक अल्पकाल में पूरे बाजार भाव से बहुत कम अंतर पर वित्तीय संपत्ति बेची जा सकती है।,सायलिटी यह सीमा दर्शाती है जिस तक वित्तीय संपत्तियों को बाज़ार के मूल्य के करीब बेचा जा सकता है।
Urdu,Hindi,وسیع پیمانے پر، آمدنی کی شناخت کی پالیسی کسی بھی موضوعی التفات کے بجائے معروضی اور وصولی کے ریکارڈ پر مبنی ہونی چاہیے۔‏,"मोटे तौर पर, आय मान्यता की नीति व्यक्तिनिष्ठ कारणों पर आधारित होने के बजाय वस्तुनिष्ठ और वसूली के विवरण पर आधारित होनी चाहिए।","व्यापक रूप से, प्रविष्टि की पहचान नीति किसी भी विषयगत संबंध के बजाय व्यावहारिक और वितरण के रिकॉर्ड पर आधारित होनी चाहिए।‏"
